id	name	noun	level	max_hp	family	type	size	height	speed	undead	blood	bones	limbs	witherable	sympathy	muggable	sleepable	bcs	boss	boss_type	asg	melee	ranged	bolt	udf	bar_td	cle_td	emp_td	pal_td	ran_td	sor_td	wiz_td	mje_td	mne_td	mjs_td	mns_td	mnm_td	skin	skins	coins	boxes	gems	magic_items	blunt_required	special_other	url	picture	schema_version
agresh_bear	Agresh bear	bear	16	212	Bear	Quadruped	large	4	12	false	true	true		true	true	true		true	false		12N	96..168	91..108	91..108	125..164	48	48..54	48..56	42..48	48..54	42..53		48	48	45..51	45..51	48..54	an Agresh bear claw	true	true	false	false	false			https://gswiki.play.net/agresh_bear		3
agresh_troll_chieftain	Agresh troll chieftain	chieftain	20	250	Troll	Biped	large	9	14	false	true	true		true	true	false		true	false		12	75..195	76..113	76..113	126..133	67	75	75	72..75	75	71		67	67	75	75	60..67			true	true	true	true			https://gswiki.play.net/agresh_troll_chieftain		3
agresh_troll_scout	Agresh troll scout	scout	14	170	Troll	Biped	large	8	13	false	true	true		true	true	false		true	false		5	114..115	90..115	90..119	128	49	57	57	54..57	57	53	49	49	49	57	57	42..49			true	true	true	true			https://gswiki.play.net/agresh_troll_scout		3
agresh_troll_warrior	Agresh troll warrior	warrior	16	210	Troll	Biped	large	8	9	false	true	true		true	true	false		true	false		16	46..156	26..100	26..100	105..173	55	63	63	60..63	63	59	55	55..59	55..59	63	63	48..55			true	true	true	true			https://gswiki.play.net/agresh_troll_warrior		3
aivren	aivren	aivren	86	300	Aivren	Avian	medium		5	false	true	true	true	true	true	true		true	true	pack	8	300..400	263..404	263..404	473	320	338	332..341	289..301	301	354		367..373	367..373	320..332	320..332	271..319	an aivren gizzard	true	true	false	false	false			https://gswiki.play.net/aivren		3
albino_tomb_spider	albino tomb spider	spider	8	83	Arachnid	Arachnid	medium	2	10	false	true	false		true	false	true	true	true	false		1N	56..147	48..69	47..69	87..145	24	24	24	21..24	24	24		24	24	60..66	60..66	24	multi-faceted tomb spider eye	true	true	false	false	false			https://gswiki.play.net/albino_tomb_spider		3
algae_draped_merrow_oracle	algae-draped merrow oracle	oracle	115	500	Merrow	Biped			6	false								true	false		2	691..724	597..605	597..605	586..943					458										true	true	true	true			https://gswiki.play.net/algae-draped_merrow_oracle		3
amaranthine_kraken_tentacle	amaranthine kraken tentacle	tentacle	113	750	Kraken				3	false									false						608..887															true		true	true			https://gswiki.play.net/amaranthine_kraken_tentacle		3
ancient_ghoul_master	ancient ghoul master	master	21	180	Ghoul	Biped	medium	6	7	true	false	true		true		false	false	true	false		20	28..108	23..54	23..54			63	63		63			63	63	63	63	63			true	true	true	true			https://gswiki.play.net/ancient_ghoul_master		3
animated_slush	animated slush	slush	54	260	Elemental	Elemental	medium	5	10	false	false	false		false	true			true	false		1N	225..298	225..298	225..298		185..197	202..208	200..208	171..180	171..180	206..212		215..224	215..224		200	162..168									https://gswiki.play.net/animated_slush		3
arachne_acolyte	arachne acolyte	acolyte	23	190	Humanoid	Biped	medium	5	8	false	true	true		true	true	true	true	true	false		16	98..246	49..199	49..199	132..245	67	76..82	70..80	63..82	72..82	57	67..72	67..73	67..73	66..104	66..104	76..81			true	true	true	true			https://gswiki.play.net/arachne_acolyte		3
arachne_priest	arachne priest	priest	26	210	Humanoid	Biped	medium	5		false	true	true				true		true	false	miniboss	1N	179..261	160..238	180..238	205	92	102	96..104	85..95		106..115	107	107	107	101..104	101..104	111..118			true	true	true	true			https://gswiki.play.net/arachne_priest		3
arachne_servant	arachne servant	servant	21	240	Humanoid	Biped	medium	5	9	false	true	true		true	true	true	true	true	false		5	131..282	109..158	109..158	228..263		63..67	73..81	66..76	63..73	63..76		60..68	60..68	73..79	73..79	60..68			true	true	true	true			https://gswiki.play.net/arachne_servant		3
arch_wight	arch wight	wight	20	170	Wight	Biped	medium	4		true	false	true		true	true	true	false	true	false		10	59..165	38..70	38..70	73..163	66	57..66	60..68	57..66	54..63	60	60	60	60	57..66	57..66	57..60	a wight skin	true	true	true	true	true			https://gswiki.play.net/arch_wight		3
arctic_manticore	arctic manticore	manticore	29	340	Chimeric	Quadruped	large	3	6	false	true		true			false		true	false		7N	150..170	140..141	140..141	179		95		84..87	87	101			105	145..155	145..155	87	an arctic manticore mane	true	true	true	true	true			https://gswiki.play.net/arctic_manticore		3
arctic_puma	arctic puma	puma	15	135	Feline	Quadruped	small	3		false	true	true	true	true	true	true		true	false		1N	106..166	113..139	113..139	133..190	39..51	42..45	37..45	39..45	39..45	39..51		39..51	39..51	39..54	39..54	45..51	a white puma hide	true	true	false	false	false			https://gswiki.play.net/arctic_puma		3
arctic_titan	arctic titan	titan	36	399	Giant	Biped	huge	18	11	false		true	true	true	true	false	true	true	false		10	172..177	195	123..165	199..213		110	111	105..108	108	117		124	124	111	111	108	an arctic titan toe	true	true	true	true	true			https://gswiki.play.net/arctic_titan		3
arctic_wolverine	arctic wolverine	wolverine	24	210	Mustelid	Quadruped	small	2	5	false	true	true	true	true	true	true		true	false		10N	106..191	98..148	98..148	145..194	72	69..78	72..80	69..78	66..75	66..75		72	72	96	96	72	a wolverine tail	true	true						https://gswiki.play.net/arctic_wolverine		3
ash_guardian	ash guardian	guardian	87	238	Elemental	Biped	medium	8	4	false	false	false	true	true	true	true		true	false		16N	212..494	156..431	156..431	410..616		354	336..342	290..299	293..299	370..397		390	390	327..336	327..336	261..264			true	true	true	true		Guards any phoenix killed in the room as it attempts its rebirth	https://gswiki.play.net/ash_guardian		3
ash_hag	ash hag	hag	31	238	Witch	Biped	medium	4	6	false	true	true	true	true	true	true	true	true	true	miniboss	6N	150..240	139..169	139..169	181..280	110	117..123	109..118	99..108	90..99	119..128		135..141	135..141	118..126	118..126	115..124	a hag nose	true	true	true	true				https://gswiki.play.net/ash_hag		3
ashen_patrician_vampire	ashen patrician vampire	vampire	107	375	Humanoid	Biped	medium	6	6	true			true	true	true	true	false	true	false		8N	427..567	379..710	379..710	498..727	503..507	486..492	488	470..476	521	503..527		419..544	419..544		492				true	true	true	true			https://gswiki.play.net/ashen_patrician_vampire		3
athletic_dark_eyed_incubus	athletic dark-eyed incubus	incubus	68	240	Humanoid	Biped	medium	6		false	true	true	true	true	true	true		true	false		6N	219..504	161..333	161..333	410..692	243..249	277..286	276..285	239..248	239..248	310		303	303	273..306	273..306	198..207			true	true	true	true			https://gswiki.play.net/athletic_dark-eyed_incubus		3
baesrukha	baesrukha	baesrukha	42	238	Humanoid	Biped	medium	5		true	false	true		true	true	true	false	true	false		8N	118..303	172..195	172..195	157..330	140..153	158..165	158..167	135..144	135..138	162..179		173..188	173..188	161..168	161..168	143..152			true	true	true	true			https://gswiki.play.net/baesrukha		3
banded_rattlesnake	banded rattlesnake	rattlesnake	16	150	Reptilian	Ophidian	small	1	8	false	true	true		true	true	true		true	false		8N	130..176	127	127	153	42	48..54	48..56	42..51	48..54	45..54		42..48	42..48	66	66	45..54	a rattlesnake rattle, a two-tip rattlesnake rattle	true	true						https://gswiki.play.net/banded_rattlesnake		3
bandit	bandit				Humanoid	Biped				false								true	false																											https://gswiki.play.net/bandit		3
banshee	banshee	banshee	50	300	Ghost	Biped	medium	5	7	true	false	false	true	true	true	true	false		false		6N	199..415	210..384	210..384	325..417	179	279	193..202	166..175	157..166	204..213		214..215	214..215	193..202	193..202	228..234			true	true	true	true			https://gswiki.play.net/banshee		3
barbed_cavern_urchin	barbed cavern urchin	urchin	17	154	Urchin	Globoid	tiny	1	11	false	true	true		true	true	true		true	false			68..123	59..89	59..89	105..152		48..57	51..59	45..54	51..57	45..54		57	57	48..60	48..60	51..57			true		true				https://gswiki.play.net/barbed_cavern_urchin		3
barghest	barghest	barghest	35	262	Canine	Quadruped	medium	3	7	true	false	false	true	true	true	true	false	true	false		8N	129..250	123..190	123..190	160..272	109	121..130	121..130	96..105	99..108	122..128		125..134	125..134	146..155	146..155	102..105			true	false	false	false			https://gswiki.play.net/barghest		3
battle_worn_empyrean_captain	battle-worn empyrean captain	captain	120		Goliath					false			true					true	false																											https://gswiki.play.net/battle-worn_empyrean_captain		3
behemothic_gorefrost_golem	Behemothic gorefrost golem	golem	104	900	Golem	biped	huge	40		false			true	true	true	true	false	true	false		20N	217..568	187..365	187..365	765	428	428..444	426..428	382..392	376..396	454		457..490	457..490		428			false	true	true	true	true	false		https://gswiki.play.net/Behemothic_gorefrost_golem		
bent_being	bent being	being	82	300	Chimeric	Biped	large	7		false		true		true		true		true	false							315..345			253		354..390			390						true						https://gswiki.play.net/bent_being		3
big_ugly_kobold	big ugly kobold	kobold	2	50	Kobold	Biped	medium	4	15	false		true		true	true	true	true	true	false		1N	22..109	12..44	12..44	67..96		6	6	3..6	6	6		6	6	6	6	6	a kobold skin	true	true	true	true	true			https://gswiki.play.net/big_ugly_kobold		3
bighorn_sheep	bighorn sheep	sheep	18	165	Caprine	Quadruped	medium	3	10	false	false	true		true	true	true		true	false		11N	67..130	65..72	65..72	164	54	51..54	54..62	48..57	54..60	54		54	54	81	81	51..60	a bighorn sheepskin	true	true						https://gswiki.play.net/bighorn_sheep		3
black_bear	black bear	bear	16	210	Bear	Quadruped	large	3	14	false	true	true		true	true	true		true	false		8N	92..152	85..104	85..104	116..160	48..54	45..54	48..56	42..54	45..54	45..54		42	42	45..48	45..48	45..54	a bear hide	true	true						https://gswiki.play.net/black_bear		3
black_boar	black boar	boar	14	130	Suine	Quadruped	medium	3		false	true	true	true	true	true	true		true	false		1	56..124	53..73	53..73	86..134	42	42	38..46	39..48	42..48	42..48			36..42	42..48	42..48	39..48	a black boar hide	true	true						https://gswiki.play.net/black_boar		3
black_forest_ogre	black forest ogre	ogre	60	300	Ogre	Biped	large	10	7	false	true	true	true			true		true	true	miniboss	12N	226..382	237..334	229..334	281..322	205	214..231	231	185..194	179..193	231..234	246	246..247	246..247	219..224	219..224	190..198			true	true	true	true			https://gswiki.play.net/black_forest_ogre		3
black_forest_viper	black forest viper	viper	59	260	Reptilian	Ophidian	medium	1	6	false		true		true	true	true		true	false		8N	273..387	278..321	278..321	333	200..206	229..235	220..232	199..202	181..196	234..246	246	246	246	220..232	220..232	171..177	a viper fang	true	true	false	false	false		Dodging	https://gswiki.play.net/black_forest_viper		3
black_leopard	black leopard	leopard	15	138	Feline	Quadruped	medium	3	12	false	true	true		true	true	true		true	false		6N	85..151	75..100	75..100	107..146	45	39..51	45..53	39..48	45..51	42..51		39..45	39..45	42..57	42..57	42..51	a black leopard paw	true	true	false	false	false			https://gswiki.play.net/black_leopard		3
black_panther	black panther		17		Feline	Quadruped				false								true	false																											https://gswiki.play.net/black_panther		3
black_rolton	black rolton	rolton	1	28	Caprine	Quadruped	medium	3	15	false	true	true		true	true	true	true	true	false		1N	5..28	5	5	37..58	3	3	3	3	3	3	3	3	3	3	3	3	a rolton ear	true	true	false	false	false			https://gswiki.play.net/black_rolton		3
black_urgh	black urgh		4		Suine	Quadruped				false								true	false																			a black urgh hide	true							https://gswiki.play.net/black_urgh		3
black_winged_daggerbeak	black-winged daggerbeak	daggerbeak	1	28	Bird	Avian	small	1	19	false	true	true		true	true	false		true	false		1N	27	25	25	32	3	3	3	3	3	3		3	3	3	3	3	a daggerbeak wing	true	true						https://gswiki.play.net/black-winged_daggerbeak		3
blackened_decaying_tumbleweed	blackened decaying tumbleweed	tumbleweed	39	381	Tumbleweed	Plantlife	medium	3	7	true	false	false		true	false	true	false	true	false		12N	105..309	123..148	123..148	149..349		138..147	138..147	108..117	111..117	130..160		150	137..167	183..192	123..153	114..123	desiccated stem	true							https://gswiki.play.net/blackened_decaying_tumbleweed		3
blazing_red_phoenix	blazing red phoenix	phoenix	90	320	Elemental	Avian	large	6		false	false	false	true	true	true	true		true	false		12N	314..319	234..330	234..330	410		384..387	371..380	330..336	321..330	391..397			411		368	270..279			true		true			Flying	https://gswiki.play.net/blazing_red_phoenix		3
bloated_kiramon_broodtender	bloated kiramon broodtender	broodtender	112	500	Kiramon	Insect	large	8		false				true	true		false	true	false		14N		619..815	619..815	621..960		480..483	480	459..462	447..453								a thin broodtender tendril	true	true	false	true				https://gswiki.play.net/bloated_kiramon_broodtender		3
blood_eagle	blood eagle	eagle	7	120	Bird	Avian	large	2		false	true	true	true	true	true	false	true	true	false		1N	38	17	24	71		21	21	18..21	21	21		21	21	21	21	21	a blood red eagle feather	true	true		true				https://gswiki.play.net/blood_eagle		3
bloody_halfling_cannibal	bloody halfling cannibal	cannibal	101	377	Humanoid	biped	small	3	6	false	true		true	true	true	true		true	false		12	269..646	269..471	269..471	535..805	364..379	378..464	428	338..347	335..396	413..422		428..445	428..445		381			false	true	true	true	true	false		https://gswiki.play.net/Bloody_halfling_cannibal		
blubbery_humpbacked_merrow	blubbery humpbacked merrow	merrow	111	500	Merrow					false									false			593..598	571..573	571..573	646..818					458										true	true	true	true			https://gswiki.play.net/blubbery_humpbacked_merrow		3
bobcat	bobcat	bobcat	5	60	Feline	Quadruped	small	2	6	false	true	true		true	true	true		true	false		6N	26..65	27..33	27..33	60..93		15	15	12..15	15	15		15	15	39	39	15	a bobcat claw	true	true	false	false	false			https://gswiki.play.net/bobcat		3
bog_spectre	bog spectre	spectre	47	240	Ghost	Biped	medium	4		true	false	false	true	true	true	true	false	true	false		5	175..308	185..268	185..268	216..319	182	179..188	181..190	150..160	155..160	195..205		186..204	186..204	184..194	184..194	157..167			true	true	true	true			https://gswiki.play.net/bog_spectre		3
bog_troll	bog troll	troll	35	400	Troll	Biped	large	10	8	false	true	true	true	true	true	false	true	true	false			135..243	121..177	121..177	214		120	120	117..120	120	122..130		124	124	156..164	156..164	105..112	troll ear	true	true	true	true	true			https://gswiki.play.net/bog_troll		3
bog_wight	bog wight	wight	44	300	Wight	Biped	medium	4		true	false	true		true	true	true	false	true	true	miniboss	9	148..330	157..244	157..244	208..305	126..132	145..154	141..144	123..132	126..132	153..162		153..163	153..163	181..185	181..185	132..141			true	true	true	true			https://gswiki.play.net/bog_wight		3
bog_wraith	bog wraith	wraith	41	238	Wraith	Biped	medium	6		true	false	false	true	true	true	true	false	true	false			187..270	173..273	173..273	196		160..170	166..176	140..150	143..150	173..183				166..176	166..176	176..185			true	true	true	true			https://gswiki.play.net/bog_wraith		3
bone_golem	bone golem	golem	8	90	Golem	Biped	medium	5	8	true	false	true		false	false	true	false	true	false		12N	2..93	13..16	13..16	43..146	24..27	24	24	21..24	24	24	24	24	24	24	24	24	a golem bone	true	true	true	true	true			https://gswiki.play.net/bone_golem		3
bony_tenthsworn_occultist	bony tenthsworn occultist	occultist	59	238	Humanoid	Biped	small	4	12	false	true	true	true	true	true	true		true	false		2	307..472	324..363	324..363	256..305		261..264	244..262	227..236	223..233	264..277		273..290	273..290	253..263	253..263	199..207			true	true	true	true			https://gswiki.play.net/bony_tenthsworn_occultist		3
brackish_bilge_mass	brackish bilge mass	mass	104	327						false									false						663..766															true	true	true	true			https://gswiki.play.net/brackish_bilge_mass		3
branded_goliath_diviner	branded goliath diviner	diviner	115		Goliath					false			true	true			true	true	false																											https://gswiki.play.net/branded_goliath_diviner		3
brawny_gigas_shield-maiden	brawny gigas shield-maiden	shield-maiden	106	900	Gigas	biped	huge	30		false	true		true	true	true	true		true	false		17	272..770	247..565	247..565	490..878	377..380	387..476	411..455	362..371	311..356	428..438		452..462	452..462	390..408	390..408			false	true	true	true	true	false		https://gswiki.play.net/Brawny_gigas_shield-maiden		
bresnahanini_rolton	bresnahanini rolton	rolton	3	44	Caprine	Quadruped	medium	3	13	false	true	true		true	true	true		true	false		5N	18..45	17	17	63..74		9	9	6..9	9	9		9	9	9	9	9	a rolton horn	true	true						https://gswiki.play.net/bresnahanini_rolton		3
bristly_black_tapir	bristly black tapir	tapir	29	253	Suine	Quadruped			10	false						true		true	false		10N	141..266	132..158	132..158	247					87..93	104		118..121	118..121		87		a bristly tapir snout	true	true	false	false	false			https://gswiki.play.net/bristly_black_tapir		3
brown_boar	brown boar	boar	14	130	Suine	Quadruped	medium	3		false	true	true	true	true	true	true		true	false		1N	55..124	50..67	50..67	86..140	42	39..42	36..45	36..45	42..48	39..48		42	42	42..48	42..48	39..42	a brown boar hide	true	true	false	false	false			https://gswiki.play.net/brown_boar		3
brown_gak	brown gak	gak	2	70	Bovine	Quadruped	large	4	12	false	true	true		true	true	true	true	true	false		6N	11..36	11	11	41..63	6	6	6	3..6	6	6	6	6	6	3..6	3..6	6	a brown gak hide	true	true						https://gswiki.play.net/brown_gak		3
brown_spinner	brown spinner	spinner	9	90	Arachnid	Arachnid	medium	2	8	false	true	false	true	true	false	true	true	true	false		1N	79..168	60..108	60	93..160		27	27	24..27	27	27		27	27	27	27	27	brown spinner leg	true	true	false	true	false			https://gswiki.play.net/brown_spinner		3
burly_goliath_engineer	burly goliath engineer	engineer	115		Goliath	Biped				false			true	true			true	true	false																											https://gswiki.play.net/burly_goliath_engineer		3
burly_reiver	burly reiver	reiver	24	269	Reiver	Biped	medium	6	12	false	true	true		true	true	false	true	true	false			99..114	76..103	76..103	133..138		72	72	69..72	72	72		72	72	72	72	72			true	true	true				https://gswiki.play.net/burly_reiver		3
cadaverous_tatterdemalion_ghast	cadaverous tatterdemalion ghast	ghast	101	325	Humanoid	Biped	medium	5	6	true			true	true	true	true	false	true	false		5	433..731	337..562	337..562	502..888		439	419..427	390..412	372..381	453									true	true	true	true			https://gswiki.play.net/cadaverous_tatterdemalion_ghast		3
caedera	caedera	caedera	82	600	Worm	Worm	large	3	10	false	true	false		true	true	true		true	false		12N	301..414	288..388	288..388	380..450		323	305..311	261..267	264	326..338		345..354	345..354	305..311	305..311	246..252	a caedera's	true	false	false	false	false			https://gswiki.play.net/caedera		3
carceris	carceris	carceris	25	204	Humanoid	Biped	medium	4	6	true	false	true	true	true	true		false	true	false		6	150..311	153..193	140..210	267..301	86	80..87	82..89	70..80	73..80	87..97		96..101	96..101	82..89	82..89	75..82			true	true	true	true			https://gswiki.play.net/carceris		3
caribou	caribou	caribou	32	370	Deer	Quadruped	large	5	7	false	true	true	true	true	true	true		true	false			165..229	150..195	150..195	250	96	89..98	91..102	96..105	93..99	95..113		100..110	100..110	99..108	99..108	96..99	a pair of caribou antlers	true	true						https://gswiki.play.net/caribou		3
carrion_worm	carrion worm	worm	1	28	Worm	Worm	medium	1		false	true	false		true	true	true		true	false		1N	15..71	5..26	25	71	3	3	3	3	3	3		3	3	3	3	3	worm skin	true	true						https://gswiki.play.net/carrion_worm		3
cave_bear	cave bear	bear	21	260	Bear	Quadruped	large	4	18	false	true	true	true	true	true	true	true	true	false		12N	101..163	62..112	62..112	174		60..69	55..66		60..69	63..69		57..63	57..63	57..66	57..66	63	bear claw	true	true	false	false	false			https://gswiki.play.net/cave_bear		3
cave_gnoll	cave gnoll	gnoll	3	60	Gnoll	Biped	medium	3	15	false	true	true		true	true	false		true	false		7	11..37	9	9	44		9	9	6..9		9		9	9	6..9	6..9	9			true	true	true	true			https://gswiki.play.net/cave_gnoll		3
cave_gnome	cave gnome	gnome	2	50	Humanoid	Biped	small	3	15	false	true	true	true	true	true	false		true	false			0..94	7..10	7..10	37..61		6	6	3..6	6	6		6	6	6	6	6	a gnome scalp	true	true	true	true	true			https://gswiki.play.net/cave_gnome		3
cave_lizard	cave lizard	lizard	18	167	Reptilian	Quadruped	small	1	10	false	true	true	true	true	true	true		true	false		16N	109..209	81..150	81..150	122..189	54	54..60	54..62	51..60	51..60	48..57		51..57	51..57	51..60	51..60	48..57	a stone-grey lizard tail	true	true	false	true	false			https://gswiki.play.net/cave_lizard		3
cave_nipper	cave nipper	nipper	3	42	Reptilian	Quadruped	medium	1	8	false	true	true		true	true	false	true	true	false			26..33	20..30	20..30	45		9	9	6..9	9	9		9	9	6..9	6..9	9	a cave nipper's	true	true						https://gswiki.play.net/cave_nipper		3
cave_troll	cave troll	troll	16	150	Troll	Biped	medium	10	16	false	true	true		true	true	false		true	false		11N	84..105	75..121	75..121	102..121		63	63	60..63	63	59		55..63	55..63	63	63	48..55	a troll skin	true	true	true	true	true			https://gswiki.play.net/cave_troll		3
cave_worm	cave worm	worm	10	100	Worm	Worm	large	3	11	false	true	false		true	false	true		true	false		12N	63..146	50..81	50..81	76..137		30	30	27..30	30	30		30	30	30	30	30			true	false	false	false			https://gswiki.play.net/cave_worm		3
centaur	centaur	centaur	23	265	Centaur	Hybrid	large	7	10	false	true	true	true	true	true	true	true	true	true	miniboss	10	113..233	80..197	80..197	131..251	69..75	66..75	69..77	66..75	66..75	66..75		63..72	63..72	162	162	66..75	a centaur hide	true	true	true	true	true			https://gswiki.play.net/centaur		3
centaur_ranger	centaur ranger		25	300	Centaur	Hybrid	large	7		false			true	true	true	true	true	true	false		13	108	102..126	102..122	139	66..75	70..79	75..81	65..74	65..71	78		82..85	82..85		72	80..86	a centaur ranger hide	true	true	true	true	true			https://gswiki.play.net/centaur_ranger		3
chitinous_kiramon_myrmidon	chitinous kiramon myrmidon	myrmidon	102	500	Kiramon	Insect	large	7	10	false			true	true	true	true		true	false		20N		225..474	225..474	669..1030		402..408	420	360..369	366..375			448..454	448..454				some glossy kiramon chitin	true	true	false	true				https://gswiki.play.net/chitinous_kiramon_myrmidon		3
cinder_wasp	cinder wasp	wasp	46	260	Wasp	Insect	small	1	6	false	true	false	true	true	false	false	true	true	false		8N	197..247	206..255	206..255	273	203	218	217	191..198	198	226		235..236	235..236	225..228	225..228	198	a shimmering wasp wing	true	true						https://gswiki.play.net/cinder_wasp		3
cinereous_chthonian_sybil	cinereous chthonian sybil		120	3004						false				true				true	false			711	547..711	547..711																						https://gswiki.play.net/cinereous_chthonian_sybil		3
cloud_sprite_bully	cloud sprite bully	bully	32	302	Fey	Biped				false						true		true	false		12	190..267	208..219	208..219	202..308					90..96	113		131	131		96				true	true	true	true		Nonenchanted equipment immunity	https://gswiki.play.net/cloud_sprite_bully		3
cloud_sprite_meddler	cloud sprite meddler	meddler	27	220	Fey	Biped				false						true		true	false		8N	156..248	140..177	140..177	225					78..87	104			121		87				true	true	true	true			https://gswiki.play.net/cloud_sprite_meddler		3
cobra	cobra	cobra	4	51	Reptilian	Ophidian	small	1	8	false	true	true		true	true	false		true	false		5N	21..37	23..33	23..33	21	12	12	12	9..12	12	12		12	12	27	27	12	a cobra's	true	true						https://gswiki.play.net/cobra		3
cockatrice	cockatrice	cockatrice	6	69	Basilisk	Hybrid	medium	3	10	false		true		true	true	true	true	true	false		1	38..114	26..64	26..64	85..138		18	18	15..18	18	18		18	18	57	57	18	a cockatrice feather	true	true	true	true	true			https://gswiki.play.net/cockatrice		3
coconut_crab	coconut crab	crab	2	32	Crab	Crustacean	small	1		false	true	false	true	true	true	false		true	false			37	34	34	44		6	3..6	3..6	6	6		6	6	3..6	3..6	6			true		true	true			https://gswiki.play.net/coconut_crab		3
cold_guardian	cold guardian	guardian	34	240	Elemental	Elemental	medium	6	8	false	true	false	true	false	true	false	true	true	false		7N	160..170	137..163	137..163	204		116	111..117	99..102	102	123		129	129	145..155	145..155	102			true	true	true	true			https://gswiki.play.net/cold_guardian		3
colossal_boreal_undansormr	Colossal boreal undansormr	undansormr	111	900	Worm	Worm	huge	45	10	false	true			true	true	true		true	false			504..813	399..620	399..620	627..798	460	498..504	488..519	469..478	466..469	531..534		557..572	551..557						true				false		https://gswiki.play.net/Colossal_boreal_undansormr		
colossus_vulture	colossus vulture	vulture	34	390	Bird	Avian	large		8	false	true	true	true	true	true	true		true	false		8N	163..212	165..183	150..183	207..248	93..102	100..106	107..114	102..111	99..108	113..122		119	119	146..155	146..155	93..102	a ruff of vulture feathers	true	true	false	false	false			https://gswiki.play.net/colossus_vulture		3
cook_s_assistant	cook's assistant		28	252	Humanoid	Biped				false								true	false					167				123			144				123	123										https://gswiki.play.net/cook's_assistant		3
corpulent_kresh_ravager	corpulent kresh ravager	ravager	106	750	Kiramon	Insect	huge	18		false			true	true	true			true	false		8N		451..622	451..622	757..1071		418..427	463	390..393	381..384			463	463				a glittering kresh foreclaw	true	true	false	true				https://gswiki.play.net/corpulent_kresh_ravager		3
cougar	cougar	cougar	22	195	Feline	Quadruped	medium	3		false	true	true	true	true	true	true		true	true	pack		139..239	64..176	64..176	147..195	66	60..80	66..85	62..72	63..69	63..72		60..66	60..66	146..155	146..155	63..72	a cougar tail	true	true						https://gswiki.play.net/cougar		3
coyote	coyote	coyote	5	60	Canine	Quadruped	medium	3	6	false	true	true	true	true	true	true		true	false		8N	7..54	12..22	12..22	53..83	15	15	15	12..15	15	15		15	15	57	57	15	a coyote tail	true	true	false	false	false			https://gswiki.play.net/coyote		3
crackling_lightning_fiend	crackling lightning fiend	fiend	79	265	Elemental	Elemental	medium	6		false		false		true	true	true		true	false		6N	276..521	241..385	241..385	319..573		319..327	314..324	276..286	274..281	330..360		379	352..382	319..327	306..336	276			true	true	true	true			https://gswiki.play.net/crackling_lightning_fiend		3
crazed_canine	crazed canine	canine	10	100	Canine	Quadruped	medium	3	6	false	true	true	true	true	true	true		true	false		6N	52..87	37..49	37..49	62..97		30	30	27..30	30	30		30	30	30..33	30..33	30	a rotted canine	true	true	false	false	false			https://gswiki.play.net/crazed_canine		3
crazed_zombie	crazed zombie	zombie	23	262	Zombie	Biped	medium	5		true	false	true		true	true	true	false	true	true	pack	12N	93..150	91..132	91..132	114..211	69	67..76	72..80	66..75		68..74			77..83	100	100	63..72	a zombie scalp	true	true	true	true	true			https://gswiki.play.net/crazed_zombie		3
crested_basilisk	crested basilisk	basilisk	22	200	Basilisk	Hybrid	medium	3	8	false	true	true	true	true	true	true	true	true	true	pack	12N	100..198	111..145	111..145	149..216	66..72	66..78	68..76	63..78	66..72	64..73	72	72..78	72..78	68..107	68..107	66..72	a basilisk crest	true	true		true				https://gswiki.play.net/crested_basilisk		3
crocodile	crocodile	crocodile	9	92	Reptilian	Quadruped	medium	1	14	false	true	true	true	true	true	false		true	false		16N	45..81	31..50	31..50	74..96	33	18..27	18..27	18..27	18..27	18..27		18..27	18..27	27..48	27..48	18..27	a crocodile snout	true	true	false	false	false			https://gswiki.play.net/crocodile		3
crystal_crab	crystal crab	crab	8	94	Crab	Crustacean	small	1		false	true	false		true		true		true	false		9N	38..81	31..44	31..44	66..99	24	24	24	21..24	24	24		24	24		18..24	24	a faceted crystal crab shell	true	true		true	true			https://gswiki.play.net/crystal_crab		3
crystal_golem	crystal golem	golem	12	140	Golem	Biped	large	9	11	false	false	false		false	false	true	false	true	false		14N	53..130	49..67	49..67	78..158		33..36		33..36	36..39	30..42		30..42	30..42	33..42	33..42	36..39			true	true	true	true			https://gswiki.play.net/crystal_golem		3
csetairi	csetairi	csetairi	81	240	Csetairi	Hybrid	large	6		false	true		true	true	true		true	true	false		5N	357..545	269..385	269..385	409..497	292..300	327..337	322..332	296..306	284..294	341..349		360..365	360..365	322..332	322..332	310..319			true	true	true	true			https://gswiki.play.net/csetairi		3
cyclops	cyclops	cyclops	27	319	Humanoid	Biped	huge	15	12	false	true	true	true	true	true	true		true	false		11	179..265	129..168	129..168	216..264	84	78..84	81..89	75..84	78..84	75..84	84	81..84	81..84	75..84	75..84	81..87	a cyclops eye	true	true	true	true	true			https://gswiki.play.net/cyclops		3
dark_apparition	dark apparition	apparition	5	65	Ghost	Biped	medium	5	8	true	false	false	true	true	true	false	false		false		1N	-15..54	-21..-10	-21..-10	1..59	15	15	15	12..15	15	15	15	15	15	15	15	15			true	true	true	true			https://gswiki.play.net/dark_apparition		3
dark_frosty_plant	dark frosty plant	plant	45	400	Plant	Plantlife	medium	3	3..6	true	false	false		true	false	true	false	true	false			83..259	119..143	119..143	203..375		183..186	180..186	155..158	158..167	186..195		201	201	177..186	177..186	135..144	frosted branch	true							https://gswiki.play.net/dark_frosty_plant		3
dark_orc	dark orc	orc	12	150	Orc	Biped	medium	7	12	false	true	true	true	true		true		true	false		14	69..157	26..70	26..70	108..192	36	36	32..36		36	33..42		33..36	33..36	36..42	36..42	36..39	an orc ear	true	true	true	true	true			https://gswiki.play.net/dark_orc		3
dark_panther	dark panther	panther	22	196	Feline	Quadruped	medium	3	10	false	true	true		true	true	true		true	false		8N	122..181	112..123	112..123	187..204		63..72	68..76	60..66	60..66	70..76			72	99	99	66	dark panther pelt	true	true						https://gswiki.play.net/dark_panther		3
dark_shambler	dark shambler	shambler	17	218	Humanoid	Biped	medium	5	9	false	true	true	true	true	true	false	true	true	false		10	115..238	41..140	41..140	145..235	51	51	51	48..51	51	51	51	51	51	51..54	51..54	49..51	a glistening black eye	true	true	true	true	true			https://gswiki.play.net/dark_shambler		3
dark_vortece	dark vortece	vortece	42	300	Vortece	Globoid	medium	5	7	false	false	false		false	false	false		true	true	pack		24..141									159		158													https://gswiki.play.net/dark_vortece		3
dark_vysan	dark vysan	vysan	3	62	Vysan	Biped	small	4	12	false	true	true		true	true	false		true	false		1N	22	17	17	50	9	9	9	6..9	9	9	9	9	9	6..9	6..9	9			true	true	true	false			https://gswiki.play.net/dark_vysan		3
darken	darken	darken	28	300	Ghost	Biped	medium	5		true						true	false	true	false		8N	127			162..176	87	97				97			101		93				true	true	true				https://gswiki.play.net/darken		3
darkly_inked_fetish_master	darkly inked fetish master	master	104	238	Humanoid	biped	small	4	7	false			true	true	true	true		true	false				439..613	388	505..783	411	452..461	443..449	407..410	405..407		495	507..510	449..510						true		true	true			https://gswiki.play.net/darkly_inked_fetish_master		3
darkwoode	darkwoode	darkwoode	13	119	Tree	Plantlife	large	8	8	true	false	false		true	true	false	false	true	false		7N	54..142	49..98	49..98	78..175	39	39	39	36..39	39	39		39	39	39	39	39			true	true	true	true			https://gswiki.play.net/darkwoode		3
death_dirge	death dirge	dirge	9	95	Humanoid	Biped	medium	6	5	true	false	true		true	true	false	false	true	false		8N	-5..34	4..17	4..17	49..67	27	27	27	24..27	27	27	27	27	27	27	27	27	a dirge skin	true	true	true	true	true			https://gswiki.play.net/death_dirge		3
deathsworn_fanatic	deathsworn fanatic	fanatic	98	238	Humanoid	Biped	medium	6	8	false	true	true	true	true	true	true		true	false		1	402..612	336..578	336..578	447..618	405	451	440..443	392	392	452..455		466..476	466..476	453	453	364			true	true	true	true		Summon shambling lurks	https://gswiki.play.net/deathsworn_fanatic		3
decaying_citadel_guardsman	decaying citadel guardsman	guardsman	56	300	Humanoid	Biped	medium	6	8	true	false	true		true	true	true	false	true	false		16	197..436	181..292	181..292	288..469	168	183..192	184..193	168..197	177..180	188..197		216..218	216..218	181..187	181..187	168..177			true	true	true	true			https://gswiki.play.net/decaying_citadel_guardsman		3
deranged_sentry	deranged sentry	sentry	13	162	Humanoid	Biped	medium	4	10	false	true	true		true	true	true		true	false		11	97..196	72..96	72..96	113..224	39..42	33..42	39..47	30..39	39..45	33..45		39..45	39..45	36..45	36..45	33..45			true	true	true	true			https://gswiki.play.net/deranged_sentry		3
desiccated_half_krolvin_strigoi	desiccated half-krolvin strigoi	strigoi	61	300	Humanoid	Biped	medium	6		true	false	true	true	true	true	true	false	true	false			348..353	170..272	170..272	383..508		222..225	222..225	180..189	183	227..236				260	260	177..183			true	true	true	true			https://gswiki.play.net/desiccated_half-krolvin_strigoi		3
dhu_goleras	dhu goleras	goleras	78	240	Goleras	Hybrid	small	5		false	true	true	true	true	true	true		true	true	miniboss	10	338..395	274..292	274..292	360..433	302..314	312..336	325..331	276..288	282..291	329..350	365	353..365	353..365	307..331	307..331	262..271			true	true	true	true			https://gswiki.play.net/dhu_goleras		3
direbear	direbear	direbear	65	400	Bear	Quadruped	large	4		false		true	true	true	true	true		true	false		16	162..357	158..283	158..283	208..446	234..240	306	305	281..284	272						255	245..248	direbear fang	true	true	false	false	false			https://gswiki.play.net/direbear		3
disfigured_hive_thrall	disfigured hive thrall	thrall	104	377	Humanoid	Biped	medium	5		false			true	true	true	true		true	false		6		376..501	376..501	587..896		400..409	424	366..375	369..378			469..475	469..475						true	true	true	true			https://gswiki.play.net/disfigured_hive_thrall		3
dobrem	dobrem	dobrem	28	242	Canine	Quadruped	medium	3		false		true		true		true		true	true	pack		140..195	128..153	128..154	172	84	84	76..84	84	84	84	84	84	84	84	84	84	a dobrem snout	true	true	false	false	false			https://gswiki.play.net/dobrem		3
dreadnought_raptor	dreadnought raptor	raptor	43	260	Bird	Avian	large		8	false	true	true	true	true	true	true		true	true	pack	8N	194..229	214	214	240..272	122..131	142..151	138..147	129..138	129..135	144..153				144		126..132	raptor feathers	true	true						https://gswiki.play.net/dreadnought_raptor		3
dust_beetle	dust beetle		36		Beetle	Insect				false								true	false																			a dust beetle shell	true							https://gswiki.play.net/dust_beetle		3
dybbuk	dybbuk	dybbuk	48	400	Chimeric	Hybrid	large	8	12	true	false	true		true	true	true	false	true	true	miniboss		194..339	158..259	158..259	254..284	155..161	176..185	169..181	146..149	134..158	179..194		195..196	195..196	237	237	144..147			true	true	true				https://gswiki.play.net/dybbuk		3
earth_elemental	earth elemental	elemental	82	400	Elemental	Elemental	huge	10	10	false	false	false	true	false	true	true		true	false		20N	102..293	146..274	146..274	421..662		333	312..315	277..286	268..274	366..375		369	369			246..252			true	false	true	false			https://gswiki.play.net/earth_elemental		3
ebon_swine	ebon swine	swine		131	Suine	Quadruped	medium	3	15	false	true	true	true	true	true			true	false			67	67	67	87..140		39..48	21..51	36..45	42..48	36..45				36..48	36..48	42			true						https://gswiki.play.net/ebon_swine		3
eidolon	eidolon	eidolon	55	240	Eidolon	Biped	large	9		true	false	false	true	true	true	true	false		false		1N	281..410	282..389	282..389	364..452	179..209	234..240	213..224	190..200	204..207	245..254		244	217..252	248	248	211..218			true	true	true				https://gswiki.play.net/eidolon		3
elder_ghoul_master	elder ghoul master	master	18	160	Ghoul	Biped	medium	6	7	true	false	true		true		false	false	true	false		12	148	33..59	33..59	118		54	54		54			54	54	45..54	45..54	54	a ghoul master claw	true	true	true	true	true			https://gswiki.play.net/elder_ghoul_master		3
elder_tree_spirit	elder tree spirit	spirit	30	350	Tree	Plantlife	huge	12		true	false	false		true	true	true	false		false		11N	61..162	51..105	51..105	97	99	109..115	108..117	90..99	87..96	109..115			120	129..138	129..138	84..90			true	true	true	true			https://gswiki.play.net/elder_tree_spirit		3
emaciated_hierophant	emaciated hierophant	hierophant	66	240	Humanoid	Biped	medium	5		false	true	true	true	true	true	true		true	false		12N	325..443	293	293	313..484	234..244	276	249..272	225..234	225	274..280			288	262..272	262..272	250			true	true	true	true			https://gswiki.play.net/emaciated_hierophant		3
enormous_mosquito	enormous mosquito	mosquito	22	214		Insect			10	false			true			true		true	false		8N	108..140	103..112	103..112	262..300					63..66	70		72	72		68		diaphanous mosquito wing	true	true	false	false	false			https://gswiki.play.net/enormous_mosquito		3
enormous_rift_crawler	enormous rift crawler	crawler	103	400	Worm	Worm	huge	4	6	false				true	true	true		true	false		12N	483	321..485	321..485	434..536	388..397	422..425	423	360..363	366	420..429		451..460	442..460		406		a jagged rift crawler tooth	true	true	true	true	true			https://gswiki.play.net/enormous_rift_crawler		3
ethereal_mage_apprentice	ethereal mage apprentice	apprentice	54	240	Ghost	Biped	medium	6	10	true	false	false	true	true	true	true	false	true	false			218..446	189..353	189..353	276..416		217..226	224..234	205..208	187..195	243..252		269..398	269..398	282	282	176..185			true	true	true	true			https://gswiki.play.net/ethereal_mage_apprentice		3
ethereal_triton_psionicist	ethereal triton psionicist	psionicist	103	238	Triton	Biped	medium	6	8	true				true	true	true	false	true	true	miniboss	11N	204..501	240..408	240..408	406..542		463	440..447	380	415	447..480		404	485..498	348..398	435..457				true	true	true	true			https://gswiki.play.net/ethereal_triton_psionicist		3
ethereal_triton_sentry	ethereal triton sentry	sentry	103	238	Triton	Biped	medium	6		true			true	true	true	true	false	true	false				364..483	364..483	382..648		440..450	432..442	379..389	385..392										true	true	true	true			https://gswiki.play.net/ethereal_triton_sentry		3
eyeless_black_valravn	Eyeless black valravn	valravn	112	388	Bird	Avian	medium	5	6	true			true	true	true	true	false	true	false		1		400..727	400..727	846..1009		487..496	493	454..457	457	527							inky black valravn plume	true	true	true	true	true	false		https://gswiki.play.net/Eyeless_black_valravn		
fallen_crusader	fallen crusader	crusader	97	300	Ghost	Biped	medium	6		true		false	true	true	true	true	false	true	false		16	338..585	307..501	307..501	399..716	338..360	361..371	373..383	317..326	320..329	392		411	411	423..425	423..425	296..315			true	true	true	true			https://gswiki.play.net/fallen_crusader		3
fanged_goblin	fanged goblin	goblin	2	50	Goblin	Biped	small	3	10	false	true	true		true	true	true	true	true	false		7	-11..68	-26..4	-26..4	57..116	6	6	6	3..6	6	6		6	6	6	6	6	a goblin fang	true	true	true	true	true			https://gswiki.play.net/fanged_goblin		3
fanged_rodent	fanged rodent	rodent	1	28	Rodent	Quadruped	small	1	17	false	true	true		true	true	true	true	true	false		1	22..34	12..22	12..22	11..14	3	3	3	3	3	3	3	3	3	3	3	3	a rodent fang	true	true						https://gswiki.play.net/fanged_rodent		3
fanged_viper	fanged viper	viper	4	51	Reptilian	Ophidian	small	1	8	false	true	true		true	true	false		true	false		5N	31..37	33	33	51	12	12	12	9..12	12	12		12	12	12	12	12	a viper skin	true	true	false	false	false			https://gswiki.play.net/fanged_viper		3
farlook	farlook									false									false			220					317	317			288				317	317										https://gswiki.play.net/farlook		3
fenghai	fenghai	fenghai	23	190	Fey	Biped	medium	2	6	false	true	true	true	true	true	true		true	true	miniboss	1N	158..333	116..200	116..200	146..285	76	146..161	161..171	135..146	143..149	94..165		83..97	83..97	151..160	151..160	155..165	a fenghai fur	true	true	true	true	true			https://gswiki.play.net/fenghai		3
festering_taint	festering taint	taint	86	238	Humanoid	Biped	medium	6	4	false	true	true	true	true	true	true	true	true	false		8N	327..472	291..371	310..371	396..549	327	367	339..352	305..315	290..296	340..380		378..384	378..384	339..349	339..349	303..310			true	true	true	true			https://gswiki.play.net/festering_taint		3
fire_ant	fire ant	ant	1	28	Ant	Insect	small	1	15	false	true	false		true	false	false		true	false		6N	15..35	15..25	15..25	33	3	3	3	3..6	3	3	3	3	3	3	3	3	a fire ant pincer	true	true						https://gswiki.play.net/fire_ant		3
fire_cat	fire cat	cat	18	165	Feline	Quadruped	medium	4	9	false	true	true	true	true	true	true		true	false		6N	83..155	76..111	76..111	116..175	54	48..57	54..58	51..60	51..60	48..60	54	54	54	51..60	51..60	48..57	a fire cat claw	true	true						https://gswiki.play.net/fire_cat		3
fire_elemental	fire elemental	elemental	60	260	Elemental	Elemental	medium	6	12	false	false	false		false	true			true	false		10N	276..446	263..300	263..300	341..346		237	234..260	212..215	200..209	248..260				263	263	200									https://gswiki.play.net/fire_elemental		3
fire_giant	fire giant	giant	36	508	Giant	Biped	huge	21		false	true	true	true	true	true	true	true	true	false		16N	103	108..142	106..142	275..342	116	129..137	124..133	105..114	106..113	125..142		142..145	142..145	152	152	115..123	a fire giant mane	true	true	true	true				https://gswiki.play.net/fire_giant		3
fire_guardian	fire guardian	guardian	16	141	Elemental	Biped	medium	6	16	false	false	false		false	true	false		true	false		7N	37..51	27..37	27..37	60..67		48	48	45..48	48	48		48	48	48	48	48			true	true	true	true			https://gswiki.play.net/fire_guardian		3
fire_mage	fire mage	mage	71	238	Humanoid	Biped	medium	5		false	true	true	true	true	true	true		true	true	miniboss	6N	233..400	256..380	256..380	302..482	251..285	296..306	292..302	253..263	251..260	316..328		333..345	333..345	292..311	292..311	233..243			true	true	true	true			https://gswiki.play.net/fire_mage		3
fire_ogre	fire ogre	ogre	28	225	Ogre	Biped	huge	10		false	false	true		true	true	true	true	true	false		17N	102..205	92..126	102..126	178..281	101..115	95..105	101..109	74..83	82..89	104..111		113..137	113..137	114..124	114..124	86..95	ogre tooth	true	true	true	true				https://gswiki.play.net/fire_ogre		3
fire_rat	fire rat	rat	16	148	Rodent	Quadruped	small	2	12	false	true	true	true	true	true	true		true	false		8N	72..115	69..101	69..101	78..121	42	45..54	40..51	45..48	42..48	42..54		42..48	42..48	48..54	48..54	48..54	a fire rat tail	true	true						https://gswiki.play.net/fire_rat		3
fire_salamander	fire salamander	salamander	3	44	Amphibian	Quadruped	medium	1	11	false	true	true		true	true	false		true	false		1N	36..59	35..55	35..55	49		9	9	6..9	9	9		9	9	9	9	9	a salamander skin	true	true						https://gswiki.play.net/fire_salamander		3
fire_sprite	fire sprite	sprite	64	240	Fey	Biped	tiny			false	false	true		true	true	true		true	false		1N	327..403	271..316	274..316	340..477		252..261	261..268	213..221	216..225	268..275			290	256..287	256..287	214..215			true	true	true				https://gswiki.play.net/fire_sprite		3
firebird	firebird	firebird	85	400	Bird	Avian	large	6	6	false	true	true	true	true	true	true		true	false		12N	212..443	195..384	195..384	360..578		341..344	328..337	298..307	298..307	359..368		378	378		333	255..258	a red firebird feather	true	true		true			Flying	https://gswiki.play.net/firebird		3
firephantom	firephantom	firephantom	6	73	Elemental	Biped	medium	5	6	true	false	false	true	true	true	false	false		false		1N	-69..7	-75..-61	-75..-61	1..13	18	18	18	15..18	18	18		18	18	48	48	18			true	true	true	true			https://gswiki.play.net/firephantom		3
firethorn_shoot	firethorn shoot	shoot	44	260	Plant	Plantlife	medium	4	7	false	true	false		true	false	false	true	true	false		8N	172..224	184..232	184..232	238		159	158	131..134	134	167		176..177	176..177	158	158	132	a pulsating firethorn shoot	true	true		true				https://gswiki.play.net/firethorn_shoot		3
flayed_gigas_disciple	flayed gigas disciple	disciple	113	600	Gigas	Biped	huge	30	6	false			true	true	true	true		true	false				520..625	520..625	537..718			504		454			405..525	405..525						true	true	true	true			https://gswiki.play.net/flayed_gigas_disciple		3
flesh_golem	flesh golem	golem	50	400	Golem	Biped	large	9	10	true	false	true	true	false	false	true	false	true	true	pack		87..341	125..241	125..241	218..442	169	185..194	183..213	156..165	156..159	194..203		183..211	183..211	183..248	183..248	150..159			true	true	true	true			https://gswiki.play.net/flesh_golem		3
flickering_mist_wreathed_banshee	flickering mist-wreathed banshee	banshee	102	302	Ghost	Biped	medium	5	6	true			true	true	true	true	false	true	false		1N	390..583	370..520	370..520	320..583	464..494	497	484	452..459	455..467	487..517		409..419	409..419						true	true	true	true			https://gswiki.play.net/flickering_mist-wreathed_banshee		3
forest_bendith	forest bendith	bendith	40	400	Fey	Biped	small	3	7	false	true	true		true	true	true		true	false		12N	134..290	151..199	151..199	183..330	136..148	149..152	152..161	127..136	127..130	160..166		167..171	167..171	152..161	152..161	120..129			true	true	true				https://gswiki.play.net/forest_bendith		3
forest_ogre	forest ogre	ogre	17	219	Ogre	Biped	large	9	8	false	true	true		true	true	true		true	false		17	81..175	64..96	64..96	128..192	45..51	51..57	51..59	45..54	51..57	51		51	51	51..57	51..57	45..54	an ogre tusk	true	true	true	true	true			https://gswiki.play.net/forest_ogre		3
forest_trali	forest trali	trali	44	300	Trali	Biped	medium	6		false		true	true	true	true	true		true	false		9	185..337	187..286	187..286	238..403	132..141	142..151	144..153	126..132	123..132	153..159			168	170	170	123..132	a trali hide	true	true	true	true	true			https://gswiki.play.net/forest_trali		3
forest_trali_shaman	forest trali shaman	shaman	46	238	Trali	Biped	medium	6		false	true	true		true	true	true		true	false	miniboss	9	197..318	186..275	186..275	301..374	149..172	162..171	164..170	145..155	145..155	171..193		198..200	198..200	170..183	170..183	163..166	a trali scalp	true	true	true	true	true			https://gswiki.play.net/forest_trali_shaman		3
forest_troll	forest troll	troll	14	190	Troll	Biped	large	9	14	false	true	true	true	true	true	false	true	true	false		various	45..151	33..100	33..100	99..117	49	57	57	54..57	57	53		42..49	42..49	42..63	42..63	42..49	a troll hide	true	true	true	true	true		Troll Regeneration	https://gswiki.play.net/forest_troll		3
frenzied_monk	frenzied monk	monk	27	220	Humanoid	Biped	medium	5		true	false	true		true		true	false	true	true	pack	6	174..250	140..182	140..210	197..269	96..107	104	105..113	86..95	86..105	112..120			115..126	105..115	105..115	75..84			true	true	true	true			https://gswiki.play.net/frenzied_monk		3
frost_giant	frost giant	giant	38	400	Giant	Biped	huge	15		false	true	true	true	true	true	true	true	true	false		12N	147..287	125..201	125..201	195..329	109	130..137	131..138	111..121	111..127	134..151		145..151	145..151	138..146	138..146	117..126	a giant toe	true	true	true	true	true			https://gswiki.play.net/frost_giant		3
frozen_corpse	frozen corpse	corpse	42	299	Zombie	Biped	medium	5	12	true	false	true	true	true	true	true	false	true	true	miniboss		181..278	221..254	221..254	239..272	123	143..152	142..151	123..126	123..135	148..151		153..168	153..168	186	186	123..129	scalp	true	true	true	true	true			https://gswiki.play.net/frozen_corpse		3
fulminating_stormborn_primordial	fulminating stormborn primordial	primordial	109	327	Elemental					false									false		1	900..921			543..1023						518			523		470				true	true	true	true			https://gswiki.play.net/fulminating_stormborn_primordial		3
garish_revenant_buccaneer	garish revenant buccaneer	buccaneer	108	300	Humanoid					true							false		false						560..767															true	true	true	true			https://gswiki.play.net/garish_revenant_buccaneer		3
gaudy_phantasmic_conjurer	gaudy phantasmic conjurer	conjurer	106	325	Ghost	Biped	medium	5	7	true			true	true	true	true	false	true	false		1N	527..735	531..754	531..754	376..657	544..574	561	561	521..527	521..524	558		476	476						true	true	true	true			https://gswiki.play.net/gaudy_phantasmic_conjurer		3
gaunt_feral_selkie	gaunt feral selkie	selkie	57	259	Fey	Biped	medium	6		false	true	true	true	true	true	true		true	false			246..472	264	264	350..511		259..269	252..261	226..235	220..227	272..281		279..282	279..282	251..261	251..261	210..215			true	true	true	true		Transformation	https://gswiki.play.net/gaunt_feral_selkie		3
gaunt_spectral_servant	gaunt spectral servant	servant	44	240	Ghost	Biped	medium	6		true	false	false	true	true	true	true	false	true	false			174..269	189..232	189..232	268..303		201..211	211..217	190..193	193	222		435..560	435..560	217..227	217..227	150..157			true	true	true	true			https://gswiki.play.net/gaunt_spectral_servant		3
ghost	ghost	ghost	2	51	Ghost	Biped	medium	5		true	false	false	true	true	true	false	false		false		1N	-13..-2	-23..-13	-23..-13	48	6	6	6	6	6	6		6	6	6	6	6			true	true	true	true			https://gswiki.play.net/ghost		3
ghost_wolf	ghost wolf	wolf	16	150	Canine	Quadruped	medium	3	5	true	false	false	true	true	true	false	false		false		1N	76..101	73..84	73..84	104..117	48	48	48	45..48	48	48	48	48	48	48..60	48..60	48			true	false	false	false			https://gswiki.play.net/ghost_wolf		3
ghostly_mara	ghostly mara	mara	32	238	Ghost	Biped	medium	5		true	false	false	true	true	true	true	false		false		7	139..271	138..200	138..200	177..319	111	113..122	114..123	95..105	89..99	121..127	125	127..131	127..131	104..117	104..117	99..109			true	true	true	true			https://gswiki.play.net/ghostly_mara		3
ghostly_pooka	ghostly pooka	pooka	33	262	Equine	Quadruped	large	5	11	true	false	false	true	true	true	true	false	true	true	pack		113..268	107..142	107..142	189..329		100..109	110..117	96..106	96..106	119..128		134	134	148	148	99..105			true	true	true	false			https://gswiki.play.net/ghostly_pooka		3
ghostly_warrior	ghostly warrior	warrior	18	212	Ghost	Biped	medium	6		true	false	false	true	true	true	true	false		false		various	90..152	85..147	85..147	127..170		48..60	54	51..60	51..60	51..54		48..60	48..60	54..57	54..57	48..54			true	true	true	true		Dispel sanctuaries	https://gswiki.play.net/ghostly_warrior		3
ghoul_master	ghoul master	master	16	145	Ghoul	Biped	large	7	8	true	false	true	true	true	true	false	false	true	false		14	41..151	49..59	49..59	211	48	48	48	45..48	48	48		48	48	48..60	48..60	48	a ghoul finger	true	true	true	true	true			https://gswiki.play.net/ghoul_master		3
giant_albino_scorpion	giant albino scorpion	scorpion	24	212	Arachnid	Arachnid	medium	1	7	false	true	false		true		true	true	true	true	pack	12N	138..219	133..172	133..172	140..220	72	68..74	73..76	66..75	66..72	79..85		78..82	78..82	76..99	76..99	72	a scorpion stinger	true	true	false	false	false			https://gswiki.play.net/giant_albino_scorpion		3
giant_albino_tomb_spider	giant albino tomb spider	spider	30	350	Arachnid	Arachnid	large	3	8	false	true	false		true		true		true	false		12N		100	93	132..226		99	101	87..90		102..105				98..101	98..101	90	a sheer white spider mandible	true	false	false	false	false			https://gswiki.play.net/giant_albino_tomb_spider		3
giant_ant	giant ant	ant	1	29	Ant	Insect	small	1	15	false		false	true	true	false	false	true	true	false		5N	17..47	23..33	23..33	30..42		3..6	3..6	0..6	3	3..6		3	3	3..6	3..6	3	an ant pincer	true	true	false	false	false			https://gswiki.play.net/giant_ant		3
giant_fog_beetle	giant fog beetle	beetle	32	260	Beetle	Insect	large	2	9	false		false	true	true	false	true		true	true	pack	12N	90..239	85..141	85..141	210..288	97	108..111	109..118	87..96	96..99	114		114..119	114..119	109..115	109..115	93..96	a fog beetle carapace	true	true	false	false	false			https://gswiki.play.net/giant_fog_beetle		3
giant_hawk_owl	giant hawk-owl	hawk-owl	28	242	Bird	Avian	large		7	false	true	true	true	true	true	true	true	true	false		8N	164..189	98..166	98..166	192..217	84..87	78..90	80..90	78..87	81..90	84..87		87..97	87..97	78..90	78..90	78..87	a tufted hawk-owl ear	true	true	false	false	false			https://gswiki.play.net/giant_hawk-owl		3
giant_marmot	giant marmot	marmot	10	150	Rodent	Quadruped	medium	1	12	false	true	true		true	true	true		true	false		8N	88..117	78..84	78..84	76..102	30	30	30	27..30	30	30		30	30	45	45	30	a marmot pelt	true	true	false	false	false			https://gswiki.play.net/giant_marmot		3
giant_rat	giant rat	rat	1	28	Rodent	Quadruped	small	1		false	true	true		true	true	true		true	false		1N	12..34	12..22	12..22	22..32	3	3	3	3	3	3	3	3	3	3	3	3	rat pelt	true	true	false	false	false			https://gswiki.play.net/giant_rat		3
giant_veaba	giant veaba	veaba	17	160	Veaba	Crustacean	medium	1	8	false	true	false		true	false	true	true	true	false		12N	137..337	132..152	132..152	258..318	51	75..81	75	72..75	72..81	45..51		51..78	51..78	75..78	75..78	75	a veaba claw	true	true	false	false	false			https://gswiki.play.net/giant_veaba		3
giant_weasel	giant weasel	weasel	14	130	Mustelid	Quadruped	medium	2	7	false	true	true	true	true	true	true		true	false		6N	113..153	102..122	102..122	136	42..48	36..45	42..50	36..45	42..48	36..45			42..48	68..69	68..69	39..48	a weasel pelt	true	true						https://gswiki.play.net/giant_weasel		3
gigantic_lightning_whelk	gigantic lightning whelk	whelk	107	500	Whelk				10	false									false		1				538..952						464			489		437				true		true	true			https://gswiki.play.net/gigantic_lightning_whelk		3
glacial_morph	glacial morph	morph	56	260	Elemental	Elemental	large	8	13	false	false	false		false	true			true	false		12N	224..472	189..299	189..299	289..466	188..194	204..222	205..208	181..190	178	221		232..245	232..245	178..208	178..208	168..177					false				https://gswiki.play.net/glacial_morph		3
glistening_cerebralite	glistening cerebralite	cerebralite	100	400	Cerebralite	Globoid	small	2		false	true	true		true	false	true	false	true	false		12N	339..473	299..479	299..479	401..531	381..398	440..450	434..439	380..390	368..376	442..446		403..455	403..455	423..425	423..425	320..327	a cerebralite tentacle	true	true	true	true	true			https://gswiki.play.net/glistening_cerebralite		3
gnarled_being	gnarled being	being	82	300	Chimeric	Biped	large	7		false		true		true		true		true	false		12N	509	339..364	339..364	381	315..335		335..341	294..297		354..390				392	392	276..285			true	true	true	true			https://gswiki.play.net/gnarled_being		3
gnoll_guard	gnoll guard	guard	17	126	Gnoll	Biped	small	3		false		true	true			true		true	false				84..86	84..86	223		48..51	32..51	48..54						51..57	51..57	51			true		true				https://gswiki.play.net/gnoll_guard		3
gnoll_jarl	gnoll jarl		25		Gnoll	Biped				false								true	false																											https://gswiki.play.net/gnoll_jarl		3
gnoll_miner	gnoll miner		10		Gnoll	Biped				false								true	false			84											30													https://gswiki.play.net/gnoll_miner		3
gnoll_priest	gnoll priest		20		Gnoll	Biped				false								true	false																											https://gswiki.play.net/gnoll_priest		3
gnoll_ranger	gnoll ranger	ranger	15	134	Gnoll	Biped	small	3	10	false		true	true	true	true	true	true	true	false		8	156..198	15..108	135	172		42..48	38..48	42..52	42..45	45		44..55	44..55	39..48	39..48	39..45			true	true	true	true		Foraging	https://gswiki.play.net/gnoll_ranger		3
gnoll_thief	gnoll thief	thief	13	160	Gnoll	Biped	small	3	7	false		true		true	true	true	true	true	false		6	176	67..100	67..109	197..202		39..45	31..39	36..45		45		33..45	33..45	33..39	33..39	36..45			true	true	true	true		Stealing	https://gswiki.play.net/gnoll_thief		3
gnoll_worker	gnoll worker	worker	10	130	Gnoll	Biped	small	3	7	false		true		true	true	true	true	true	false		6	124..159	42..95	42..95	83..158		30	30	27..30	30	30		30	30	30	30	30			true	true	true	true			https://gswiki.play.net/gnoll_worker		3
goblin	goblin	goblin	2	49	Goblin	Biped	small	3	10	false	true	true	true	true	true	true	true	true	false		5	44..68	-21..17	6	26..102	6	6	6	3..6	6	6		6	6	6	6	6	a goblin's	true	true	true	true	true			https://gswiki.play.net/goblin		3
great_boar	great boar	boar	10	100	Suine	Quadruped	medium	3	15	false	true	true		true	true	true		true	false		1N	31..79	10..29	10..29	63..113	30	30	30	27..30	30	30		30	30	45..54	45..54	30	a boar tusk	true	true	false	false	false			https://gswiki.play.net/great_boar		3
great_brown_bear	great brown bear	bear	14	190	Bear	Quadruped	large	4	14	false	true	true	true	true	true	true	true	true	false		8N	91..145	64..97	64..97	106..155		39..45	42..50	39..42	39..48	39..48		42..48	42..48	39..57	39..57	42	a brown bear skin	true	true	false	false	false			https://gswiki.play.net/great_brown_bear		3
great_stag	great stag	stag	13	123	Deer	Quadruped	medium	6	9	false	true	true		true	true	true		true	false		8N	71..142	67..93	67..93	106..141	39	33..42	39..47	36..45	33..39	36..45		33..39	33..39	36..39	36..39	39..45	antlers (special)	true	true	false	false	false			https://gswiki.play.net/great_stag		3
greater_bog_troll	greater bog troll	troll	39	400	Troll	Biped	large	11		false	true	true	true	true	true	false	true	true	true	miniboss		113..166	97	97..195	266..286		121	121	114..117	102..117	130		135..136	135..136	121..158	121..158	127..134	a cracked troll jawbone	true	true	true	true	true			https://gswiki.play.net/greater_bog_troll		3
greater_burrow_orc	greater burrow orc	orc	8	110	Orc	Biped	medium	6	11	false	true	true		true	true	true		true	false		8	49..121	28..45	28..45	61..129	24	24	24	21..24	24	24		24	24	24	24	24	an orc claw	true	true	true	true	true			https://gswiki.play.net/greater_burrow_orc		3
greater_construct	greater construct	construct	96	517	Golem	Biped	huge	18	9	false	false	false		false	false	true	false	true	true	miniboss	20N	219..499	192..387	192..387	456..487		366..387	358..379		326	398									true	true	true	true			https://gswiki.play.net/greater_construct		3
greater_earth_elemental	greater earth elemental	elemental	88	500	Elemental	Elemental	huge	12	10	false	false	false	true	false	true	true		true	false		20N	80..314	191..276	191..276	388..657	326..332	358	340..343	287..296	299..308	372		402..405	402..405	352..362	352..362	264..270			true		true				https://gswiki.play.net/greater_earth_elemental		3
greater_faeroth	greater faeroth	faeroth	50	300	Faeroth	Biped	large	7	10	false	true	true		true	true	true		true	true	miniboss	12N	269..472	164..274	164..274	243..375		175	173..182	147..153	147..153	175..193		194..195	194..195	164..184	164..184	147..150	a faeroth fang	true	true	false	false	false			https://gswiki.play.net/greater_faeroth		3
greater_fetid_corpse	greater fetid corpse	corpse			Zombie	Biped				true								true	false																											https://gswiki.play.net/greater_fetid_corpse		3
greater_ghoul	greater ghoul	ghoul	3	60	Ghoul	Biped	medium	5	15	true	false	true	true	true	true	false	false	true	false		1N	0..69	7..8	7..8	46..51	9	9	9	6..9	9	9	9	9	9	9	9	9	a ghoul scraping	true	true	true	true	true			https://gswiki.play.net/greater_ghoul		3
greater_ice_giant	greater ice giant	giant	46	400	Giant	Biped	huge	20		false	true	true	true	true	true	true		true	false			156..305	167..189	167..189	248..289	151..156	165..175	164..174	139..149	149..158	175..184		180..189	180..189	164..174	164..174	147..156	a giant scalp	true	true	true	true	true			https://gswiki.play.net/greater_ice_giant		3
greater_ice_spider	greater ice spider	spider	3	44	Arachnid	Arachnid	small	2		false	true	false		true	false	true		true	false		1N	12..91	13..31	13..31	56..121		9	9	6..9	9	9		9	9	9	9	9	a spider leg	true	true	false	false	false			https://gswiki.play.net/greater_ice_spider		3
greater_kappa	greater kappa	kappa	7	100	Reptilian	Biped	medium	4	10	false	true	true		true	true	false		true	false		1N	17..94	10	10..29	75..140	21	21	21	18..21	21	21		21	21	21	21	21	a kappa fin	true	true	true	true	true			https://gswiki.play.net/greater_kappa		3
greater_krynch	greater krynch	krynch	84	300	Krynch	Biped	medium	7	16	false	true	true	true	true	true	true		true	false		20N	217..438	213..271	213..271	450..653	306..315	341	323..332	279..282	288..294	345		364	364	360..366	360..366	258..264	luminescent silvery boulder opal	true	true	true	true	true			https://gswiki.play.net/greater_krynch		3
greater_moor_wight	greater moor wight	wight	39	238	Wight	Biped	medium	6	8	true	false	true	true	true	true	true	false	true	false		12N	150..315	163..250	163..250	241..372	133	152..164	155..164	133..142	132..142	162..171		158..167	158..167	145..155	145..155	119..128	a wight mane	true	true	true	true	true			https://gswiki.play.net/greater_moor_wight		3
greater_orc	greater orc	orc	8	112	Orc	Biped	medium	7	15	false	true	true		true	true	true		true	false		varies	55..177	46..83	46..83	69..155	24	24	24	21..24	24	24		24	24	24	24	24	an orc scalp	true	true	true	true	true			https://gswiki.play.net/greater_orc		3
greater_skayl	greater skayl	skayl	81	300	Elemental	Globoid	medium	4		false		false	true	false	true	true	false	true	false		16N	230..411	149..231	149..231	508		317..327	321..333	280..289	280..289	346..358			379	321..327	321..327	263..266									https://gswiki.play.net/greater_skayl		3
greater_spider	greater spider	spider	8	85	Arachnid	Arachnid	medium	3	10	false	true	false	true	true	false	true		true	false		1N	56..137	47..59	47..59	63..145	24	24	24	21..24	24	24		24	24	63	63	24	a spider leg	true	true	false	false	false			https://gswiki.play.net/greater_spider		3
greater_vruul	greater vruul		75	1000	Vruul	Biped				true								false	false												281				270			a vruul skin	true	true	true	true	true			https://gswiki.play.net/greater_vruul		3
greater_water_elemental	greater water elemental	elemental	105	399	Elemental	Elemental	large	12	8	false				false	true	true		true	false			348	314..538	314..538	517..809		516..526	343	451..461	432..440	534		591	591												https://gswiki.play.net/greater_water_elemental		3
greenwing_hornet	greenwing hornet	hornet	18	165	Wasp	Insect	small	1	5	false	true	false		true	false	false		true	false		8N	128..142	130	120..130	140		54	54	51..54		54		54	54	100	100	54	a hornet stinger	true	true	false	false	false			https://gswiki.play.net/greenwing_hornet		3
gremlock	gremlock	gremlock	84	300	Gremlin	Biped	medium	5	4	false	true	true	true	true	true	true	true	true	false		8N	339..614	319..451	302	388..727	297..306	332..341	326..335	282..294	282..288	338..357		361..364	361..364	347..351	347..351	264..273			true	true	true	true			https://gswiki.play.net/gremlock		3
grey_orc	grey orc	orc	14	127	Orc	Biped	medium	6		false		true		true	true	true	true	false	false			101..143	47..105	47..105	86..185	42	39..42	42..46	39..48	39..42	42..45	42	42..45	42..45	42	42	42..45	an orc beard	true	true	true	true	true			https://gswiki.play.net/grey_orc		3
grey_plumed_steelwing_harpy	grey-plumed steelwing harpy	harpy	111	300	Harpy					false									false		1										497			523		470				true	true	true	true			https://gswiki.play.net/grey-plumed_steelwing_harpy		3
grifflet	grifflet	grifflet	64	260	Griffin	Hybrid	large		9	false	true	true		true	true	true		true	false		12N	265	256..271	263..271	330		244	241..261	196..199		256				241	241	192..195	a grifflet pelt	true	true	false	true	false			https://gswiki.play.net/grifflet		3
grim_gigas_skald	Grim gigas skald	skald	105	600	Gigas	Biped	huge	28	6	false	true		true	true	true	true		true	false		6	423..775	416..557	416..557	479..731	430..443	452..498	449..464	413..423	381..414	486..496		513..522	513..522	381..461	381..461				true	true	true	true	false		https://gswiki.play.net/Grim_gigas_skald		
grimswarm	Grimswarm			900	Grimswarm	Biped				false								true	false																					true	false	false	true			https://gswiki.play.net/Grimswarm		3
grimswarm_giant_skirmisher	Grimswarm giant skirmisher	skirmisher			Giant	Biped			8	false								true	false																											https://gswiki.play.net/Grimswarm		3
grimswarm_orc_archer	Grimswarm orc archer	archer			Orc	Biped				false								true	false																											https://gswiki.play.net/Grimswarm		3
grimswarm_orc_hunter	Grimswarm orc hunter	hunter			Orc	Biped				false								true	false																											https://gswiki.play.net/Grimswarm		3
grimswarm_orc_pillager	Grimswarm orc pillager	pillager			Orc	Biped				false								true	false																											https://gswiki.play.net/Grimswarm		3
grimswarm_orc_raider	Grimswarm orc raider	raider			Orc	Biped				false								true	false																											https://gswiki.play.net/Grimswarm		3
grimswarm_orc_ranger	Grimswarm orc ranger	ranger			Orc	Biped				false								true	false																					true						https://gswiki.play.net/Grimswarm		3
grimswarm_orc_skirmisher	Grimswarm orc skirmisher	skirmisher			Orc	Biped				false								true	false								394			296										true						https://gswiki.play.net/Grimswarm		3
grimswarm_orc_sorceress	Grimswarm orc sorceress	sorceress			Orc	Biped				false								true	false																											https://gswiki.play.net/Grimswarm		3
grimswarm_troll_ranger	Grimswarm troll ranger	ranger			Troll	Biped			12	false								true	false																					true						https://gswiki.play.net/Grimswarm		3
grimswarm_troll_scourge	Grimswarm troll scourge	scourge			Troll	Biped				false								true	false																											https://gswiki.play.net/Grimswarm		3
grimswarm_troll_skirmisher	Grimswarm troll skirmisher	skirmisher			Troll	Biped				false								true	false																											https://gswiki.play.net/Grimswarm		3
grimswarm_troll_soldier	Grimswarm troll soldier	soldier			Troll	Biped				false								true	false																											https://gswiki.play.net/Grimswarm		3
grisly_corpse_hulk	grisly corpse hulk	hulk	55	400	Humanoid	Biped	large	8	10	true	false	true	true	true	true	true	false	true	false			148..424	193..276	193..276	304..469		175..184	184..207	157..167	156..166	187..197		197	197	249..255	249..255	168			true	true	true	true			https://gswiki.play.net/grisly_corpse_hulk		3
grizzly_bear	grizzly bear	bear	38	400	Bear	Quadruped	large	4	10	false	true	true		true	true	true		true	false			205..254	123..184	123..184	211..291	114	123..132	124..133	111..120	114..117	130..137		138	138	124..130	124..130	111..120	a grizzly bear hide	true	true						https://gswiki.play.net/grizzly_bear		3
grutik_savage	grutik savage	savage	27	298	Grutik	Biped	medium	5	11	false	true	true		true	true	true	true	true	false		5N	190..306	167..218	167..218	189..300	81	81..90	88..96	78..87	75..84	92	96	96	96	82..91	82..91	81..84			true	true	true	true			https://gswiki.play.net/grutik_savage		3
grutik_shaman	grutik shaman	shaman	29	235	Grutik	Biped	medium	5		false	true	true		true	true	true	true	true	false		5N	241..282	182..215	182..255	255..339	95	105..111	107..115	83..89	83..92	111..117	115	115	115	104..113	104..113	93..103			true	true	true	true			https://gswiki.play.net/grutik_shaman		3
haggard_veiki_herald	haggard veiki herald	herald	85	400	Giant	Biped	huge	13	12	false	true			true	true	true		true	false		8	353..507	350..465	350..465	485		359..364	368..376	325..328	322..329	366..396		400	385..415	359..364	364..374	313			true	true	true	true			https://gswiki.play.net/haggard_veiki_herald		3
hapless_charmed_corsair	hapless charmed corsair	corsair	105	375	Humanoid	Biped				false									false		12				564..892						424			448		386				true	true	true	true			https://gswiki.play.net/hapless_charmed_corsair		3
heavily_armored_battle_mastodon	heavily armored battle mastodon	mastodon	102	900	Elephantid	quadruped	huge	30	12	false	true		true	true	false	true		true	false		1	215..777	205..518	205..518	427..920	408..415	377..383	377..427	335..344	293..341	408..418		431..480	431..480	302..396	302..396		a woolly mastodon trunk	true	true	false	false		false		https://gswiki.play.net/Heavily_armored_battle_mastodon		
hill_troll	hill troll	troll	16	210	Troll	biped	large	9	13	false	true	true		true	true	false		true	true		various	111..234	108..189	108..189	128..130	55	63	63	60..63	63	59		55	55	63	63	48..55	a troll beard	true	true	true	true	true		Health regeneration	https://gswiki.play.net/hill_troll		3
hisskra_chieftain	hisskra chieftain	chieftain	34	300	Hisskra	Biped	medium	5	8	false	true	true	true	true	true	true	true	true	true	miniboss		152..330	147..171	147..171	266	105	116..125	117..124	99..102	102..111	123..132		123..132	123..132	117..126	117..126	102..108	hisskra crest	true	true	true	true	true			https://gswiki.play.net/hisskra_chieftain		3
hisskra_shaman	hisskra shaman	shaman	33	240	Hisskra	Biped	medium	5		false	true	true	true	true	true	true	true	true	true	miniboss		172..304	168..209	168..209	225	112	119	121..131	101..110	95..101	128..144		131..135	131..135	129..139	129..139	106..115	hisskra tooth	true	true	true	true	true			https://gswiki.play.net/hisskra_shaman		3
hisskra_warrior	hisskra warrior	warrior	30	300	Hisskra	Biped	medium	5	8	false	true	true	true	true	true	true	true	true	false			161..327	61..200	61..200	202..337	87..90	93..99	97..107	87..96	87..96	102..111		104..110	104..110	129..139	129..139	84..93	hisskra skin	true	true	true	true	true			https://gswiki.play.net/hisskra_warrior		3
hobgoblin	hobgoblin	hobgoblin	3	60	Goblin	Biped	medium	5	15	false	true	true	true	true		true		true	false			-6..93	-20..14	-20..14	34..111		9	9	6..9	9	9		9	9	27..34	27..34	9	a hobgoblin scalp	true	true	true	true	true			https://gswiki.play.net/hobgoblin		3
hobgoblin_acolyte	hobgoblin acolyte	acolyte	7	100	Goblin	Biped	medium	5	6	false	true	true		true	true	true		true	false		5	48..87	36	17..36	45..100		36..46	36	36..46	36..46	32..39		28	28..33	36..46	36..46	28..33	ear	true	true	true	true	true			https://gswiki.play.net/hobgoblin_acolyte		3
hobgoblin_shaman	hobgoblin shaman	shaman	7	80	Goblin	Biped	medium	5	6	false	true	true	true	true	true	true	true	true	false		5	24..92	19	19	31..86	24	18	18	15..18	18..28	20		19..20	19..20	18	18	28	a shaman ear	true	true	true	true	true			https://gswiki.play.net/hobgoblin_shaman		3
hooded_figure	hooded figure	figure	30	238	Humanoid	Biped	medium	6	7	false	true	true	true	true	true	false		true	false			140..300	116..244	116..244	150..279		131..141	136..146	112..122	111..114	118..160		136	136	131..134	131..134	122..129			true	true	true	true			https://gswiki.play.net/hooded_figure		3
horned_basalt_grotesque	horned basalt grotesque	grotesque	105	750	Golem	Biped	large	8		false				true	true		false	true	false		20N	294..607	247..448	247..448	481..693	490..520		471	439..442	521	483..504		476	487..522		471				true	true	true	true			https://gswiki.play.net/horned_basalt_grotesque		3
horned_vor_taz	horned vor'taz	vor'taz	48	400	Vor'taz	Biped	large	7		false	true	true	true	true	true	true		true	false		12N	196..309	146..247	146..247	287..428	160..183	174..199	182..192	156..166	156..166	194..202		204..208	204..208	182..192	182..192	153..162	a vor'taz horn, a shiny vor'taz horn	true	true	true	true	true			https://gswiki.play.net/horned_vor'taz		3
huge_air_elemental	huge air elemental	elemental	95	300	Elemental	Elemental				false								true	false		10		320..328	312			410	410							410	410						true				https://gswiki.play.net/huge_air_elemental		3
huge_earth_elemental	huge earth elemental	elemental	95	298	Elemental	Elemental				false								true	false		20		197..289	197..289		401	410	410		357					410	410				true		true				https://gswiki.play.net/huge_earth_elemental		3
huge_fire_elemental	huge fire elemental	elemental	99	300	Elemental	Elemental	huge	15		false								true	false		10		296..299	296..307		403	428	428							428	428						true				https://gswiki.play.net/huge_fire_elemental		3
huge_ice_elemental	huge ice elemental	elemental	95	300	Elemental	Elemental				false								true	false		10		299..363	299..363		485	400	400		348..357					400	400						true				https://gswiki.play.net/huge_ice_elemental		3
huge_jungle_toad	huge jungle toad	toad	25	300	Amphibian	Quadruped			12	false						true		true	false		10N	122..157	131..134	131..134	311..343						83		86..92	86..92		80		green jungle toad hide	true	true	false	false	false			https://gswiki.play.net/huge_jungle_toad		3
huge_lava_elemental	huge lava elemental	elemental	100	300	Elemental	Elemental	huge	15	7	false								true	false		10		285..361	285..361		406	428	428		352..387					428	428						true				https://gswiki.play.net/huge_lava_elemental		3
huge_lightning_elemental	huge lightning elemental	elemental	100	300	Elemental	Elemental	huge	15		false			false					true	false		10		280..358	280..358		406	431	431		362..372					431	431						true				https://gswiki.play.net/huge_lightning_elemental		3
huge_mein_golem	huge mein golem	golem	37	331	Golem	Biped	huge	10	10	false	false	false		false	false	true		true	false			133..151	78..161	78..161	215..352		129..132		108..117	111	133..142		143	143	124..130	124..130	111..114									https://gswiki.play.net/huge_mein_golem		3
huge_steam_elemental	huge steam elemental	elemental	99	300	Elemental	Elemental	huge	15		false								true	false		10		263..337	263..337		403	428	428		359..365					428	428						true				https://gswiki.play.net/huge_steam_elemental		3
huge_water_elemental	huge water elemental	elemental	95	300	Elemental	Elemental			8	false								true	false		10		292..361	292..361		370	400	400		344..354					400	400						true				https://gswiki.play.net/huge_water_elemental		3
hulking_forest_ape	hulking forest ape	ape	31	360	Primate	Quadruped				false						true		true	false		16N	111..260	124..154	124..154	210..290					90..99	117		135	135		96		a dark brown forest ape pelt	true	true	false	false	false			https://gswiki.play.net/hulking_forest_ape		3
humpbacked_puma	humpbacked puma	puma	15	140	Feline	Quadruped	medium	3	12	false	true	true	true	true	true	true	true	true	false		1N	125..181	93..131	93..131	147..197		42..45	45..53		45..51	45		45	45	45..51	45..51	45..51	a puma paw	true	true						https://gswiki.play.net/humpbacked_puma		3
hunch_backed_dogmatist	hunch-backed dogmatist	dogmatist	70	238	Humanoid	Biped	medium	4	14	false	true	true	true	true	true	true		true	false	miniboss	5N	331..378	261..270	261..270	354..463	268..277	281..397	283..293	247..257	247..256	315..322	315..322	315..322	315..322	277..293	277..293	271..280			true	true	true	true		Resurrect	https://gswiki.play.net/hunch-backed_dogmatist		3
hunter_troll	hunter troll	troll	30	300	Troll	Biped	large	9	9	false	true	true	true	true	true	false		true	false		16	86..115	53..87	53..87	171..190	90	90	90	87..90	90	90	90	90	90	90	90	90..100	a troll tongue	true	true	true	true	true			https://gswiki.play.net/hunter_troll		3
ice_elemental	ice elemental	elemental	63		Elemental	Elemental				false						true		true	false																											https://gswiki.play.net/ice_elemental		3
ice_golem	ice golem	golem	53	500	Golem	Biped	huge	21		false	false	false	true	false	true	true	true	true	false			154..233	160..234	160..234	266..274		203..209	207	173..179	167	207		210..219	210..219	195..211	195..211	159									https://gswiki.play.net/ice_golem		3
ice_hound	ice hound	hound	24	211	Canine	Quadruped	medium	3		false		true	true	true	true	false	true	true	false		8N	91..117	96..111	96..111	134..141		74	76	69..72		79		81	81	76	76	72	an ice hound ear	true	true						https://gswiki.play.net/ice_hound		3
ice_skeleton	ice skeleton		3		Humanoid	Biped				true								true	false																			a skeleton skull	true							https://gswiki.play.net/ice_skeleton		3
ice_troll	ice troll	troll	29	235	Troll	Biped	large	9	8	false		true	true	true	true	true	true	true	true	pack	16	152..280	134..179	134..179	181..285	86..91	105	94..104	84..94	81..84	101..112		104..109	104..109	122	122	87..90	an ice troll scalp	true	true	true	true	true			https://gswiki.play.net/ice_troll		3
ice_wraith	ice wraith	wraith	45	240	Wraith	Biped	medium	6	4	true	false	false	true	true	true	true	false		false			124..312	121..221	121..221	177..270		178..187	178..187	147..157	145..153	184..193		197..207	197..207	168..186	168..186	150..157			true	true	true	true			https://gswiki.play.net/ice_wraith		3
illoke_elder	Illoke elder	elder	86	600	Giant	Biped	huge	21	9	false	true	true	true	true	true	true		true	true	miniboss	16N	198..504	152..311	152..311	446..759		361..366	360..372	311..319	324..331	393		425	425	355..366	355..366	277..307			true	true	true	true			https://gswiki.play.net/illoke_elder		3
illoke_jarl	Illoke jarl	jarl	89	600	Giant	Biped	huge	23		false	true	true	true	true	true	true	true	true	false		16N	256..268	251..395	251..395	470..699	336	364..373	354..363	310..319	310..319	373..382		397	397	351..366	351..366	280..289			true	true	true	true			https://gswiki.play.net/illoke_jarl		3
illoke_mystic	Illoke mystic	mystic	62	600	Giant	Biped	huge	22	8	false	true	true	true	true	true	true	true	true	false		16N	234..345	99..165	99..165	215..407	229..234	244..251	237..246	220..225	204..211	259..269		273	273	277	277	200..210			true	true	true				https://gswiki.play.net/illoke_mystic		3
illoke_shaman	Illoke shaman	shaman	67	600	Giant	Biped	huge	22	9	false	true	true	true	true	true	true	true	true	false		16N	219..385	164..286	164..286	297..302	244..259	263..272	266..274	231..240	230..234	285..291		300..306	300..306	261..271	261..271	218..227			true	true	true				https://gswiki.play.net/illoke_shaman		3
ilvari_pixie	Ilvari pixie	pixie	74	240	Fey	Biped	small	3		false	false		true	true	true	true	true	true	false		5N	312	291..305	291..305	477		300..307	302..311	260..268	265	311..333		337	337	302..311	302..311	236			true	true	true				https://gswiki.play.net/ilvari_pixie		3
ilvari_sprite	Ilvari sprite	sprite	72	238	Fey	Biped	small	3		false			true	true	true	true	true	true	false		5N	341..440	250..445	250..445	413..519		295..304	294..303	251..260	266..269	300..315		319..338	319..338	294..303	294..303	235..241			true	true	true	true			https://gswiki.play.net/ilvari_sprite		3
immense_gold-bristled_hinterboar	immense gold-bristled hinterboar	hinterboar	102	600	Suine	quadruped	huge	25	10	false	true		true	true	true	true	true	true	false		1	236..752	294..498	294..498	538..884	402..409	399..452	404	366..375	360	431		454..469	454..469	405			golden hinterboar mane	true	true				false		https://gswiki.play.net/Immense_gold-bristled_hinterboar		
imposing_elk	imposing elk	elk		122	Deer	Quadruped	medium	6	9	false	true	true	true	true	true	true		true	false			93..138	90..93	90..93	103..141		39..45	17..47	36..45	39..45	36..45		33..39	33..39	39..45	39..45	39..45	antlers	true	true						https://gswiki.play.net/imposing_elk		3
infernal_death_knight	infernal death knight	knight	104	377	Humanoid	Biped	medium	7		true			true	true	true	true	false	true	false		19	369..632	353..463	353..463	409..715	426	417..426	411	365..408	503..506	425		342..350	342..350						true	true	true	true			https://gswiki.play.net/infernal_death_knight		3
iridescent_kiramon_shardmind	iridescent kiramon shardmind				Kiramon	Insect				false								true	false																											https://gswiki.play.net/iridescent_kiramon_shardmind		3
ithzir_adept	Ithzir adept	adept	96	240	Ithzir	Biped	medium	6	6	false	true	true	true	true	true	true		true	false		6	364..605	342..507	342..507	506..579	379..391	391..409	397..405	348..351	353..356	411..436		440..498	440..498	420	420	355..357			true	true	true	true			https://gswiki.play.net/ithzir_adept		3
ithzir_champion	Ithzir champion	champion	102	300	Ithzir	Biped	medium	6	4	false				true	true	true		true	false		17	304	268..468	268..468	476..826	406	440..445	409..440	387..390	371..381	453	466	466..521	466..521	440	440				true	true	true	true			https://gswiki.play.net/ithzir_champion		3
ithzir_herald	Ithzir herald	herald	92	238	Ithzir	Biped	medium	6		false	true		true	true	true	true	true	true	false		9	346..570	327..477	327..477	449..621	358..371	364..382	361..370	312..322	311..316	399..409		477	477	385	385	322..330			true	true	true	true			https://gswiki.play.net/ithzir_herald		3
ithzir_initiate	Ithzir initiate	initiate	91	240	Ithzir	Biped	medium	6	8	false	true		true	true	true	true	true	true	false		6	354..579	254..496	254..496	452..562	351..363	370..385	375..385	328..337	328	394..403		408..458	408..458	388..398	388..398	355..364			true	true	true	true			https://gswiki.play.net/ithzir_initiate		3
ithzir_janissary	Ithzir janissary	janissary	92	300	Ithzir	Biped	medium	6	7	false	true	true	true	true	true	true	true	true	false		16	207..490	160..397	160..397	431..485	299	337..346	338..344	275..284	299	353..368		376..436	376..436	408	408	291			true	true	true	true			https://gswiki.play.net/ithzir_janissary		3
ithzir_scout	Ithzir scout	scout	89	300	Ithzir	Biped	medium	6	6	false	true	true	true	true	true	true	true	true	false		12	303..552	291..444	291..444	405..512		335..344	325..363	284..293	284..291	339..363		368..429	368..429	373..378	373..378	273..279			true	true	true	true			https://gswiki.play.net/ithzir_scout		3
ithzir_seer	Ithzir seer	seer	97	238	Ithzir	Biped	medium	6	6	false	true	true	true	true	true	true		true	false		6	308..591	260..396	260..396	408..540	373..385	371..431	414..423	357..360	360..363	431..445		450..459	450..459	363..423	363..423	380..386			true	true	true	true			https://gswiki.play.net/ithzir_seer		3
jungle_feyling	jungle feyling	feyling	24	301	Fey	Biped				false			true			true		true	false		11	144..197	144..159	144..159	344..369					69..78	79		81..82	81..82		76				true	true	true	true			https://gswiki.play.net/jungle_feyling		3
jungle_troll	jungle troll	troll	26	310	Troll	Biped	large	9	7	false	true	true	true	true	true	false		true	false		12N	89..119	89..116	89..116	157		97	99	90..93	93	99		98	98	99	99	78..85	a troll knuckle	true	true	true	true	true			https://gswiki.play.net/jungle_troll		3
jungle_troll_chieftain	jungle troll chieftain	chieftain	30	350	Troll	Biped	large	10	7	false	true	true	true	true	true	false		true	false		12N	102..122	82..127	82..127	226..236	89	96..106	98..108	84..87	87..97	105..112		98..114	98..114	98..99	98..99	100..105	a scrap of troll skin	true	true	true	true	true			https://gswiki.play.net/jungle_troll_chieftain		3
kelp_tangled_coral_golem	kelp-tangled coral golem	golem	109	750	Golem	Biped			8	false								true	false			373..780	354..484	354..484	567..937					452			419	419						true	true	true	true			https://gswiki.play.net/kelp-tangled_coral_golem		3
ki_lin	ki-lin									false									false												117							a ki-lin horn	true							https://gswiki.play.net/ki-lin		3
kiramon_defender	kiramon defender	defender	46	300	Kiramon	Insect	medium	5	7	false	true	false		true	true	true		true	true	miniboss	12N	192..402	198..260	195..260	275..431	160..163	178..187	168..177	152..161	152..158	177..195			198..201	168..183	168..183	138..147	a kiramon tongue	true	true		true				https://gswiki.play.net/kiramon_defender		3
kiramon_worker	kiramon worker	worker	40	300	Kiramon	Insect	medium	5	8	false	true	false		true	true	true		true	true	pack	12N	223..343	217..229	170	185..363	123..135	142..148	142..151	117..126	120..126	141..150		158	154..157	142..177	142..177	120	a kiramon mandible	true	true	false	true	false			https://gswiki.play.net/kiramon_worker		3
kobold	kobold	kobold	1	40	Kobold	Biped	small	3	15	false	true	true	true	true	true	true	true	true	false			14..78	-7..47	-7..47	24..77	3	3	3	0..3	3	3		3	3	3..12	3..12		kobold skin	true	true	true	true	true			https://gswiki.play.net/kobold		3
kobold_shepherd	kobold shepherd	shepherd	3	53	Kobold	Biped	small	3		false		true		true	true	true		true	false		2	36..68	3..61	3..61	11..76		14..16	4..14	4..14	4	5..12		3..8	3..8	4..14	4..14	16	a kobold ear	true	true	true	true	true			https://gswiki.play.net/kobold_shepherd		3
krag_dweller	krag dweller	dweller	72	403	Dweller	Biped	large	9	12	false	false	true		true	true	true	false	true	false		20N	146..445	179..262	179..262	300..561	246..264	278..281	274..283	240..249	246..249	280..301		317	317	274..280	274..280	228			true						https://gswiki.play.net/krag_dweller		3
krag_yeti	krag yeti	yeti	70	400	Yeti	Biped	large	10		false	true	true		true	true	true	true	true	false		12N	265..526	258..350	258..350	357	210..262	270..276	272..278	227..230	230	280..289		293..302	293..302	266..274	266..274	204..213			true	true	true	true			https://gswiki.play.net/krag_yeti		3
krolvin_corsair	krolvin corsair	corsair	38	300	Krolvin	Biped	medium	5	8	false	true	true		true	true	true		true	true	miniboss		141..273	164..211	164..211	199..311	108..114	108..120	114..123	111..123	114..123	105..123		112..130	112..130	105..123	105..123	114..117			true	true	true	true			https://gswiki.play.net/krolvin_corsair		3
krolvin_mercenary	krolvin mercenary	mercenary	17	200	Krolvin	Biped	medium	5	10	false	true	true		true	true	true	true	true	false		11	109..224	91..140	91..140	127	51	45..57	51..59	48..57	45..51	51..57		51	51	51..57	51..57	51..57			true	true	true	true			https://gswiki.play.net/krolvin_mercenary		3
krolvin_slaver	krolvin slaver	slaver	36	240	Krolvin	Biped	medium	5		false	true	true		true	true	true		true	false			140..250	144..165	144..165	235..303	99..117	108..117	108..117	96..108	99..108	99..117		104..123	104..123	99..117	99..117	108..114			true	true	true	true			https://gswiki.play.net/krolvin_slaver		3
krolvin_warfarer	krolvin warfarer	warfarer	25	281	Krolvin	Biped	medium	5		false	true	true	true	true	true	true	true	true	true	miniboss		128..267	117..212	120..212	126	63..89	81..89	80..88	67..76	70..78	84..94		85..101	85..101	77..86	77..86	82..91			true	true	true	true			https://gswiki.play.net/krolvin_warfarer		3
krolvin_warrior	krolvin warrior	warrior	19	220	Krolvin	Biped	medium	5	9	false	true	true	true	true	true	true	true	true	true	pack	12	124..224	119..168	119..168	107..201	57	51..60	57..65	54..63	54..63	57..63		57..63	57..63	54..63	54..63	57..63			true	true	true	true			https://gswiki.play.net/krolvin_warrior		3
krynch	krynch	krynch	31	238	Krynch	Biped	medium	5		false	true	true		true	true	true	true	true	false		20N	71..209	71..98	71..98	172..293	87..102	104..113	96..105	93..102	93..99	104..113		115	106..124	99..108	99..108	93..99	a krynch shinbone	true	true	true	true	true			https://gswiki.play.net/krynch		3
large_black_cat	large black cat	cat	23		Feline	Quadruped				false								true	false																											https://gswiki.play.net/large_black_cat		3
large_ogre	large ogre	ogre	15	200	Ogre	Biped	large	9	9	false	true	true	true	true	true	true	true	true	false		location dependent	56..169	43..91	43..91	106..194	45	39..48	45..57	42..51	45..51	39..48	45	42..48	42..48	42..51	42..51	39..45	ogre tusk	true	true	true	true	true			https://gswiki.play.net/large_ogre		3
large_ring_tailed_lemur	large ring-tailed lemur		20	190	Primate	Quadruped			8	false						true		true	false		8N	162..219	105..136	105..136	338..400					60..66	61		62..63	62..63		60		lemur tail	true	true	true	true	true		Pickpocketing	https://gswiki.play.net/large_ring-tailed_lemur		3
large_thorned_shrub	large thorned shrub	shrub	48	400	Shrub	Plantlife	medium	3	6	true	false	false		true	false	true	false	true	false			149..604	124..214	124..214	199..404		176..185	175..184	140..149	149..152	182..189		196..202	196..202	166..183	166..183	144..153	bleached thorn	true							https://gswiki.play.net/large_thorned_shrub		3
lava_golem	lava golem	golem	56	500	Golem	Biped	huge	13	11	false	false	false	true	false	true	true		true	false		12N	205..470	105..232	105..232	187..296		204..213	248	184..190	178..187	221..233				200..208	200..208	180					true				https://gswiki.play.net/lava_golem		3
lava_troll	lava troll	troll	34	300	Troll	Biped	huge	11	4	false	false	false	true	true	true	true	true	true	true	miniboss	6N	102..260	98..173	98..173	156..292	105..111	110..119	111..120	102..111	102..111	123..132		129	129	117..126	117..126	102..111	a troll eye	true	true	true	true	true			https://gswiki.play.net/lava_troll		3
leaper	leaper	leaper	6	69	Leaper	Quadruped	medium	3	10	false	true	true		true	true	true		true	false		5N	12..29	9	9	63..80	18	18	18	15..18	18	18		18	18	18	18	18	a leaper hide	true	true						https://gswiki.play.net/leaper		3
lesser_burrow_orc	lesser burrow orc	orc	7	100	Orc	Biped	medium	6	15	false		true						true	false		6	42..119	34..45	34..45	60..126		21	-7..21	18..21	21	21		21	21	21	21	21	an orc claw	true	true	true	true	true			https://gswiki.play.net/lesser_burrow_orc		3
lesser_construct	lesser construct	construct	83	534	Golem	Biped	huge	17	9	false	false	false		false	false	true	false	true	false		19	176..510	160..328	160..328	391..640															true	true	true	true			https://gswiki.play.net/lesser_construct		3
lesser_faeroth	lesser faeroth	faeroth	46	300	Faeroth	Biped	large	6	6	false	true	true		true	true	true		true	true	pack	8N	472	205..258	210..258	254..421	143..153	158..167	154..160	129..138	135..144	166..187			175	157..166	157..166	129..138			true	false	false	false			https://gswiki.play.net/lesser_faeroth		3
lesser_frost_shade	lesser frost shade	shade	2	44	Ghost	Biped	medium	5	12	true	false	false		true	true	false	false		false		5	-17..-16	-18	-18	22		6	6	3..6	6	6		6	6	6	6	6			true	true	true	true			https://gswiki.play.net/lesser_frost_shade		3
lesser_ghoul	lesser ghoul	ghoul	1	40	Ghoul	Biped	medium	4	15	true	false	true		true	true	false	false	true	false		1N	-12..50	-13..49	-13..49	46	3	3	3	0..3	3	3	3	3	3	3..9	3..9	3			true	true	true	true			https://gswiki.play.net/lesser_ghoul		3
lesser_griffin	lesser griffin	griffin	69	400	Griffin	Hybrid	large	5	8	false	true	true	true	true	true	true		true	true	pack	12N	206..324	180..293	180..293	392	246	269..278	267..273	226..235	226	278..290		285..304	285..304			213..222	ruffed tawny griffin pelt	true	true	false	true	false			https://gswiki.play.net/lesser_griffin		3
lesser_ice_elemental	lesser ice elemental	elemental	53	400	Elemental	Elemental	large	5		false	false	false		false	true	true		true	false			262..386	256..292	256..302	327..416		204..214	203..204	181..191	163..168	216..223		216..240	216..240	203..211	203..211	187									https://gswiki.play.net/lesser_ice_elemental		3
lesser_ice_giant	lesser ice giant	giant	41	400	Giant	Biped	huge	15		false	true	true		true	true	true		true	false			180..322	184..339	184..339	239..373	133..136	146..152	146..152	120..129	123..132	154..160		162..165	162..165	137..155	137..155	114..123	a giant scalp	true	true	true	true	true			https://gswiki.play.net/lesser_ice_giant		3
lesser_minotaur	lesser minotaur	minotaur	74	300	Minotaur	Biped	medium	7		false	true	true	true	true	true	true	true	true	false		12	257..495	183..355	183..355	357..561	239..251	254..269	255..261	210..234	219..222	261..285		288..299	288..299	249..267	249..267	225..234	a minotaur hide	true	true	true	true	true			https://gswiki.play.net/lesser_minotaur		3
lesser_moor_wight	lesser moor wight	wight	37	238	Wight	Biped	medium	6		true	false	true		true	true	true	false	true	true	pack	12	138..268	123..186	123..186	235..352	110..115	100..119	110..120	108..118	117..121	119..128		119..134	119..134	120..129	120..129	108..116	wight skull	true	true	true	true	true			https://gswiki.play.net/lesser_moor_wight		3
lesser_mummy	lesser mummy	mummy	6	88	Humanoid	Biped	medium	5	18	true	false	true		true	true		false	true	false		8N	34..70	18..63	18..63	49..60	18	18	18		18			18	18	18	18	18	a mummy shroud	true	true	true	true	true			https://gswiki.play.net/lesser_mummy		3
lesser_orc	lesser orc	orc	6	88	Orc	Biped	medium	5	15	false	true	true		true	true	true	true	true	false			36..114	29..37	29..37	63..127	18	18	18	15..18	18	18		18	18	18	18	18	an orc hide	true	true	true	true	true			https://gswiki.play.net/lesser_orc		3
lesser_red_orc	lesser red orc	orc	7	100	Orc	Biped	medium	6	12	false	true	true		true	true	true		true	false		9	39..107	24..34	24..34	49..114	21	21	21	18..21	21	21		21	21	21	21	21	a red orc scalp	true	true	true	true	true			https://gswiki.play.net/lesser_red_orc		3
lesser_shade	lesser shade	shade	2	44	Ghost	Biped	medium	5		true	false	false	true	true	true	false	false		false		18	-17	-20	-20	17	6	6	6	3..6	6	6		6	6	6	6	6			true	true	true	true			https://gswiki.play.net/lesser_shade		3
lesser_stone_gargoyle	lesser stone gargoyle	gargoyle	27	323	Gargoyle	Biped	huge	13	8	false	true	false		false	true	false		true	false			72..130	83..88	83..88	140..206		87	88	78..81	81	92				88	88	81			true	true	true	true			https://gswiki.play.net/lesser_stone_gargoyle		3
lesser_vruul	lesser vruul	vruul	45	240	Vruul	Biped	medium	5	5	true	false	true	true	true	true		false	true	false			430	131..167	131..167			180..190	180..190	155..165	155..165	190..198				180..190	180..190	170..175	a vruul skin	true	true	true	true	true			https://gswiki.play.net/lesser_vruul		3
lesser_wood_sprite	lesser wood sprite	sprite	30	230	Fey	Biped	tiny	3		false	true	true	true			true		true	false		9N	190..286			195..316	55		140..150	110..120		74..82		49..109	49..109	111..117	111..117	117..125			true	true	true	true			https://gswiki.play.net/lesser_wood_sprite		3
lich	lich	lich	110	238	Humanoid	Biped				true						true	false	true	false			661		550	721	439				376..391	493															https://gswiki.play.net/lich		3
lich_qyn_arj	lich qyn'arj	qyn'arj	84	262	Reptilian	Hybrid	medium	4	8	true	false			true	true	true	false	true	false		6	290..447	283..331	283..331	379..564	333..336	350..359	353		318..324	368..377			391	353..359	353..359	305..311			true		true	true			https://gswiki.play.net/lich_qyn'arj		3
lithe_veiled_sentinel	lithe veiled sentinel	sentinel	96	300	Humanoid	Biped	medium	6		false	true	true	true	true	true	true	true	true	false		20	294..539	235..406	235..406	478..741		413..422	450..453	382..391	331..366	473		443..502	443..502	440..450	440..450	333..340			true	true	true	true			https://gswiki.play.net/lithe_veiled_sentinel		3
lost_soul	lost soul	soul	91	238	Ghost	Biped	medium	5	8	true	false	false	true	true	true	true	false	true	false		8N	270..520	236..409	236..409	360..630		407	419..428	370	329..332	379..442				430	430	321..327			true	true	true	true			https://gswiki.play.net/lost_soul		3
luminous_arachnid	luminous arachnid	arachnid	15	140	Arachnid	Arachnid	medium	2	6	false	true	false		true	false	true		true	false		12N	54..170	44..83	44..83	101..228	45	45..51	42..51	42..51	45..51	42..51			45	51..66	51..66	42..48			true	true	true	true			https://gswiki.play.net/luminous_arachnid		3
luminous_worm	luminous worm	worm	16	146	Worm	Worm	medium	1	9	false	true	false		true	false	true		true	false			62..98	46..82	46..82	73..122		45..54	42..48	45..54	48..54	48..51		51	51	48..63	48..63	42..51			true	true	true	true			https://gswiki.play.net/luminous_worm		3
magna_vereri	magna vereri	vereri	72	400	Ghost	Biped	medium	5	6	true	false	true		true	true	true	false	true	false		8N	320..549	314..402	314..402	372..601	290	301..310	297..306	263..269	254..263			328	328	254..306	254..306	213..222			true	true	true	true			https://gswiki.play.net/magna_vereri		3
magru	magru	magru	37	299	Globoid	Globoid	medium	3	7	false	false	false		true	false			true	false			107..119	98..125	98..125			129	130	108..111	111	136		143	143	130	130	111					true				https://gswiki.play.net/magru		3
major_glacei	major glacei	glacei	47	240	Elemental	Elemental	medium	5		false	false	false		false	true	true		true	false			120..265	145..180	145..180	179..324	172..211	180..196	173..189	158..167	160	191..200		206..212	206..212	177..186	177..186	155..165					true				https://gswiki.play.net/major_glacei		3
major_spider	major spider	spider	20	250	Arachnid	Arachnid	large	3	7	false	true	false	true	true	false	true	true	true	false		11N	60..227	46..167	46..167	73..225		57..66	57..66	54..63	57..66	55..61		62..65	62..65	60..73	60..73	54..60			true						https://gswiki.play.net/major_spider		3
mammoth_arachnid	mammoth arachnid	arachnid	30	350	Arachnid	Arachnid	large	5	8	false	true	false	true	true	false	true	true	true	false		12N	103..289	141..142	141..142	188	90..96	87..96	88..97	87..96	87..96	89..101		100..106	100..106	104..114	104..114	90	a mammoth arachnid mandible	true	true	false	false	false			https://gswiki.play.net/mammoth_arachnid		3
manticore	manticore	manticore	9	91	Chimeric	Quadruped	large	3	7	false	true	true		true	true	false		true	false		7N	35..40	23..30	23..27	74	27	27	27	24..27	27	27		27	27	27..30	27..30	27	a manticore tail	true	true	true	true	true			https://gswiki.play.net/manticore		3
martial_eagle	martial eagle	eagle	28	330	Bird	Avian	large	2		false	true	true						true	false		9N	147..172	139		167..178			93..101	81..90		97			101	93	93	81..90	a martial eagle talon	true	true	false	false	false			https://gswiki.play.net/martial_eagle		3
masked_goliath_plunderer	masked goliath plunderer	plunderer	115	450	Goliath	Biped				false			true	true			true	true	false																											https://gswiki.play.net/masked_goliath_plunderer		3
massive_black_boar	massive black boar	boar	59	400	Suine	Quadruped	large	4	9	false	true	true	true	true	true	true		true	false		12N	141..438	219..259	219..259	295..415	194..215	235	220..229	181..190	190..202	234..246		246..256	246..256	222..232	222..232	177..183	a heavy grey tusk	true	true	false	false	false			https://gswiki.play.net/massive_black_boar		3
massive_grahnk	massive grahnk	grahnk	20	315	Grahnk	Biped	large	9	10	false	true	true		true	true	true		true	true	pack	17	38..124	37..69	37..69	115..183	54..60	60	60..68	54..63	60..66	54..63		60	60	57..66	57..66	54..60			true	true	true	true			https://gswiki.play.net/massive_grahnk		3
massive_pyrothag	massive pyrothag	pyrothag	58	300	Pyrothag	Biped	large	10	8	false	true	true	true	true	true	true	false	true	false	miniboss	12N	466..492	179..233	179..233	336..417		231	213..228	189..208	177..186	229..238			241..244	219..228	191..219	174..180	a pyrothag hide	true	true	true	true	true			https://gswiki.play.net/massive_pyrothag		3
massive_troll_king	massive troll king	king	63	400	Troll	Biped	huge	11	9	false	true	true	true	true	true			false	false		12N	247..249	249	237	221..309	232	250	247	211..214	214	262		207..276	207..276	247	247	199	a massive troll king hide	true	true	true	true	true			https://gswiki.play.net/massive_troll_king		3
mastodonic_leopard	mastodonic leopard	leopard	44	400	Feline	Quadruped	large	3	8	false	true	true	true	true		true		true	true	pack	10N	168..252	201..211	201..205	273..313	135	140..149	148..157	129..138	126..135	157..163		158..166	158..166	139..148	139..148	132..138	a spotted leopard pelt	true	true						https://gswiki.play.net/mastodonic_leopard		3
maw_spore	maw spore	spore							8	false									false		6N		185	185							119			124		113										https://gswiki.play.net/maw_spore		3
mezic	mezic	mezic	33	240	Humanoid	Biped	small	4	9	false	true	true	true	true	true	true		true	false		5	209..305	214..237	214..237	209..290	110	99..114	111..117	92..102	103..113	113..132		124..130	124..130	134	134	105..113			true	true	true	true			https://gswiki.play.net/mezic		3
milky_eyed_drowned_mariner	milky-eyed drowned mariner	mariner	106	377	Humanoid					true							false		false						609..722															true	true	true	true			https://gswiki.play.net/milky-eyed_drowned_mariner		3
minor_glacei	minor glacei	glacei	42	238	Elemental	Elemental	medium	5	6	false	false	false		false	true	true		true	false			126..236	146..167	146..167	352	158	152..164	160..163	132..142	135..140	168..177		158..178	158..178	183	183	131..141					true				https://gswiki.play.net/minor_glacei		3
minotaur_magus	minotaur magus	magus	78	250	Minotaur	Biped	medium	8		false	true	true					true	true	false		11	349..421	236..376	236..376	446..482		303..304	289	256..262	249..259	268..327		327..335	327..335	299..301	299..301	266	a minotaur hoof	true	true	true	true	true			https://gswiki.play.net/minotaur_magus		3
minotaur_warrior	minotaur warrior	warrior	76	300	Minotaur	Biped	medium	8	8	false	true	true		true	true	true	true	true	false		12	187..489	178..338	178..338	379..660		274..280	260..263	219..228	228..237	273..294		297..300	297..300	299	299	222..228	a minotaur horn	true	true	true	true	true			https://gswiki.play.net/minotaur_warrior		3
mist_wraith	mist wraith	wraith	5	80	Wraith	Biped	medium	6	7	true	false	false	true	true	true	false	false		false		8N	-10..72	4	-11..4	1..77	15	15	15	12..15	15	15	15	15	15	12..15	12..15	15	mist wraith eye	true	true	true	true	true			https://gswiki.play.net/mist_wraith		3
mistydeep_siren	mistydeep siren	siren	2	43	Fey	Biped	medium	5		false	true	true	true	true	true	false	true	true	false		1	0..30	7	7..28	39	6	6	6	3..6	6	6		6	6	6	6	6			true	true	true	true			https://gswiki.play.net/mistydeep_siren		3
moaning_phantom	moaning phantom	phantom	2	44	Ghost	Biped	medium	4	8	true	false	false	true	true	true	false	false		false		1N	-26	-28	-28	1	6	6	6	3..6	6	6	6	6	6	6	6	6			true	true	true	true			https://gswiki.play.net/moaning_phantom		3
moaning_spirit	moaning spirit	spirit	28	225	Ghost	Biped	medium	5	12	true	false	false	true	true	true	false	false		false			150..188	94..188	94..188	153..165		91	93		84	97		100	100	93..101	93..101				true	true	true	true			https://gswiki.play.net/moaning_spirit		3
monastic_lich	monastic lich	lich	27	220	Humanoid	Biped	medium	5		true	false	true	true	true	true	true	false	true	false		2	210..272	135..190	220	261		89..117	123	92..102	89..99	106..126		120	120	115..121	115..121	81..87			true	true	true	true		Summon Ki-lin	https://gswiki.play.net/monastic_lich		3
mongrel_hobgoblin	mongrel hobgoblin	hobgoblin	5	80	Goblin	Biped	medium	5	15	false	true	true	true	true	true	true		true	false		8	10..72	1	1	52..113		15	15	12..15	15	15		15	15	36	36	15	a mongrel hobgoblin snout	true	true	true	true	true			https://gswiki.play.net/mongrel_hobgoblin		3
mongrel_kobold	mongrel kobold	kobold	4	69	Kobold	Biped	small	3	8	false	true	true	true	true	true	true		true	false		6N	28..97	15..60	15..60	61..126	12	12	12	9..12	12	12		12	12	3..12	3..12	12	mangy kobold scalp	true	true	true	true	true			https://gswiki.play.net/mongrel_kobold		3
mongrel_troll	mongrel troll	troll	16	190	Troll	Biped	large	9	8	false	true	true		true	true	false		true	false		11N	68..109	62..116	62..116	114..133	55	63	63	60..63	63	59		55	55	57..63	57..63	48..55	a chipped troll tusk	true	true	true	true	true			https://gswiki.play.net/mongrel_troll		3
mongrel_wolfhound	mongrel wolfhound	wolfhound	16	150	Canine	Quadruped	medium	3		false		true		true	true	true		true	false		8N	102..150	102..105	102..105	166	42..48	42	29..48						51	48	48	47..54	a yellowed canine	true	true	false	false	false			https://gswiki.play.net/mongrel_wolfhound		3
monkey	monkey	monkey	6	86	Primate	Biped	small	2	9	false	true	true	true	true	true	true		true	false		1	32..123	31..43	31..43	54..144	18	18	18	15..18	18	18		18	18	18..24	18..24	18	a monkey paw	true	true	true	true	true			https://gswiki.play.net/monkey		3
monstrous_direwolf	monstrous direwolf	direwolf	68	400	Canine	Quadruped	large	5		false		true	true	true	true	true		true	false		16N	205..355	165..294	165..294	337..497	240	312..321	329	280..283	271	272..284		298..303	298..303		267	266	Red eye	true	true	false	false	false			https://gswiki.play.net/monstrous_direwolf		3
moor_eagle	moor eagle	eagle	35	400	Bird	Avian	large	2	9	false	true	true		true	true	true	true	true	false			171..213	143..203	143..203	196..238	109	118..127	117..130	105..114	105..111	125..134		134	134	113..121	113..121	105..111	moor eagle talon	true	true	false	false	false			https://gswiki.play.net/moor_eagle		3
moor_hound	moor hound	hound	33	260	Canine	Quadruped	medium	3	8	false	true	true		true	true	true	true	true	true	pack		199..233	162..222	162..222	238..277	101	109..115	113..122	96..99	99..108	119		124..133	124..133	113	113	99..108	moor hound paw	true	true	false	false	false			https://gswiki.play.net/moor_hound		3
moor_witch	moor witch	witch	34	240	Witch	Biped	medium	5		false	true	true	true	true	true	true	true	true	true	miniboss	2	228..301	164..242	164..242	224..320	135	121..130	125..135	106..115	106..115	134..147		126..135	126..135	116..125	116..125	129..139			true	true	true	true			https://gswiki.play.net/moor_witch		3
mottled_thrak	mottled thrak		8		Reptilian	Quadruped				false								true	false																											https://gswiki.play.net/mottled_thrak		3
moulis	moulis	moulis	75	400	Plant	Plantlife	large	5		false	true	true	true	true	true	true		true	true	pack	12N	182..320	171..223	171..223	298..395	264..270	282..297	276..286	238..248	238..248	299..317		316..332	316..332	286..311	286..311	235..245			true	true	true	true			https://gswiki.play.net/moulis		3
mountain_goat	mountain goat	goat	17	219	Caprine	Quadruped	medium	3	9	false	true	true	true	true	true	true		true	false		10N	99..167	106..109	106..109	131..154	51	45..51	51..59	48..57	45..51	48..57		51	51	51..57	51..57	45..54	a goat hoof	true	true						https://gswiki.play.net/mountain_goat		3
mountain_lion	mountain lion	lion	18	165	Feline	Quadruped	medium	3	6	false	true	true	true	true	true	true	true	true	false		6N	107..189	75..133	75..133	125..184		54..60	54..62	48..57	51..57	48..57		54..60	54..60	54..60	54..60	51..57	a mountain lion's	true	true	false	false	false			https://gswiki.play.net/mountain_lion		3
mountain_ogre	mountain ogre	ogre	16	210	Ogre	Biped	large	8	11	false	true	true	true	true	true	true		true	false		various	109..201	90..136	90..136	125..230	48	42..51	48..56	45..48	45..54	45..54		48	48	45..54	45..54	48..54	an ogre nose	true	true	true	true	true			https://gswiki.play.net/mountain_ogre		3
mountain_rolton	mountain rolton	rolton	1	28	Caprine	Quadruped	medium	3	15	false	true	true		true	true	true	true	true	false		1N	7..28	-5..5	5	26..47		3	3	3	3	3		3	3	3	3	3	rolton eye	true	true	false	false	false			https://gswiki.play.net/mountain_rolton		3
mountain_snowcat	mountain snowcat	snowcat	3	44	Feline	Quadruped	small	2	12	false	true	true	true	true	true	true		true	false		1N	31..59	34	34	54..78		9	9	6..9	9	9		9	9	9	9	9	a snowcat pelt	true	true	false	false	false			https://gswiki.play.net/mountain_snowcat		3
mountain_troll	mountain troll	troll	17	200	Troll	Biped	large	10	14	false	true	true	true	true	true	false	true	true	false		various	62..183	35..94	90	108..113	58	66	66	63..66	36	62		51..58	51..58	96	96	51..58	troll toe	true	true	true	true	true		Health regeneration	https://gswiki.play.net/mountain_troll		3
mud_wasp	mud wasp	wasp	38	262	Wasp	Insect	small	1	7	false	true	false	true	true	true	false	true	true	false		8N	210..250	184..252	184..252	238	174	123	180..184	171..174	174	131..191		138..198	138..198	183..184	183..184	174	a wasp stinger	true	true						https://gswiki.play.net/mud_wasp		3
muddy_hog	muddy hog	hog		131	Suine	Quadruped	medium	3	15	false	true	true	true	true	true	true		true	false			65..67	65..67	65..67	85..128		39..48	21..51	36..48	42	39..48		42	42	36..48	36..48	42..48	brown boar hide	true	true						https://gswiki.play.net/muddy_hog		3
murky_soul_siphon	murky soul siphon	siphon	106	241	Siphon	Biped	medium	6		true				true	true	true	false	true	false				265..381	265..381	517..624	413	442..450	433..442	374..383	381..390		482								true		true	true			https://gswiki.play.net/murky_soul_siphon		3
muscular_brindlecat	muscular brindlecat	brindlecat		158	Feline	Quadruped	medium	3	6	false	true	true	true	true	true	true		true	false			92..130	-53..100	-53..100	59..166		36..48	17..47	36..45	39..45	36..45		45	45	36..45	36..45	36..39	tawny brindlecat hide.	true	true						https://gswiki.play.net/muscular_brindlecat		3
muscular_supplicant	muscular supplicant	supplicant	67	300	Humanoid	Biped	medium	6		false	true	true	true	true	true	true		true	true	miniboss	12N	246	319	319	360..510	238	260..269	244..253	222..231	228..231	269..272		283..285	283..285	259..265	259..265	197..206			true	true	true	true			https://gswiki.play.net/muscular_supplicant		3
myklian	myklian	myklian	40	259	Reptilian	Quadruped	medium	2	8	false	true		true	true	true	false		true	false			418..425	155..163	155..163			181	171..172	128..138	127..132	132..237		176..199	176..199	153..202	153..202	122..131	a (color) myklian scale	true	false	false	false	false			https://gswiki.play.net/myklian		3
n_ecare	n'ecare	n'ecare	87	300	N'ecare	Biped	medium	6	4	true	false	true	true	true	true	true	false	true	false		(see other info)	227..419	171..412	171..412	412..630	308	326..338	326..332	277..289	274..277	333..342		362..371	362..371	320..359	320..359	252..261			true	true	true	true			https://gswiki.play.net/n'ecare		3
naisirc	naisirc	naisirc	75	240	Ghost	Hybrid	large	5		true	false	false	true	true	true	true	false	true	false		12N	261..550	221..373	221..373	416..693	274..280	301..307	293..308	258..267	258..264	315..327		330..332	330..332	317	317	249..258			true	true	true	true			https://gswiki.play.net/naisirc		3
nasty_little_gremlin	nasty little gremlin		5	80	Gremlin	Biped	small	3		false	true			true	true	false	true	true	false		1N	22..91	15..30	15..30	96	10	10	10	7..10	10	10..11		10	10	3..10	3..10	10			true	true	true	true			https://gswiki.play.net/nasty_little_gremlin		3
neartofar_orc	neartofar orc	orc	11	138	Orc	Biped	medium	6	15	false	true	true		true	true	true		true	false		12	55..163	51..80	51..80	86..171	30..33	30..39	33..41	30..39	30..33	33..39		30..36	30..36	30..39	30..39	27..36	an orc knuckle	true	true	true	true	true			https://gswiki.play.net/neartofar_orc		3
neartofar_troll	neartofar troll	troll	15	200	Troll	Biped	large	9	14	false	true	true		true	true	false		true	false		10	54..92	42..92	42..92	112	52	60	60	57..60	60	56				60	60	45..52	a greasy troll scalp	true	true	true	true	true			https://gswiki.play.net/neartofar_troll		3
necrotic_snake	necrotic snake	snake	48	262	Reptilian	Ophidian	medium	1	8	true	false	true		true	true	true	false	true	false			234..488	270..314	270..314	283..482	161	167..185	175..184	146..158	119	176..194		196..202	196..202	175..186	175..186	144..153	a snake fang	true	true	false	false	false			https://gswiki.play.net/necrotic_snake		3
nedum_vereri	nedum vereri	vereri	18	160	Ghost	Biped	medium	5	8	true		true		true	true	false	false	true	false		6N	141..170	77..107	77..107	153..168		54	54	51..54	54	54		54	54	51..54	51..54	54			true	true	true	true			https://gswiki.play.net/nedum_vereri		3
night_golem	night golem	golem	5	65	Golem	Biped	medium	4	10	false	false	false	true	false	false	true	false	true	false		12N	0..106	0..11	0..11	40..117		15		12..15	15	15		15	15	15	15	15	night golem finger	true	true	true	true	true			https://gswiki.play.net/night_golem		3
night_hound	night hound	hound	24	210	Canine	Quadruped	medium	3	7	true	false	true	true	true	true	false	false	true	false		8N	124..149	106..141	106..143	111..143	97	99	101		97	104		101..107	101..107			97	a night hound hide	true	true	false	false	false			https://gswiki.play.net/night_hound		3
night_mare	night mare	mare	43	400	Equine	Quadruped	large	6	8	true							false		true	miniboss		191..226							340		161		474..494		295	295	361	a silvery hoof	true	true	true	true	true			https://gswiki.play.net/night_mare		3
nightmare_steed	nightmare steed	steed	55		Equine	Quadruped			5	true			true				false		false																			a silver mane	true	false	false	false	false			https://gswiki.play.net/nightmare_steed		3
niirsha	niirsha	niirsha	23	191	Ghost	Biped	medium	5		true	false	true		true	true	true	false	true	false		6N	131..185	134..169	134..173	155..222	90	80..90	79..89	66..76	66..76	77..90		83..95	83..95	92..100	92..100	78..87			true	true	true	true			https://gswiki.play.net/niirsha		3
niveous_giant_warg	niveous giant warg	warg	104	603	Canine	quadruped	large	15	6	false	true	true	true	true	true	true		true	false		1	164..801	168..528	168..528	405..988	410	409..513	464	381..390	339..408	449..459		473..483	473..483	366..433	366..433			true	true				false		https://gswiki.play.net/Niveous_giant_warg		
nonomino	nonomino	nonomino	23	194	Humanoid	Biped	medium	5		true	false	true		true	true	true	false	true	false		6N	155..253	164..253	164..253	183..241	74	92..98	84..94	75..81	71..81	88..95		85..98	85..98	94..100	94..100	80..87			true	true	true	true			https://gswiki.play.net/nonomino		3
ogre_sentry	ogre sentry	sentry		250	Ogre	Biped	large	10	8	false	true	true		true	true	true	true	true	false			106..211	104..146	104..146	137..231		54..60	45..73	57..66	57..66	59..66		60	60	54..63	54..63	54..60	Ogre tooth	true	true	true	true	true			https://gswiki.play.net/ogre_sentry		3
ogre_warrior	ogre warrior	warrior	20	250	Ogre	Biped	large	10	10	false	true	true	true	true	true	true		true	false			90..211	90..129	90..129	171..232	60	60..66	57..64	54..60	57..63	57..66		60..66	60..66	60..66	60..66	57..66	an ogre tooth	true	true	true	true	true			https://gswiki.play.net/ogre_warrior		3
pale_crab	pale crab	crab	2	36	Crab	Crustacean	small	1	12	false	true	false		true	true	false		true	false		1N	36..57	34..54	24	44	6	6	6	3..6	6	6		6	6	6..12	6..12	6	pale crab pincer	true	true	false	true	true			https://gswiki.play.net/pale_crab		3
pale_scaled_shaper	pale scaled shaper	shaper	102	238	Humanoid	Biped	medium	7	8	false			true	true	true		false	true	false		1	555	429..630	431..630	698..699		441	432..442	349	368										true	true	true	true		Summons sidewinder cobras	https://gswiki.play.net/pale_scaled_shaper		3
pallid_fog_cloaked_kelpie	pallid fog-cloaked kelpie	kelpie	112	300	Equine					true							false		false						352..602															true	true	true	true			https://gswiki.play.net/pallid_fog-cloaked_kelpie		3
panther	panther	panther	15	140	Feline	Quadruped	medium	3	12	false	true	true	true	true	true	true		true	false		6N	92..151	79..97	79..97	112..168	33..51	39..48	45..53	36..45	42..51	42..51		39..48	39..48	42..54	42..54	42..51	a panther pelt	true	true	false	false	false			https://gswiki.play.net/panther		3
patchwork_flesh_monstrosity	patchwork flesh monstrosity	monstrosity	98	500	Chimeric	Biped	huge	15	6	true	false	true	true	true	true	true	false	true	false		5	81..562	92..372	92..372	291..646		409..418	401..407	353..362	347..361	421..430		444..448	444..448	453	453	300..309			true	true	true	true			https://gswiki.play.net/patchwork_flesh_monstrosity		3
phantasma	phantasma	phantasma	42	240	Ghost	Biped	medium	6		true		false	true	true	true	true	false		false		5	150..268	167..254	167..254	258..391	130..135	161..164	153..163	137..140	125..133	160..185			169	163..169	163..169	142..150			true	true	true	true			https://gswiki.play.net/phantasma		3
phantasmal_bestial_swordsman	phantasmal bestial swordsman	swordsman	62	400	Ghost	Biped	medium	6	10	true	false	false	true	true	true	true	false	true	false			157..391	171..243	171..243	314..492		236..245	230..233	201..213	221	217..223		265..268	265..268	282	282	198			true	true	true	true			https://gswiki.play.net/phantasmal_bestial_swordsman		3
phantom	phantom	phantom	2	43	Ghost	Biped	medium	5	8	true	false	false	true	true	true	false	false		false		5	-36..6	-29..-6	-29..-6	25	6	6	6	3..6	6	6	6	6	6	6..15	6..15	6			true	true	true	true			https://gswiki.play.net/phantom		3
phosphorescent_worm	phosphorescent worm	worm	16	150	Worm	Worm	medium	1	7	false	true	false		true	false	true		true	false		8N	56..90	52..82	52..82	73..122	45..51	45..54	45..54	45..54	45..54	42..54		48	48	45..54	45..54	42..48	a faintly glowing worm skin	true	true	true	true	true			https://gswiki.play.net/phosphorescent_worm		3
plains_lion	plains lion	lion	18	165	Feline	Quadruped	medium	3	6	false	true	true		true	true	true		true	false		6N	107..149	80..119	80..119	167..191	54..60	54..60	46..60	48..57	48..54	51..60		54	54	48..57	48..57	54..60	a plains lion's	true	true	false	false	false			https://gswiki.play.net/plains_lion		3
plains_ogre	plains ogre	ogre	17	220	Ogre	Biped	large	9		false	true	true		true	true	true		true	false		6	68..158	57..95	57..95	124..205	51	45..54	51..59	48..57	48..57	45..54		51	51	48..54	48..54	51..57	an ogre nose	true	true	true	true	true			https://gswiki.play.net/plains_ogre		3
plains_orc_chieftain	plains orc chieftain	chieftain	21	238	Orc	Biped	medium	7	8	false	true	true	true	true	true	true		true	false		19	80..187	92..130	92..130	121..164	63	60..69	63..71	59..63	63..69	60..69		63	63	57..69	57..69	63..69	a scraggly orc scalp	true	true	true	true	true			https://gswiki.play.net/plains_orc_chieftain		3
plains_orc_scout	plains orc scout	scout	17	150	Orc	Biped	medium	7		false	true	true		true	true	true		true	false		12	95..181	57..88	57..88	151..219	51..57	48..57	51..59	48..57	45..51	45..54	57	51..57	51..57	48..66	48..66	57..67	scraggly orc scalp	true	true	true	true	true			https://gswiki.play.net/plains_orc_scout		3
plains_orc_shaman	plains orc shaman	shaman	18	212	Orc	Biped	medium	7		false	true	true	true	true	true	true		true	false		6	138..219	111..174	111..174	157	66..76	67..73	70..79	55..62	70	74		78..89	78..89	73..81	73..81	61..71	a scraggly orc scalp	true	true	true	true	true			https://gswiki.play.net/plains_orc_shaman		3
plains_orc_warrior	plains orc warrior	warrior	16	190	Orc	Biped	medium	7	13	false	true	true	true	true	true	true		true	false		16	78..185	61..110	61..110	112..188	48	45..51	48..56	42..54	45..54	48..54		45..48	45..48	66..75	66..75	42..51	a scraggly orc scalp	true	true	true	true	true			https://gswiki.play.net/plains_orc_warrior		3
plumed_cockatrice	plumed cockatrice	cockatrice	13	123	Basilisk	Hybrid	medium	3	11	false	true	true	true	true	true	true		true	false		1N	111..197	89..119	67	124..212		39..45	31..39	33..42	9	39..45		39..42	39..42	60	60	33..39	a cockatrice plume	true	true	true	true	true			https://gswiki.play.net/plumed_cockatrice		3
polar_bear	polar bear	bear	44	400	Bear	Quadruped	huge	5	16	false	true	true	true	true	true	true	true	true	false			172..289	202..246	202..246	315..321	135	146..152	148..157	129..138	132..138	157..166		166..167	166..167	154..181	154..181	132..138	a polar bear's	true	true						https://gswiki.play.net/polar_bear		3
pra_eda	pra'eda	pra'eda	29	341	Canine	Biped	large	6		false	true	true	true	true	true	true		true	false		18N	119..241	52..177	52..177	152..235	89	105..118	115..125	98..107	89..99	103..128		109..130	109..130	114..131	114..131	107..117			true	true	true	true			https://gswiki.play.net/pra'eda		3
puma	puma	puma	15	140	Feline	Quadruped	medium	3		false	true	true		true	true	true		true	false		6N	108..151	81..105	81..105	101..146	51	42..51	45..53	39..48	45..51	39..51		39..45	39..45	39..48	39..48	42..51	a puma hide	true	true	false	false	false			https://gswiki.play.net/puma		3
putrefied_citadel_herald	putrefied citadel herald	herald	60	241	Humanoid	Biped	medium	6	7	true	false	true	true	true	true	true	false	true	false		2	279..472	181..332	181..332	341..502	232	279..288	268..276	231..236	251..257	268..280		283..296	283..296	267..276	267..276	212			true	true	true	true			https://gswiki.play.net/putrefied_citadel_herald		3
quivering_sanguine_ooze	Quivering sanguine ooze	ooze	107	600	Ooze	Globoid	huge	12	12	false				true	true	true		true	false			464..847	365..631	365..631	568..899		447	481	420..423	424..430			499	451..499						true	true	true	true	false		https://gswiki.play.net/Quivering_sanguine_ooze		
quivering_sanguine_oozeling	Quivering sanguine oozeling	oozeling			Ooze	Globoid				false								true	false			497..700	403..598	403..598			447			427			484	484	384	384				true				false				
rabid_guard_dog	rabid guard dog	dog	10	100	Canine	Quadruped	medium	3	6	false	true	true		true	true	true		true	false		6N	65..87	25..44	25..44	93..97	30	30	30..33	27..30	30	30		30	30	27..33	27..33	30	a rotted canine	true	true	false	false	false			https://gswiki.play.net/rabid_guard_dog		3
rabid_squirrel	rabid squirrel	squirrel	2	36	Rodent	Quadruped	small	1	6	false	true	true		true	true	true	true	true	false		1N	23..29	17..27	17..27	48		6	6	6	6	6		6	6	6	6	6	a squirrel tail	true	true						https://gswiki.play.net/rabid_squirrel		3
radiant_eyed_goliath_auramancer	radiant-eyed goliath auramancer	auramancer	115	361	Goliath	Biped				false			true	true			true	true	false																											https://gswiki.play.net/radiant-eyed_goliath_auramancer		3
raider_orc	raider orc	orc	10	131	Orc	Biped	medium	6	10	false	true	true	true	true	true	true		true	false		17	51..134	44..56	46..56	107..189	30	30	30	27..30	30	30			30	30	30	30			true		true	true			https://gswiki.play.net/raider_orc		3
raving_lunatic	raving lunatic	lunatic	77	300	Humanoid	Biped	medium	5	5	false	true	true	true	true	true	true	true	true	true	miniboss	8N	336..499	276..411	320..411	398..579	278	300..306	294..305	253..262	256..265	315..326	330	330..337	330..337	316..319	316..319	242..251			true	true	true	true			https://gswiki.play.net/raving_lunatic		3
red_bear	red bear	bear	16	213	Bear	Quadruped	large	4		false	true	true	true	true	true	true	true	true	false		12N	97..194	97..125	97..125	129		45..48	48..52	45..54	45..51	48		42..54	42..54	45..48	45..48	45..54	a bear paw	true	true						https://gswiki.play.net/red_bear		3
red_scaled_thrak	red-scaled thrak	thrak	48	262	Reptilian	Quadruped	medium	2	6	false	true	true	true	true	true	false	true	true	false		12N	226..492	149..232	149..232	264		176	175	146..149	149	185		195..196	195..196	213..216	213..216	144	a thrak tail	true	true		true	true			https://gswiki.play.net/red-scaled_thrak		3
red_tsark	red tsark	tsark	66	400	Reptilian	Biped	large	4		false	true	true	true	true	true	true		true	true	pack	12N	166..211	162..214	162..214	300..448	254	273	272..281	226..235	235..244	285..294		298..309	298..309	302..311	302..311	219..228	a tsark skin	true	true						https://gswiki.play.net/red_tsark		3
reiver	reiver	reiver	24	270	Reiver	Biped	medium	6	12	false	true	true		true	true	false	true	true	false		various	92..144	47..118	47..118	151..155	72	72	72	69..72	72	72		72	72	72..97	72..97	72			true	true	true	true			https://gswiki.play.net/reiver		3
relnak	relnak	relnak	3	44	Reptilian	Quadruped	small	1	10	false		true		true	true	false		true	false		1N	36..61	34..57	34..57	41..46		9	9	6..9	9	9		9	9	9	9	9	a relnak sail	true	true	false	false	false			https://gswiki.play.net/relnak		3
revenant	revenant	revenant	4	57	Ghost	Biped	medium	5	7	true	false	false	true	true	true	false	false		false		7N	-33..-16	-35..-19	-35..-19	12..35	12	12	12	9..12	12	12	12	12	12	12	12	12			true	true	true	true			https://gswiki.play.net/revenant		3
ridge_orc	ridge orc	orc	4	70	Orc	Biped	medium	6	15	false	true	true		true	true	true	true	true	false		5	65..70	21..24	21..24	90..106	12	12	12	9..12	12	12		12	12	12	12	12	an orc ear	true	true	true	true	true			https://gswiki.play.net/ridge_orc		3
ridgeback_boar	ridgeback boar	boar	15	140	Suine	Quadruped	medium	3	9	false	true	true	true	true	true	true		true	false		12N	36..95	18..48	18..48	54..97	45	45	45..53	39..48	39..51	42..51		42..45	42..45	63	63	45..51	a yellowed boar tusk	true	true						https://gswiki.play.net/ridgeback_boar		3
roa_ter	roa'ter	roa'ter	41	262	Worm	Worm	huge	3	4	false	true	false		true		true		true	false	boss	12N	134..332	130..208	130..208	234		142..155	146..149	120..123	123..129	151..154		165	165	137..146	137..146	123..132	roa'ter skin	true	true	true	true				https://gswiki.play.net/roa'ter		3
roa_ter_wormling	roa'ter wormling	wormling	24	212	Worm	Worm	medium	2	7	false	true	false		true	false	true		true	false		8N	129..273	130..179	130..179	98..267	78	68..77	73..82	66..72	72..78	76..82		75..82	75..82	73..76	73..76	72..78			true	true	true	true			https://gswiki.play.net/roa'ter_wormling		3
rock_troll_zombie	rock troll zombie	zombie	34	388	Troll	Biped	huge	11	8	true	false	true		true	true	true	false	true	true	pack	16N	77..268	102..158	102..158	290..373		116..119	117..127	99..108	102..111	123..132		123..138	123..138	117..126	117..126	96..105	a decaying troll eye	true	true	true	true	true			https://gswiki.play.net/rock_troll_zombie		3
roiling_crimson_angargeist	Roiling crimson angargeist	angargeist	110	600			large	13		true			true	true		true	false	true	false			530..739	452..600	452..600	490..652		486..492	477	438..447	441	504		541							true	true	true	true	false		https://gswiki.play.net/Roiling_crimson_angargeist		
rolton	rolton	rolton	1	28	Caprine	Quadruped	medium	3	15	false		true	true	true	true	true	true	true	false		1	-5..78	-5..25	-5..25	34..58	3	3	3	3	3	3	3	3	3	3	3	3	rolton pelt	true	true	false	false	false			https://gswiki.play.net/rolton		3
rotting_chimera	rotting chimera	chimera	46	400	Chimeric	Quadruped	large	4	6	true	false	true		true	true	true	false	true	false			173..382	177..255	177..255	329..398		168..177	167..170	142..151	112	167..185		186	186	161..170	161..170	135..138	a chimera stinger	true	true	true	true	true			https://gswiki.play.net/rotting_chimera		3
rotting_citadel_arbalester	rotting citadel arbalester	arbalester	58	300	Humanoid	Biped	medium	6	6	true	false	true		true	true	true	false	true	false		12	230..466	227..300	227..300	486	185	196..205	202..211	183..186	177..186	206..224		220..408	220..408	282	282	174..183			true	true	true	true			https://gswiki.play.net/rotting_citadel_arbalester		3
rotting_corpse	rotting corpse	corpse	32	300	Zombie	Biped	medium	5		true	false	true		true	true	true	false	true	false		9N	230	177..204	177..204	256		108..117	109..113	90..96	90..99	105..123	120	119..120	119..120	109	109	96			true	true	true	true			https://gswiki.play.net/rotting_corpse		3
rotting_farmhand	rotting farmhand	farmhand	32	300	Humanoid	Biped	medium	5		true	false	true	true	true	true	true	false	true	false		5	208..369	201..211	201..211	246	105	97..106	108..116	93..102	96..105	109..112		114..115	114..115	104..113	104..113	93..96			true	true	true	true			https://gswiki.play.net/rotting_farmhand		3
rotting_krolvin_pirate	rotting krolvin pirate	pirate	18	212	Krolvin	Biped	medium	5		true	false	true		true	true	true	false	true	false		11	46..130	43..81	43..81	81..134	54	54	54	51..54	54..60	54		51..60	51..60	51..60	51..60	54			true	true	true	true			https://gswiki.play.net/rotting_krolvin_pirate		3
rotting_woodsman	rotting woodsman	woodsman	23	260	Humanoid	Biped	medium	5	11	true	false	true		true	true	true	false	true	true	pack	1N	115..174	115..169	115..169	167..265	69	64..70	68..76	63..72	66..69	74..80		77..79	77..79	72..78	72..78	63..69			true	true	true	true			https://gswiki.play.net/rotting_woodsman		3
sabre_tooth_tiger	sabre-tooth tiger	tiger	53	400	Feline	Quadruped	large	4	6	false	true	true	true	true	true	true		true	true	pack		173..467	225..258	225..258	345..374		187..193	186..195	159..168	159..168	197..206		209..218	209..218	186..199	186..199	150..165	a tiger incisor	true	true	false	false	false			https://gswiki.play.net/sabre-tooth_tiger		3
sacristan_spirit	sacristan spirit	spirit	25	205	Ghost	Biped	medium	5		true	false	false	true	true	true	true	false	true	false		8	103..219	103..116	103..116	160..243	81..92	88..98	90..100	81..87	80..87	96..103		98..103	98..103	90..100	90..100	75..80			true	true	true	true			https://gswiki.play.net/sacristan_spirit		3
sand_beetle	sand beetle	beetle	33	377	Beetle	Insect	large	2		false		false		true		true		true	false		12N	75..190	67..122	67..122	180		102	103	87..90	96..99			114	114	103	103	96..99	a beetle pincer	true	true	false	false	false			https://gswiki.play.net/sand_beetle		3
sand_devil	sand devil	devil	48	240	Reptilian	Quadruped	medium	2	5	false	true	true	true	true	true	false		true	false		2N	249..477	317..416	317..416	505..560	168..171	184	183..185	187..190	157..159	196..197		203..206	203..206	183..185	183..185	172			true	true	true	true			https://gswiki.play.net/sand_devil		3
savage_fork-tongued_wendigo	savage fork-tongued wendigo	wendigo	105	600	Humanoid	biped	large	8	6	false	true		true	true		true	true	true	false		10N	285..711	285..459	285..459	558..840	432..434	447..459	461	406..415	396..403	471..486		489..510	489..510		444				true	true	true	true	false		https://gswiki.play.net/Savage_fork-tongued_wendigo		
scaly_burgee	scaly burgee	burgee	29	340	Reptilian	Quadruped	large	2		false	true	true	true	true	true	true		true	false		12N	168..270	127..175	127..175	168..289	87	84..93	87..95	84..93	87..93	88..97		95..98	95..98	87..98	87..98	81..90	a scaly burgee shell	true	true	false	false	false			https://gswiki.play.net/scaly_burgee		3
scaly_needle_toothed_trenchling	scaly needle-toothed trenchling	trenchling	107	377	Trenchling				4	false									false			662..682	430	430	609..654					443										true	true	true	true			https://gswiki.play.net/scaly_needle-toothed_trenchling		3
sea_nymph	sea nymph	nymph	2	44	Fey	Biped	medium	5	13	false	true	true	true	true	true	false	true	true	false		2	0..10	7	7	42	6	6	6	3..6	6	6		6	6	6	6	6			true	true	true	true			https://gswiki.play.net/sea_nymph		3
seeker	seeker	seeker	52	240	Humanoid	Biped	medium	5	10	true	false	true	true	true	true	true	false	true	false		1	286..388	258..332	258..337	335..456		203..212	219..228	192..201	184..190	224..233		227..246	227..246	196..201	196..201	175..187	a seeker eye	true	true	true	true	true			https://gswiki.play.net/seeker		3
seething_pestilent_vision	seething pestilent vision	vision	70	240	Humanoid		medium	10		true	false	false	true	true	true	true	false	true	false		12N	227..395	234..279	234..279	299..401		287..297	295..305	259..269	266..269			329	329	252..306	252..306	216..226									https://gswiki.play.net/seething_pestilent_vision		3
seraceris	seraceris	seraceris	78	240	Ghost	Biped	medium	7	7	true	false	false	true	true	true	true	false	true	false		2	273..549	279..492	279..492	412..464		324..333	324..331	277..284	282..291	339..351		364..365	364..365	317..336	317..336	289..297			true	true	true	true			https://gswiki.play.net/seraceris		3
shadow_mare	shadow mare	mare	37	260	Equine	Quadruped	large	6		true	false	false	true	true	true	true	false	true	false			144..333	110..201	110..201	188..343		129..138	130..139	111..120	111..117	136..145		137..143	137..143	285	285	123..132	a silver-tipped horseshoe	true	true						https://gswiki.play.net/shadow_mare		3
shadow_steed	shadow steed	steed	38	400	Equine	Quadruped	large	6	8	true	false	false	true	true	true	true	false		false			140..293	128..216	128..216	192..290		127..141	131..141	119..122	112..121	144..151		154..157	154..157	130..140	130..140	115..125	a silvery tail	true	true		true				https://gswiki.play.net/shadow_steed		3
shambling_lurk	shambling lurk	lurk	95	319	Zombie	Biped	medium	6	6	true	false	true	true	true	true	true	false	true	false		1	290..584	318..377	318..377	428..730		425..434	416..422	364..367	352..386	443		461..465	461..465	432..440	432..440	276..285			true	true	true	true		Animate dead characters	https://gswiki.play.net/shambling_lurk		3
shan_bardess	shan bardess	bardess	62	238	Shan	Biped	medium	6		false	true	true	true	true	true	true		true	false			355..400	219..245	219..245	277		238	229..238	177..187	210	242..249				262	262	186..193									https://gswiki.play.net/shan_bardess		3
shan_cleric	shan cleric	cleric	42	238	Shan	Biped	medium	5		false	true	true		true	true	true		true	false		8	252..352	247..275	247..275	276	116..157	160..170	159..172	143..152	129..136	170..180		177..182	177..182	159..169	159..169	172			true	true	true				https://gswiki.play.net/shan_cleric		3
shan_empath	shan empath	empath	60	238	Shan	Biped	medium	6		false	true	true	true	true	true	true		true	false			205..446	184..295	184..295	269..445		277..283	271..286	240..249	216..228	254..276		270..279	270..279	295	295	206..215			true	true	true	true			https://gswiki.play.net/shan_empath		3
shan_ranger	shan ranger	ranger	42	238	Shan	Biped	medium	6		false	true	true		true	true	true		true	false		11	221..377	231..264	231..264	373	135	143..153	142..152	133..142	133..142	160..166		159..165	159..165	142..161	142..161	148..157			true	true	true	true			https://gswiki.play.net/shan_ranger		3
shan_rogue	shan rogue	rogue	66	300	Shan	Biped	medium	6		false	true	true	true	true	true	true		true	false			271..436	260..336	260..336	323		236..245	232..241	183..186	210	254..260				244	244	195..198			true		true	true			https://gswiki.play.net/shan_rogue		3
shan_shaman	shan shaman	shaman	64	238	Shan	Biped	medium	6		false	true	true	true	true	true	true		true	false			378..498	257..458	257..458	341..558		313..323	310..320	277..287	275..287	310..320		317..322	317..322	311..320	311..320	219..228			true	true	true	true			https://gswiki.play.net/shan_shaman		3
shan_sorceress	shan sorceress	sorceress	58	238	Shan	Biped	medium	6		false		true				true		true	false			340..404	328..368	328..368	484		284	286..293	233..241	246			432..483	432..483	270..276	270..276	197									https://gswiki.play.net/shan_sorceress		3
shan_warrior	shan warrior	warrior	42	300	Shan	Biped	medium	6	7	false	true	true		true	true	true		true	false		see other info	154..349	182..285	182..285	407	117..150	120..132	123..132	126..135	126..135	117..135		129..132	129..132	150..159	150..159	123..132			true	true	true	true			https://gswiki.play.net/shan_warrior		3
shan_wizard	shan wizard	wizard	42	238	Shan	Biped	medium	5		false	true	true	true	true	true	true		true	false			238..348	241	241	323	138..157	156..165	161..170	135..145	138..144	170..187		168	168	164..173	164..173	128..134			true		true				https://gswiki.play.net/shan_wizard		3
shelfae_assailant	shelfae assailant	assailant		138	Shelfae	Biped	medium	7	7	false	true	true	true	true	true	false		true	false			19..25	6	6	65..73		33	9..37	30..33	33	33		33	33	33	33	33	crest	true	true	true	true	true			https://gswiki.play.net/shelfae_assailant		3
shelfae_chieftain	shelfae chieftain	chieftain	11	140	Shelfae	Hybrid	medium	7	7	false	true	true	true	true	true	false		true	false		11	6..42	3..7	3..7	80..90	33	33	27..33	30..33	33	33		33	33	33..54	33..54	33	a shelfae crest	true	true	true	true	true			https://gswiki.play.net/shelfae_chieftain		3
shelfae_guard	shelfae guard	guard	7	100	Shelfae	Biped	medium	5	7	false	true	true		true	true	false		true	false			11..21	10	10	49..55		21	21	18..21	21	21		21	21	30..33	30..33	21	scale	true	true	true	true	true			https://gswiki.play.net/shelfae_guard		3
shelfae_soldier	shelfae soldier	soldier	7	100	Shelfae	Hybrid	medium	5	7	false	true	true	true	true	true	false		true	false		11	32	3..18	3..18	63..74	21	21	21	18..21	21	21		21	21	21..51	21..51	21	a shelfae scale	true	true	true	true	true			https://gswiki.play.net/shelfae_soldier		3
shelfae_warlord	shelfae warlord	warlord	18	160	Shelfae	Hybrid	medium	6		false	true	true	true	true		false		true	false		16N	48..65	36	50	77	54	53..54	54	51..54	54	54		54	54	48..54	48..54	53..54	an orange shelfae scale	true	true		true	true			https://gswiki.play.net/shelfae_warlord		3
sheruvian_harbinger	Sheruvian harbinger	harbinger	63	240	Humanoid	Biped	medium	6	6	false		true	true	true	true	false		true	false			189..308	206..276	206..276	403..460	210	222..232	219..229	186..196	186	236..244		248..254	248..254	214..229	214..229	206..211			true	true	true	true			https://gswiki.play.net/sheruvian_harbinger		3
sheruvian_initiate	Sheruvian initiate	initiate	37	238	Humanoid	Biped	medium	6	6	false	true	true	true	true	true	false		true	false			212..319	196..284	188..284	259	127	139	140	116..119	119	146		153	153	155..190	155..190	111			true	true	true	true			https://gswiki.play.net/sheruvian_initiate		3
sheruvian_monk	Sheruvian monk	monk	41	238	Humanoid	Biped	medium	6	5	false	true	true	true	true	true	false		true	false			255..340	220..305	220..305	276	143	156	231	130..133	133	164..231		172	172	231	231	123			true		true				https://gswiki.play.net/sheruvian_monk		3
sheruvian_priest	Sheruvian priest		44	240	Humanoid	Biped				false								true	false		2										182			180		173										https://gswiki.play.net/sheruvian_priest		3
sheruvian_warlock	Sheruvian warlock		44	240	Humanoid	Biped				false								true	false		2										182			180		173					true					https://gswiki.play.net/sheruvian_warlock		3
shimmering_fungus	shimmering fungus	fungus	35	262	Fungus	Plantlife				false								true	false		6	185	185															fungal cap	true						Summon maw spores	https://gswiki.play.net/shimmering_fungus		3
shining_winged_disir	Shining winged disir	disir	114	900			medium	9		true			true	true	true			true	false				394..888	394..888	748..1153		457	484	423..426	441..444			497	497						true	true	true	true	false		https://gswiki.play.net/Shining_winged_disir		
shrickhen	shrickhen	shrickhen	76	300	Chimeric	Hybrid	medium	5	8	true	false	true	true	true	true	true	false	true	false		12N	260..450	227..294	227..294	397..648	281..285	295..320	296..303	268..277	260..270	306..338		344		290..315	290..315	245..253			true	true	true	true			https://gswiki.play.net/shrickhen		3
shriveled_icy_creeper	shriveled icy creeper	creeper	50	450	Creeper	Plantlife	medium	3	7	true	false	false		true	true	true	false	true	false			153..356	128..193	128..193	182..317		185..191	183..192	153..156	147..156	194..203		204..205	204..205	183..192	183..192	150..153	shriveled cutting	true							https://gswiki.play.net/shriveled_icy_creeper		3
sidewinder	sidewinder	sidewinder	98	400	Reptilian	Ophidian				false								true	false		1														411			a sidewinder scale	true	false	false	false	false		Root	https://gswiki.play.net/sidewinder		3
silver_scaled_cold_wyrm	silver-scaled cold wyrm		120	5000	Reptilian	Avian				false			true					true	false			332..543	205..536	205..536						490			490	490						false	false	false	false		Animalistic Rage, Acid Breath, Acid Mist, Combined Acid/Frost Breath, Frost Breath, Energy Immune Scales, Forceful Plummet (when flying), Frost Breath, Immune to Critical Damage, Immune to Death Flares, Immune to Sleep Effects, Immune to Non-magical Attacks, Multi-strike, Preemptive Strike, Restore Self, Tail Sweep (ground), Terrifying Roar	https://gswiki.play.net/silver-scaled_cold_wyrm		3
silverback_orc	silverback orc	orc	14	170	Orc	Biped	medium	6		false	true	true		true	true	true		true	false		9	109..192	83..109	83..109	108..189	48	39..42	34..42	36..39	42	42		42..48	42..48	42..45	42..45	36..42	a silverback orc knuckle	true	true	true	true	true			https://gswiki.play.net/silverback_orc		3
siren	siren	siren	96	238	Fey	Hybrid	medium	5		false	true	true	true	true	true	true		true	true	miniboss	1	408..577	413..572	336..572	542..619	363	389..391	391..424	336..344	317..324	398..407		403..435	403..435	391..400	391..400	302..310			true	true	true	true			https://gswiki.play.net/siren		3
siren_lizard	siren lizard	lizard	42	400	Reptilian	Quadruped	large	2	8	false	true	true	true	true	true	false	true	true	false		8N	154..194	153..203	153..203	248	137	151	150	124..127	127	159		167..275	167..275	184	184	126	a multicolored siren lizard skin	true	true		true	true			https://gswiki.play.net/siren_lizard		3
skayl	skayl	skayl	54	300	Elemental	Globoid	medium	3		false	false	false	true	false	true	true	false	true	true	miniboss	16N	418..469	109..198	109..198	312	197	201..211	191..200	168..174	165..171	212..221		224..235	224..235	194..208	194..208	172..175									https://gswiki.play.net/skayl		3
skeletal_giant	skeletal giant	giant	33	380	Giant	Biped	large	12		true		true	true	true	true	false	false	true	false			148..197	168..202	168..202	181..200		105	106	96..99	99	112		117	117	145	145	99	a skeletal giant bone	true	true	true	true	true			https://gswiki.play.net/skeletal_giant		3
skeletal_ice_troll	skeletal ice troll	troll	31	360	Troll	Biped	large	8	8	true	false	true		true	true	false	false	true	false		16	64..96	64..87	64..87	158..183		93	93	90..93	93	93		93	93	93	93	93			true		true				https://gswiki.play.net/skeletal_ice_troll		3
skeletal_lord	skeletal lord	lord	41	300	Humanoid	Biped	medium	6	11	true	false	true		true	true	true	false	true	false	boss	13	161..267	183..260	183..260	243..347	123	123..132	123..132	120..126	114..123	130..136		138	138	120..129	120..129	123..129			true	true	true				https://gswiki.play.net/skeletal_lord		3
skeletal_soldier	skeletal soldier	soldier	34	300	Humanoid	Biped	medium	6	11	true	false	true		true	true	true	false	true	false			217..251	193..223	193..223	242..303	102..111	108..114	109..116	102..111	102..111	115..124			121	109..118	109..118	102..105			true	true	true	true			https://gswiki.play.net/skeletal_soldier		3
skeletal_warhorse	skeletal warhorse	warhorse	37	400	Equine	Quadruped	large	6		true		true		true	true	true	false	true	false	boss		142..248	140..214	140..214	220		108..114	111..120	102..114	111..120	102..114		111	111	111..120	111..120	111..114	a skeletal warhorse jaw	true	true						https://gswiki.play.net/skeletal_warhorse		3
skeleton	skeleton	skeleton	1	40	Humanoid	Biped	medium	5	15	true	false	true		true	true	false	false	true	false		5	0..21	-13..19	-13..19	34	3	3	3	0..3	3	3	3	3	3	3	3	3	skeleton bone	true	true	true	true	true			https://gswiki.play.net/skeleton		3
sleek_black_kiramon_stalker	sleek black kiramon stalker	stalker	108	327	Kiramon	Insect	medium	6		false			true	true	false	true		true	false		12N		445..621	445..621	727..1064		454..463	463	425..428	416..428			515	515				a mottled kiramon poison gland	true	true	false	true				https://gswiki.play.net/sleek_black_kiramon_stalker		3
slimy_little_grub	slimy little grub	grub	1	28	Worm	Worm	tiny	1		false	true	false		true	false	true	false	true	false		1N	25..81	13..26	13..26	37..93	3	3	3	3	3	3		3	3	3	3	3			true	false	false	false			https://gswiki.play.net/slimy_little_grub		3
smouldering_skeletal_dreadsteed	smouldering skeletal dreadsteed	dreadsteed	103	500	Equine	Quadruped	large	5	8	true			true	true	false	true	false	true	false		15N	392..735	299..544	299..544	562..940	395	397..406	400	362..393	503	408..437		351	425..447		388		a flame-scarred dreadsteed skull	true	true	true	true	true			https://gswiki.play.net/smouldering_skeletal_dreadsteed		3
snow_crone	snow crone	crone	36	238	Witch	Biped	medium	5		false	true	true	true	true	true	true		true	false			193..278	154..208	154..208	222..302	113..118	130..134	129..142	103..113	105..115	136..146		125..143	125..143	138..146	138..146	113..123	a crooked crone finger	true	true	true	true	true			https://gswiki.play.net/snow_crone		3
snow_leopard	snow leopard	leopard	27	235	Feline	Quadruped	medium	3	5	false	true	true	true	true	true	true		true	false		6N	152	129..155	129..155	174..236	81	81..87	81..89	78..87	75..81	76..88		86	86	99	99	78..84	a leopard skin	true	true						https://gswiki.play.net/snow_leopard		3
snow_madrinol	snow madrinol	madrinol	52	260	Madrinol	Quadruped	medium	2	8	false	true		true	true	true	true		true	false		15N	229..472	173..267	173..267	266..337	177	199..205	191..194	173..176	176	203..212		222..224	222..224	188..208	188..208	156..165	a madrinol skin	true	true		true				https://gswiki.play.net/snow_madrinol		3
snow_spectre	snow spectre	spectre	9	91	Ghost	Biped	medium	4	5	true	false	true		true	true	false	false		false		1N	2..35	-14..0	-14..0	24	27	27	27	24..27	27	27		27	27	27	27	27	a spectre nail	true	true	true	true	true			https://gswiki.play.net/snow_spectre		3
snowy_cockatrice	snowy cockatrice	cockatrice	6	69	Basilisk	Hybrid	medium	3	30	false	true	true		true	true	true		true	false			33..109	27..40	27..40	63..134	18	18	18	15..18	18	18		18	18	18	18	18	snowy cockatrice tailfeather	true	true	true	true	true			https://gswiki.play.net/snowy_cockatrice		3
soldier_ant	soldier ant	ant	5	55	Ant	Insect	medium	1	9	false						false		true	false			85	39	39			15								15	15	15			true						https://gswiki.play.net/giant_ant		3
soul_golem	soul golem	golem	63	500	Golem	Biped			9	true		false		false	false		false	true	false		19N	176					250..253													true	true					https://gswiki.play.net/soul_golem		3
spectacled_bear	spectacled bear	bear		212	Bear	Quadruped	large	3	14	false	true	true	true	true	true	true		true	false			38..152	-39..104	-39..104	125..160		48..54	29..59	45..54	42..55	48..54		48	48	48..54	48..54	45..54	hide	true	true						https://gswiki.play.net/spectacled_bear		3
spectral_black_warhorse	spectral black warhorse	warhorse								false									false		10N										146															https://gswiki.play.net/spectral_black_warhorse		3
spectral_fisherman	spectral fisherman	fisherman	6	90	Ghost	Biped	medium	5	10	true	false	false	true	true	true	false	false		false		1N	11..80	-27..-15	7	52..138	18	18	18	15..18	18	18		18	18	18	18	18			true	true	true	true			https://gswiki.play.net/spectral_fisherman		3
spectral_lord	spectral lord	lord	36	300	Ghost	Biped	medium	6	6	true	false	false	true	true	true	true	false	true	false			159..199	146..171	146..171	226..258	108	108..114	108..117	108..114	108..114	108..114	114		113..119	110..120	110..120	102..108			true		true				https://gswiki.play.net/spectral_lord		3
spectral_miner	spectral miner	miner	40	300	Ghost	Biped	medium	4	10	true	false	false	true	true	true	true	false	true	true	miniboss	7	123..225	118..201	118..201	220..340	158	142..152	142..151	130..139	114..120	143..166	164	163..164	163..164	142..152	142..152	125..135			true	true	true	true			https://gswiki.play.net/spectral_miner		3
spectral_monk	spectral monk	monk	25	204	Humanoid	Biped	medium	5		true	false	false	true	true	true	true	false		false		8	98..219	93..135	93..135	144..239		76..101	90..100	74..84	74..84	100..109		98..103	98..103	96..106	96..106	75..80			true	true	true	true			https://gswiki.play.net/spectral_monk		3
spectral_shade	spectral shade	shade	35	238	Ghost	Biped	medium	4	8	true	false	false	true	true	true	true	false		false			146..301	126..180	126..180	289..324		129..137	136..145	105..112	109..117	145..151		155	155	129..136	129..136	104..113			true		true				https://gswiki.play.net/spectral_shade		3
spectral_triton_defender	spectral triton defender	defender	98	300	Triton	Biped	medium	6	6	true	false	false	true	true	true	true	false	true	false			236..446	206..428	206..428	501..744		358..367	368	311..320	305..317	376..385				391	391	294..300			true	true	true	true			https://gswiki.play.net/spectral_triton_defender		3
spectral_triton_protector	spectral triton protector	protector	98	300	Triton	Biped	medium	6	6	true	false	false	true	true	true	true	false	true	true	miniboss	20N	270..277	128..435	128..435	358..628	390	392..417	404..406	339..349	353..362	419..441		437..439	437..439	385..388	385..388	391..399			true	true	true	true			https://gswiki.play.net/spectral_triton_protector		3
spectral_warrior	spectral warrior	warrior	34	300	Ghost	Biped	medium	6	10	true	false	false	true	true	true	true	false		false		various	147..212	137..188	137..188	211..247		96..102	102..111	99..102	102..108	93..102		94..109	94..109	102	102	102			true	true	true	true			https://gswiki.play.net/spectral_warrior		3
spectral_woodsman	spectral woodsman	woodsman	35	240	Ghost	Biped	medium	5		true	false	false	true	true	true	true	false		false		5	145..268	144..190	144..190	269..327		121..131	124..134	103..112	102..112	125..146		144	135..159	131..140	131..140	107..116			true		true	true			https://gswiki.play.net/spectral_woodsman		3
spectre	spectre	spectre	14	127	Ghost	Biped	medium	4		true	false	false	true	true	true	false	false		false		17	49..156	33..52	33..52	71..167		42	42	39..42	42	42		42	42	42	42	42	a spectre's	true	true	true	true	true			https://gswiki.play.net/spectre		3
spiked_cavern_urchin	spiked cavern urchin	urchin	17	160	Urchin	Globoid	tiny	1	11	false	true	true		true	true	true		true	true	pack	12N	62..100	62..80	62..80	105..139	51	51..57	51..59	45..54	45..54	48..57		51..54	51..54	48..57	48..57	51..54	a long fiery red spine	true	true	true	true	true			https://gswiki.play.net/spiked_cavern_urchin		3
spotted_gak	spotted gak	gak	2	70	Bovine	Quadruped	large	4	12	false		true		true	true	true		true	false		6N	1..36	8..11	18	38..60		6	6	3..6	6	6		6	6	4..6	4..6	6	a gak hide	true	true	false	false	false			https://gswiki.play.net/spotted_gak		3
spotted_gnarp	spotted gnarp	gnarp	1	60	Caprine	Quadruped	large	2	15	false	true	true		true	true	true	true	true	false		10N	14..37	14	14	40..61	3	3	3	0..3	3	3	3	3	3	3	3	3	a spotted gnarp horn	true	true	false	false	false			https://gswiki.play.net/spotted_gnarp		3
spotted_leaper	spotted leaper	leaper	4	51	Leaper	Quadruped	medium	3	10	false	true	true		true	true	true		true	false		5N	9..33	7..17	7..17	56..76	12	12	12	9..12	12	12	12	12	12	12	12	12	a spotted leaper pelt	true	true	false	false	false			https://gswiki.play.net/spotted_leaper		3
spotted_lynx	spotted lynx	lynx	6	69	Feline	Quadruped	small	2	6	false	true	true		true	true	true		true	false		6N	26..77	26..41	26..41	66..101	18	18	18	15..18	18	18		18	18	18	18	18	a lynx pelt	true	true	false	false	false			https://gswiki.play.net/spotted_lynx		3
spotted_velnalin	spotted velnalin		3		Deer	Quadruped				false								true	false																			a velnalin horn	true							https://gswiki.play.net/spotted_velnalin		3
squamous_reptilian_mutant	Squamous reptilian mutant	mutant	109	600	Reptilian		huge	22	8	false			true	true	true	true		true	false			530..710	309..537	309..537	614..858		487..496	496	450..459	453..456			533	533						true	true	true	true	false		https://gswiki.play.net/Squamous_reptilian_mutant		
steam_dervish	steam dervish	dervish	84	300	Humanoid	Biped	medium	5	5	false	true	true	true	false	true	true	true	true	false		16	223..487	215..379	215..379	493..561	325..349	335	318..321	272..281	278..287	329..343		367..370	367..370	321..328	321..328	252..255			true	true	true	true			https://gswiki.play.net/steam_dervish		3
steel_golem	steel golem	golem	20	188	Golem	Biped	large	9	10	false	false	false	true	false	true	true	false	true	false		19N	65..208	62..97	62..97	101..208		54..60	60	57..60	54..63	55..67		56..69	56..69	54..60	54..60	60..63			true	true	true	true			https://gswiki.play.net/steel_golem		3
stone_gargoyle	stone gargoyle	gargoyle	39	400	Gargoyle	Biped	huge	16	8	false	true	false		false	true	false		true	false			30..131	18..131	18..131	178..228		138	138	114..117	117	145		153	153			117			true	true	true	true			https://gswiki.play.net/stone_gargoyle		3
stone_giant	stone giant	giant	58	600	Giant	Biped	huge	22	11	false	true	false	true	true		true	true	true	false		20N	149..573	110..222	110..222	301..474	202	219..222	228	186..195	192..198	235..241		240..243	240..243	261..268	261..268	177..187			true	true	true	true			https://gswiki.play.net/stone_giant		3
stone_mastiff	stone mastiff	mastiff	62	400	Canine	Quadruped	large	4	8	false	true	false	true	true	true	true	true	true	false		20N	173..294	151..242	151..242	341..456	206..227	236..245	236..245	198..207	201..210	247..259		260..274	260..274	268	268	186	a stone heart	true	true						https://gswiki.play.net/stone_mastiff		3
stone_sentinel	stone sentinel	sentinel	53	331	Golem	Biped	large	8	8	false	false	false		false	true			true	false		20	23..109	27..113	27..113	294..446		202..212	203..213	184..194	174..184	216..226		235	235	203..213	203..213	180..190			true	true	true	true			https://gswiki.play.net/stone_sentinel		3
stone_troll	stone troll	troll	55	400	Troll	Biped	large	11		false	true		true	true		true		true	true	miniboss	16N	492..613	182..186	182..186	212	183..195	203..206	198..207	172..175	175	216..228				204..216	204..216	165..174			true	true	true	true			https://gswiki.play.net/stone_troll		3
stooped_being	stooped being	being	82	300	Chimeric	Biped	large	7		false		true		true		true		true	false		12N					318			294		354..390			360						true	true	true	true			https://gswiki.play.net/stooped_being		3
stooped_titan_stormcaller	stooped titan stormcaller	stormcaller	81	402	Giant	Biped	huge	12		false	true	true		true	true	true	true	true	false		2	412..531	415..501	415..501	389..477		325..334	334..344	293..303	296..306	335..365		366..372	351..381	364	319..349	273..276			true	true	true	true			https://gswiki.play.net/stooped_titan_stormcaller		3
storm_giant	storm giant	giant	39	400	Giant	Biped	huge	12	8	false	true	true	true	true	true	false	true	true	false		8N	136..176	127..209	127..209	175..216		145..155	145..155	123..133	123..133	155..163		162..167	162..167	145..155	145..155	117..122	a giant skin	true	true	true	true	true			https://gswiki.play.net/storm_giant		3
storm_griffin	storm griffin	griffin	73	400	Griffin	Hybrid	large	5	8	false	true	true	true	true	true	true		true	false		12N	155..347	173..306	173..306	262..509		287..293	288..294	242..251	251..257	297..315		314	314	279	279	234..243	soft blue griffin feather	true	true	false	true				https://gswiki.play.net/storm_griffin		3
storm_hound	storm hound	hound	24	210	Canine	Quadruped	medium	3	7	false	true	true	true	true	true	false	true	true	false		8N	206	106..206	106..206	143		74	76	69..72	72	79		81..82	81..82	76..101	76..101	72	storm hound paw	true	true	false	false	false			https://gswiki.play.net/storm_hound		3
striped_gak	striped gak	gak	3	81	Bovine	Quadruped	large	4	10	false		true	true	true	true	true		true	false		6N	11..40	11..14	11..14	48..73		9	9	6..9	9	9		9	9	9	9	9	a gak pelt	true	true	false	false	false			https://gswiki.play.net/striped_gak		3
striped_relnak	striped relnak	relnak	3	42	Reptilian	Quadruped	small	1	10	false	true	true		true	true	false		true	false		1N	27..41	36..37	34..37	46..51	9	9	9	6..9	9	9	9	9	9	9..12	9..12	9	a striped relnak sail	true	true	false	false	false			https://gswiki.play.net/striped_relnak		3
striped_warcat	striped warcat	warcat	20	180	Feline	Quadruped	medium	3	9	false	true	true	true	true	true	true		true	false		10N	80..160	68..111	68..111	120..176	60	60	60..68	57..63	54..60	58..61	63	63	63	60..66	60..66	60	a warcat whisker	true	true	false	false	false			https://gswiki.play.net/striped_warcat		3
stunted_halfling_bloodspeaker	stunted halfling bloodspeaker	bloodspeaker	103	362	Humanoid	biped	small	3	6	false	true		true	true	true	true	true	true	false		2	438..675	439..586	439..586	471..686	470	455..476	461	424..433	400..421	482..503		506..537	506..537		450..461			false	true	true	true		false		https://gswiki.play.net/Stunted_halfling_bloodspeaker		
supple_ivasian_inciter	supple ivasian inciter	inciter	66	300	Humanoid	Biped	medium	6		false	true	true	true	true	true	true		true	false		11	205..371	127..254	127..254	509..578	215..227	255..265	254..264	214..217	217..220	271..284		270..276	270..276	265..300	265..300	192..202			true	true	true	true			https://gswiki.play.net/supple_ivasian_inciter		3
swamp_hag	swamp hag	hag	42	240	Witch	Biped	medium	4		false	true	true		true	true	true	true	true	false			229..297	175..223	309	238..309		149..159	148..157	133..136	116..125	155..161		163	163	148..153	148..153	143..150			true	true	true	true			https://gswiki.play.net/swamp_hag		3
swamp_troll	swamp troll	troll	14	170	Troll	Biped	large	9	14	false	true	true	true	true	true	false		true	false		11N	71..107	64..93	64..93	102..104	49	57	57	54..57	57	53		49	49	57	57	42..49	a swamp troll scalp	true	true	true	true	true			https://gswiki.play.net/swamp_troll		3
swirling_spectre	swirling spectre	spectre	37	240	Ghost	Biped	medium	4	10	true	false	false	true	true	true	true	false	true	false		5N	70..212	90..148	90..148	115..244		129..136	134..143	108..118	106..114	139..145			147	146	146	118..127			true	true	true	true			https://gswiki.play.net/swirling_spectre		3
tattooed_gigas_berserker	tattooed gigas berserker	berserker	103	900	Gigas	biped	huge	30	8	false	true		true	true	true	true	true	true	false		10	243..762	304..615	304..615	466..913	401	406..476	406..418	366..375	333..442	438..448		461..471	461..471	360..418	360..418			false	true	true	true	true	false		https://gswiki.play.net/Tattooed_gigas_berserker		
tawny_armor_clad_pegasus	tawny armor-clad pegasus	pegasus	115		Equine	Hybrid				false			true				true	true	false																			multihued pegasus mane	true							https://gswiki.play.net/tawny_armor-clad_pegasus		3
tawny_brindlecat	tawny brindlecat	brindlecat	13	123	Feline	Quadruped	medium	3	6	false	true	true		true	true	true		true	false		8	82..151	52..104	52..104	90..166	39	39..45	35..43	30..39	39..42	39..45	39	39..45	39..45	39..66	39..66	39..45	a tawny brindlecat hide	true	true	false	false	false			https://gswiki.play.net/tawny_brindlecat		3
tegursh_sentry	tegursh sentry	sentry	30	350	Tegursh	Biped	large	7		false	true	true	true	true	true	true	true	true	false		12N	190..326	113..225	113..225	198..336	96	103..115	111..119	87..96	93..96	109..118		120..123	120..123	108..117	108..117	87..96	a tegursh claw	true	true	true	true	true			https://gswiki.play.net/tegursh_sentry		3
tenebrific_wraith_shark	tenebrific wraith shark	shark	110	500	Wraith					true							false		false						642															true	true	true	true			https://gswiki.play.net/tenebrific_wraith_shark		3
thrak	thrak	thrak	8	85	Reptilian	Quadruped	medium	1	7	false	true	true		true	true			true	false		11N	47..68	48..57	48..57	77..79	24	24	24	24	24	24	24	24	24	24..27	24..27	24	a thrak hide	true	true	true	true	true			https://gswiki.play.net/thrak		3
three_toed_tegu	three-toed tegu	tegu	33	380	Reptilian	Quadruped	large	2		false	true	true	true	true	true	true		true	false		12N	166..247	156..183	156..183	198..250	96..99	96..105	97..106	99..108	99..108	103..120		111..114	111..114	97..106	97..106	99	a tailspike	true	true						https://gswiki.play.net/three-toed_tegu		3
thunder_troll	thunder troll	troll	18	160	Troll	Biped	large	9	7	false	true	true		true	true	false	true	true	false		10N	67..132	66..135	66..135	91..120	41..68	49..59	49..59	49..59	49..59	57..64		48..53	48..53	59..66	59..66	61..66	a troll scalp	true	true	true	true	true			https://gswiki.play.net/thunder_troll		3
thyril	thyril	thyril	2	51	Thyril	Biped	small	2	15	false	true	true	true	true	true	false		true	false		1N	29..49	1	1	26..44	6	6	6	3..6	6	6		6	6	6	6	6			true	true	true	true			https://gswiki.play.net/thyril		3
titan_tempest_tyrant	titan tempest tyrant	tyrant	83	400	Giant	Biped	huge	13	8	false	true	true	true	true	true	true		true	false		12	277..465	252..387	252..387	481..689		292..301	292..301	254..263	251..260	298..328		332	317..347	307	277..307	252..261			true	true	true	true			https://gswiki.play.net/titan_tempest_tyrant		3
tomb_troll	tomb troll	troll	52	400	Troll	Biped	large	9		false	true	true	true	true	true	true	true	true	true	miniboss	12	187..352	155..295	155..295	281..453	177	193..214	191..197	164..173	164..170	194..214		213..215	213..215	248	248	159..168	troll thumb	true	true	true	true	true			https://gswiki.play.net/tomb_troll		3
tomb_troll_necromancer	tomb troll necromancer	necromancer	54	400	Troll	Biped	large	9		false	true	true	true	true	true	true	true	true	false			246..362	232..311	203	263..397	212..242	259..269	257..267	238..247	207..213	252..285		276	276	230..237	230..237	198..208	troll eyeball	true	true	true	true	true			https://gswiki.play.net/tomb_troll_necromancer		3
tomb_wight	tomb wight	wight	15	135	Wight	Biped	medium	5		true	false	true		true	true	true	false	true	false		18	64..187	7..119	7..119	75..166	45	39..51	45..53	42..51	39..51	45	45	45	45	45..60	45..60	42..51	a wight claw	true	true	true	true	true			https://gswiki.play.net/tomb_wight		3
translucent_kiramon_strandweaver	translucent kiramon strandweaver	strandweaver	110	327	Kiramon	Insect	medium	4		false			true	true	true	true	false	true	false		1N		517..628	517..628	600		492..501	501	456..465	468..477								a pallid strandweaver spinnere	true	true	false	true				https://gswiki.play.net/translucent_kiramon_strandweaver		3
tree_spirit	tree spirit	spirit	26	310	Tree	Plantlife	large	10		true	false	false	true	true	true	true	false		false		8N	105..226	96..156	96..156	127..230	78	76..85	81..90	75..84	72..78	88..91		91..97	91..97	84..90	84..90	75..84			true	true	true	true			https://gswiki.play.net/tree_spirit		3
tree_viper	tree viper	viper	24	212	Reptilian	Ophidian	medium	1	9	false	true	true	true	true	true	true		true	false		8N	165..207	140..197	140..197	159..207		66..75	68..78	63..72	72	66..75		72..75	72..75	68..78	68..78	72..75	tree viper fang	true	true	false	false	false			https://gswiki.play.net/tree_viper		3
treekin_druid	treekin druid	druid	83	400	Tree	Plantlife	large	8		false	true	false	true	true	true	true		true	false		16	361..434	205..222	205..222	390	329	355..361	361	305..311	308..314	365..379		389	389	346..355	346..355	261	mossy beard	true	true	true	true	true			https://gswiki.play.net/treekin_druid		3
treekin_sapling	treekin sapling	sapling								false									false		12										305									false	false	false	false			https://gswiki.play.net/treekin_sapling		3
treekin_warrior	treekin warrior	warrior	80	400	Tree	Plantlife	large	16	7	false	true	false	true	true	true	true		true	false		17	154..300	125..283	125..283	265..557	312	334	317..326	268..277	268..277	337..343		349..408	349..408	349	349	252	blood-stained bark	true	true	true	true	true			https://gswiki.play.net/treekin_warrior		3
triton_assassin	triton assassin	assassin	96	300	Triton	Biped	medium	6	6	false	true	true	true	true	true	true		true	true	miniboss	8N	228..662	270..471	270..471	483	375	379..397	379..389	339..342	329..339	396..426		432..440	413..441	398	364..381	379..381			true	true	true	true			https://gswiki.play.net/triton_assassin		3
triton_brawler	triton brawler	brawler	98	300	Triton	Biped	medium	6	3	false	true		true	true	true	true		true	true	miniboss	11N	249..609	109..502	109..502	457..759	385	403..427	412..422	343..350	340..350	410..450		427..460	427..460	403..413	403..413	419	darkened triton hide	true	true	true	true	true			https://gswiki.play.net/triton_brawler		3
triton_combatant	triton combatant	combatant	98	300	Triton	Biped	medium	6	6	false	true	true	true	true	true	true		true	false		20	248..375	137..418	137..418	526..539	324	351..360	349..358	301..330	295..304	369..384		375..399	375..399	391	391	294..303			true	true	true	true			https://gswiki.play.net/triton_combatant		3
triton_dissembler	triton dissembler	dissembler	94	238	Triton	Biped	medium	6	9	false	true	true	true	true	true	true		true	false			291	307..419	307..419	470		388	380	334..337	327	378..385		415..524	415..524	433	433	316..323	a curved gold-flecked claw	true	true	true	true	true			https://gswiki.play.net/triton_dissembler		3
triton_executioner	triton executioner	executioner	96	300	Triton	Biped	medium	6	4	false	true	true	true	true	true	true	true	true	false			325..528	266..463	266..463	498..555	340	379	359..371	312..321	303..312	381..396		393..411	393..411	371	371	294..303			true	true	true	true			https://gswiki.play.net/triton_executioner		3
triton_fanatic	triton fanatic	fanatic	100	300	Triton	Biped	medium	6	6	false		true	true	true	true	true		true	true	miniboss	17N	80..344	106..286	106..286	374..455		469	418..440	360..370	414	422..455		462..472	433..468	354..444	354..444	408..417	thick triton spine	true	true	true	true	true			https://gswiki.play.net/triton_fanatic		3
triton_magus	triton magus	magus	102	299	Triton	Biped	medium	6	3	false			true	true	true	true		true	false		8	345..443	310..379	310..379	432..554	373	430..433	406..414	362..372	371..379			464..473	464..473				an iridescent triton hide	true	true	true	true	true			https://gswiki.play.net/triton_magus		3
triton_radical	triton radical	radical	100	300	Triton	Biped	medium	6	3	false	true	true	true	true	true	true		true	false		12	291..567	229..510	229..510	520..649	375	402..407	369..445	335..352	355	416..420		414..453	414..453	384..392	384..392	317..327	an elongated triton spine	true	true	true	true	true			https://gswiki.play.net/triton_radical		3
triton_warden	triton warden	warden	102	300	Triton	Biped	medium	6	4	false			true	true	true	true		true	true	miniboss	12N	130..646	259..422	259..422	419..620		426..432	421..423	371..381	365..375	433..471		401..481	401..481	341..366	341..366		curved black claw	true	true	true	true	true			https://gswiki.play.net/triton_warden		3
triton_warlock	triton warlock	warlock	94	240	Triton	Biped	medium	6	8	false	true	true	true	true	true	true		true	true	miniboss	6N	242..554	329..478	329..478	387..590	400	391..408	409	341..351	346..354	410..440		436..446	436..446	392..399	392..399	393..403	curved black claw	true	true	true	true	true			https://gswiki.play.net/triton_warlock		3
troglodyte	troglodyte	troglodyte	3	60	Humanoid	Biped	medium	3	15	false	true	true	true	true	true	false		true	false		5	16..32	13	11..13	45		9	9	6..9	9	9		9	9	9	9	9			true	true	true	true			https://gswiki.play.net/troglodyte		3
troll_chieftain	troll chieftain	chieftain	27	300	Troll	Biped	large	8	8	false	true	true		true	true	false	true	true	false		13	86..96	79..114	79..114			96	96	78..81	96	92		88	88	96	96	81..88	troll fang	true	true	true	true	true			https://gswiki.play.net/troll_chieftain		3
troll_wraith	troll wraith	wraith	35	400	Troll	Biped	large	9		true	false	false	true	true	true	true	false		true	miniboss		101..260	113..147	105..147	217..342	118..123	129..139	130..136	109..119	110..119	139..142		143..148	143..148	132..141	132..141	119..128			true	true	true	true			https://gswiki.play.net/troll_wraith		3
tundra_giant	tundra giant	giant	34	485	Giant	Biped	huge	15		false	true		true			true		true	false		12N	137..216	90..143	90..143	205..278		113..123		99..109	99..108	121..139		132..141	132..141	114..124	114..124	109..117	a tundra giant tooth	true	true	true	true	true			https://gswiki.play.net/tundra_giant		3
tusked_ursian	tusked ursian	ursian	37	260	Bear	Quadruped	large	4	7	false	true	true	true	true	true	true		true	false		12N	118..216	124..161	151..161	227..283	111	113..120	120..126	108..114	111..114	126..135			142	120..129	120..129	111	an ursian tusk	true	true	false	false	false			https://gswiki.play.net/tusked_ursian		3
twisted_being	twisted being	being	82	300	Chimeric	Biped	large	7		false		true		true		true		true	false							346			281		354..390									true	true	true	true			https://gswiki.play.net/twisted_being		3
undertaker_bat	undertaker bat	bat	36	258	Bat	Avian	small			false	true	true		true	true	true	true	true	false			199..237	142..208	142..208	201..230	113..122	120..134	126..135	105..108	99..108	132..138		133..147	133..147	126	126	108..114	a bat wing	true	true						https://gswiki.play.net/undertaker_bat		3
urgh	urgh	urgh	4	51	Suine	Quadruped	medium	3	15	false	true	true		true	true	true		true	false		12N	21..51	19	19	49..72	12	12	12	9..12	12	12		12	12	12..15	12..15	12	urgh hide	true	true	false	false	false			https://gswiki.play.net/urgh		3
vaespilon	vaespilon	vaespilon	93	300	Humanoid	Biped	medium	6	8	true	false	true	true	true	true	true	false	true	false		2	283..521	201..423	201..423	381..617		399..409	385..391	359..362	347..356	416..425		434..439	434..439	419	419	365..369			true	true	true	true			https://gswiki.play.net/vaespilon		3
vapor_hound	vapor hound	hound	24	211	Canine	Quadruped	medium	3	7	true	false	true	true	true	true	false	false	true	false		8N	126..141	107..131	107..131	141..145		99	101	94..97	97	104		106..107	106..107	101	101	97	vapor hound tail	true	true	false	false	false			https://gswiki.play.net/vapor_hound		3
velnalin	velnalin	velnalin	3	44	Deer	Quadruped	medium	4		false		true		true	true	true	true	true	false		1N	3..41	0..14	13	68..71		9	9	6..9	9	9		9	9	9	9		a velnalin hide	true	true	false	false	false			https://gswiki.play.net/velnalin		3
vesperti	vesperti	vesperti	38	240	Vesperti	Biped	medium	6		false	false	false	true	false	false	true		true	false	miniboss	6N	218..281	172..263	172..263	232..331													a vesperti claw	true	true	true	true	true			https://gswiki.play.net/vesperti		3
veteran_reiver	veteran reiver	reiver	24	270	Reiver	Biped	medium	6	12	false	true	true		true	true	false		true	false			89..116	104..116	104..116	137		72	61..72	69..72	72	72				72	72	72			true	true	true				https://gswiki.play.net/veteran_reiver		3
vourkha	vourkha	vourkha	39	238	Wraith	Biped	medium	5	5	true	false	true	true	true	true	true	false	true	false		7N	136..283	134..180	134..180	163..322	135	148..157	148..154	126..135	122..135	149..164		162..163	162..163	148..157	148..157	127..136			true	true	true	true			https://gswiki.play.net/vourkha		3
vvrael_destroyer	Vvrael destroyer	destroyer	108	345	Vvrael	Biped	medium	6	6	false				false	false	true	false	true	false		20		246..426	246..426	424..769															true		true	true			https://gswiki.play.net/vvrael_destroyer		3
vvrael_warlock	Vvrael warlock	warlock	84	240	Vvrael	Biped	medium	6	7	false	false	false	true	false	false	true	false	true	true	miniboss	2	360..657	301..335	301..335	388..682															true	true	true	true			https://gswiki.play.net/vvrael_warlock		3
vvrael_witch	Vvrael witch	witch	80	250	Vvrael	Biped	medium	5		false	false	false	true	false	false	true	false	true	true	miniboss	1N	366..602	449..540	449..540	517..644															true	true	true	true			https://gswiki.play.net/vvrael_witch		3
waern	waern	waern	49	262	Canine	Quadruped	medium	3	6	true	false	true				true	false	true	true	pack		195..328	248..269	251..269	275..370	165	180	170..179	144..153		190..199	200	199..203	199..203			144..153	a waern fur	true	true	true	false	false			https://gswiki.play.net/waern		3
wall_guardian	wall guardian	guardian	11	138	Humanoid	Biped	small	3	9	false	true	true	true	true	true	true		true	false		16	59..144	46..79	46..79	76..171	27	30..39	33..41	30..39	30..33	27..33		33	33	27..39	27..39	30..39			true	true	true	true			https://gswiki.play.net/wall_guardian		3
war_griffin	war griffin	griffin	100	400	Griffin	Hybrid	large	6	7	false	true	true	true	true	true	true		true	false		12	168..348	184..358	184..358	415..542	390	424..433	415..424	366..375	360	439..448		457..561	457..561	381..388	381..388	351..360	a war griffin talon	true	true		true				https://gswiki.play.net/war_griffin		3
war_troll	war troll	troll	18	230	Troll	Biped	large	10	9	false	true	true		true	true		true	true	false		various	44..108	35..53	35..53	89..202		69	69	66..69	69	65		54..69	54..69	69	69	54..61	a troll heart	true	true	true	true	true		Health regeneration	https://gswiki.play.net/war_troll		3
warped_tree_spirit	warped tree spirit	spirit	68	369	Tree	Plantlife	large	10		true		false		true	true	true	false	true	false		12N	172..326	175..216	175..216	245..364	230..242	252..261	269	214..223	223..232	249..261		290	290			198..204			true	true	true				https://gswiki.play.net/warped_tree_spirit		3
warrior_shade	warrior shade	shade	48	300	Ghost	Biped	medium	6		true	false	false	true	true	true		false		true	pack	13N	201..233	175..215	175..215	311	158	176	172..181	149..158	149	185..194		195..196	195..196	174..178	174..178	144..153			true	true	true	true			https://gswiki.play.net/warrior_shade		3
warthog	warthog	warthog	22	270	Suine	Quadruped	medium	3	12	false	true	true	true	true	true	true		true	false		8N	73..154	92..96	92..96	147..196	63	63..72	66..74	60..69	60..66	66		66..69	66..69	60..66	60..66	60..69	a warthog snout	true	true						https://gswiki.play.net/warthog		3
wasp_nest	wasp nest	nest	43	143	Wasp	Insect	large	8		false	false	false		true	false	false	true	true	false			139..206	191..420	191..420	231..242	72	86	85	59..62	62			103	103	217	217	60									https://gswiki.play.net/wasp_nest		3
water_elemental	water elemental	elemental	92	362	Elemental	Elemental	large	9	8	false	false	false		false	true	true		true	false		10	289..589	244..451	244..451	587	409	427	407	368..377	383			502	502	436..438	436..438	331..341			true						https://gswiki.play.net/water_elemental		3
water_hound	water hound	hound	24	210	Canine	Quadruped	medium	3	7	false	true	true	true	true	true	false	true	true	false		8N	133..141	86..206	86..206	141..145		74	76	69..72	72	79		81..82	81..82	76	76	72	water hound pelt	true	true	false	false	false			https://gswiki.play.net/water_hound		3
water_moccasin	water moccasin	moccasin	4	50	Reptilian	Ophidian	small	1	8	false	true	true		true	true	false		true	false		5N	28..37	28..33	28..33	21	12	12	12	9..12	12	12		12	12	39	39	12	a water moccasin's	true	true	false	false	false			https://gswiki.play.net/water_moccasin		3
water_witch	water witch	witch	5	80	Witch	Biped	medium	5		false	true	true		true	true	false		true	false		1N	27..43	16..23	16..23	97	15	15	15	12..15	15	15		15	15	15	15	15			true		true	true			https://gswiki.play.net/water_witch		3
water_wyrd	water wyrd	wyrd	35	262	Elemental	Hybrid	medium	5		false		false	true	false	true	true	true	true	false			127..313	60..196	60..196	165..298		139..142	129					140	140	163..172	163..172	122..132			false	false	true	false			https://gswiki.play.net/water_wyrd		3
werebear	werebear	werebear	10	150	Bear	Quadruped	large	3	9	true	false	true		true	true	false	false		false		8N	57..87	55..85	55..85	85		30	30..39	27..30	30	30			30	30..39	30..39	30	a werebear paw	true	true	true	true	true			https://gswiki.play.net/werebear		3
wharf_rat	wharf rat	rat		24	Rodent	Quadruped	small	1		false	true	true		true	true	true		true	false			14	12	12	24		3	3	3	3	3		3	3	3..6	3..6	3	fang	true	true						https://gswiki.play.net/wharf_rat		3
whiptail	whiptail	whiptail	4	50	Arachnid	Arachnid	medium	1	6	false	true	false		true	true	false		true	false		12N	32..59	29..36	29..36	54..60	12	12	6..12	9..12	12	12		12	12	12	12	12	a whiptail stinger	true	true	false	false	false			https://gswiki.play.net/whiptail		3
white_vysan	white vysan	vysan	3	50	Vysan	Biped	small	4	12	false	true	true		true	true	false		true	false		1N	18	13	13	51		9	9	6..9	9	9		9	9	9..15	9..15	9			true	true	true	true			https://gswiki.play.net/white_vysan		3
wild_hound	wild hound		31		Canine	Quadruped				false								true	false																											https://gswiki.play.net/wild_hound		3
wind_witch	wind witch	witch	16	142	Witch	Biped	medium	5	6	false	true	true	true	true	true	false	true	true	false		2	115..150	98..133	98..133	130..149	54..59	46..53	46..53	43..53	46..51	45..55		44..59	44..59	76	76	48..55	a crooked witch nose	true	true	true	true	true			https://gswiki.play.net/wind_witch		3
wind_wraith	wind wraith	wraith	63	300	Wraith	Biped	medium	5	6	true	false	false	true	true	true	true	false	true	true	pack	8N	231..450	208..284	208..284	230..534		247..259	250..259	208..217	211..220	256..265		276..284	276..284	247..250	247..250	183..189			true	false	true	false			https://gswiki.play.net/wind_wraith		3
winged_viper	winged viper	viper	60	260	Reptilian	Avian	small			false		true	true	true	true	true		true	false		12N	166..245	182..212	182..212	244		221..225	225..234	188..191	191	231..241			247		222	192..201	pure white feather	true	true	false	false	false			https://gswiki.play.net/winged_viper		3
withered_shadow-cloaked_draugr	Withered shadow-cloaked draugr	draugr	108	900	Gigas	Biped	huge	30	10	true			true	true	true	true	false	true	false		7		351..638	351..638	609..899		459..462	447	403..412	444										true	true	true	true	false		https://gswiki.play.net/Withered_shadow-cloaked_draugr		
wolfshade	wolfshade	wolfshade	15	140	Canine	Quadruped	medium	3	5	true	false	false	true	true	true	false	false		false		1N	74..95	68..78	68..78	97..110	45	45	45	42..45	45	45	45	45	45	45	45	45			true	false	false	false			https://gswiki.play.net/wolfshade		3
wolverine	wolverine	wolverine	24	210	Mustelid	Quadruped	small	2	15	false	true	true	true	true	true	false		true	false		11N	187..241	178..235	178..235	199..225	72	74	76	69..72	72	79		81..82	81..82	124..131	124..131	72	a wolverine pelt	true	true						https://gswiki.play.net/wolverine		3
wood_sprite	wood sprite	sprite	38	238	Fey	Biped	tiny	3		false	true	true	true	true	true	true		true	false		9N	196..353	107	156..160	211..371	119..124	130..140	140..150	111..120	121..127	140..149		146..157	146..157	131..141	131..141	122..127			true	true	true	true			https://gswiki.play.net/wood_sprite		3
wood_wight	wood wight	wight	20	170	Wight	Biped	medium	5		true	false	true		true	true	true	false	true	false		1N	69..177	66..112	66..112	92..180	66	60..66	52..60	57..66	54..60	61..67		62..63	62..63	54..72	54..72	60..63	a wight scalp	true	true	true	true	true			https://gswiki.play.net/wood_wight		3
wooly_mammoth	wooly mammoth	mammoth	52	400	Elephantid	Quadruped	huge	12	19	false	true	true	true	true	true	true	true	true	false			205..344	268..272	257..272	303	167	183..192	178..184	150..156	156..165	193..199		205	205	172..187	172..187	156..165	a mammoth tusk	true	true						https://gswiki.play.net/wooly_mammoth		3
wraith	wraith	wraith	15	133	Wraith	Biped	large	7	7	true	false	false	true	true	true	false	false		false			65..151	65..78	65..78	105..166		45	45	42..45	45	45		45	45	45	45	45	a wraith talon	true	true	true	true	true			https://gswiki.play.net/wraith		3
writhing_frost_glazed_vine	writhing frost-glazed vine	vine	40	388	Plant	Plantlife	medium	3		true	false	false		true	false	true	false	true	false			79..238	96..130	96..130	214..281		162..168	162..171	137..143	140..149	170..176		172	172	162..171	162..171	120..129	thorn-ridden appendage	true							https://gswiki.play.net/writhing_frost-glazed_vine		3
writhing_icy_bush	writhing icy bush	bush	36	362	Bush	Plantlife	medium	3	7	true	false	false		true	false	true	false	true	false		12N	120..284	107..145	107..145	168..215		125..131	117..135	105..111	102..108	117..147		139	123..153	165..171	111..141	105..108	blood-stained leaf	true							https://gswiki.play.net/writhing_icy_bush		3
yeti	yeti	yeti	67	400	Yeti	Biped	huge	12	7	false	true	true	true	true	true	true		true	true	pack	12N	357..465	243..303	243..303	376..565	226..247	251..257	256..265	216..222	219	266..275		283..285	283..285	247..256	247..256	200..209			true	true	true	true			https://gswiki.play.net/yeti		3
young_grass_snake	young grass snake	snake	1	28	Reptilian	Ophidian	small	1	8	false	true	true		true	true	false		true	false		5N	23	12..22	12..22	32..41	3	3	3	3	3	3		3	3	3	3	3	a snake skin	true	true	false	false	false			https://gswiki.play.net/young_grass_snake		3
zombie	zombie	zombie	23	260	Zombie	Biped	medium	5	11	true	false	true	true	true	true	true	false	true	true	pack	12	93..156	91..135	91..135	115..169	63..69	64..76	64..78	63..72	63..69	68..80		77..79	77..79	69..78	69..78	63..78	zombie scalp	true	true	true	true	true			https://gswiki.play.net/zombie		3
zombie_rolton	zombie rolton	rolton	1	28	Caprine	Quadruped	medium	3	20	true	false	true		true	true	false	false	true	false		1N	5..7	5	5	42		3	3	3	3	3		3	3	3	3	3	a rotting rolton pelt	true	true	false	false	false			https://gswiki.play.net/zombie_rolton		3
