creature_id	kind	text
agresh_bear	death	The Agresh bear collapses heavily into a heap on the ground and dies.
agresh_bear	death	The Agresh bear lets out a blood-curdling roar and dies.
agresh_bear	flee	An Agresh bear lumbers {direction}.
agresh_bear	flee	An Agresh bear slowly lumbers {direction}, growling in pain.
agresh_bear	flee	An Agresh bear slowly backs away, {pronoun} teeth bared.
agresh_bear	flee	An Agresh bear lumbers {direction}, flecks of drool flinging with each of {pronoun} strides.
agresh_bear	arrival	An Agresh bear lumbers in, flecks of drool flinging with each of its strides.
agresh_bear	arrival	An Agresh bear lumbers in!
agresh_bear	decay	An Agresh bear decays into a compost of fangs, fur and claws.
agresh_troll_chieftain	death	The troll chieftain bellows in rage one last time and dies.
agresh_troll_chieftain	flee	An Agresh troll chieftain limps {direction}.
agresh_troll_chieftain	flee	An Agresh troll chieftain runs {direction}.
agresh_troll_chieftain	arrival	An Agresh troll chieftain just arrived!
agresh_troll_chieftain	arrival	An Agresh troll chieftain charges in, {pronoun} eyes gleaming with hate!
agresh_troll_chieftain	decay	An Agresh troll chieftain decays into compost.
agresh_troll_scout	flee	An Agresh troll scout runs {direction}.
agresh_troll_scout	arrival	An Agresh troll scout just arrived!
agresh_troll_scout	arrival	An Agresh troll scout stalks in, glancing warily side to each side!
agresh_troll_scout	decay	An Agresh troll scout decays into compost.
agresh_troll_warrior	flee	An Agresh troll warrior runs {direction}.
agresh_troll_warrior	flee	An Agresh troll warrior limps {direction}.
agresh_troll_warrior	arrival	An Agresh troll warrior just arrived!
agresh_troll_warrior	decay	An Agresh troll warrior decays into compost.
albino_tomb_spider	death	The tomb spider's body jerks one last time and dies.
albino_tomb_spider	death	The tomb spider collapses to the ground and dies.
albino_tomb_spider	death	The albino tomb spider collapses to the ground and dies.
albino_tomb_spider	death	The albino tomb spider's body jerks one last time and dies.
albino_tomb_spider	flee	An albino tomb spider scurries {direction}.
albino_tomb_spider	flee	An albino tomb spider hobbles {direction}.
albino_tomb_spider	decay	An albino tomb spider's legs shrivel up beneath it as it decays into dust.
albino_tomb_spider	decay	A giant albino tomb spider's legs shrivel up beneath it as it decays into dust.
amaranthine_kraken_tentacle	death	An amaranthine kraken tentacle writhes, twitches and spasms going down its length before it crumples, going still.
amaranthine_kraken_tentacle	flee	An amaranthine kraken tentacle hurtles away from the colored light, which sears a swathe across the ground!
ancient_ghoul_master	death	The ancient ghoul master falls to the ground motionless.
ancient_ghoul_master	death	The ancient ghoul master screams evilly one last time and goes still.
ancient_ghoul_master	arrival	An ancient ghoul master just arrived.
ancient_ghoul_master	decay	An ancient ghoul master turns to dust.
animated_slush	death	The animated slush falls to the ground dead, {pronoun} icy surface still pulsating with a blinding white hue.
animated_slush	arrival	An animated slush ripples in, its mass wobbling slightly as it arrives.
arachne_acolyte	death	The Arachne acolyte slumps to the ground and dies.
arachne_acolyte	death	The Arachne acolyte exhales a final curse and dies.
arachne_acolyte	flee	An Arachne acolyte winces and anxiously retreats!
arachne_acolyte	flee	An Arachne acolyte heads {direction}.
arachne_acolyte	flee	An Arachne acolyte limps {direction}.
arachne_acolyte	arrival	An Arachne acolyte just arrived.
arachne_acolyte	arrival	An Arachne acolyte rushes in glowering insidiously!
arachne_acolyte	decay	The Arachne acolyte's body dissolves into a puff of lingering red smoke.
arachne_priest	death	The Arachne priest exhales a final curse and dies.
arachne_priest	death	The Arachne priest slumps to the ground and dies.
arachne_priest	death	The Arachne priestess exhales a final curse and dies.
arachne_priest	flee	An Arachne priest heads {direction}.
arachne_priest	flee	An Arachne priestess heads {direction}.
arachne_priest	arrival	An Arachne priest just arrived.
arachne_priest	arrival	An Arachne priestess just arrived.
arachne_priest	arrival	An Arachne priest strolls in chanting a soft prayer to {pronoun} god!
arachne_servant	death	The Arachne servant exhales a final curse and dies.
arachne_servant	death	The Arachne servant slumps to the ground and dies.
arachne_servant	flee	An Arachne servant heads {direction}.
arachne_servant	flee	An arachne servant looks tentative as {pronoun} backs away hissing, "Repent! Lest Arachne strike thee down!"
arachne_servant	arrival	An Arachne servant just arrived.
arch_wight	death	The arch wight falls to the ground motionless.
arch_wight	death	The arch wight screams evilly one last time and goes still.
arch_wight	flee	An arch wight runs {direction}.
arch_wight	flee	An arch wight limps {direction}.
arch_wight	arrival	An arch wight just arrived.
arch_wight	decay	An arch wight crumbles to dust.
arctic_manticore	death	The arctic manticore falls to the ground and dies.
arctic_manticore	death	The arctic manticore screams one last time and dies.
arctic_manticore	death	The arctic manticore twitches violently, then dies.
arctic_manticore	flee	An arctic manticore heads {direction}.
arctic_manticore	arrival	An arctic manticore just arrived.
arctic_manticore	arrival	An arctic manticore charges in.
arctic_manticore	decay	An arctic manticore decays into compost.
arctic_puma	death	The arctic puma crumples to the ground and dies.
arctic_puma	death	The arctic puma lets out a final caterwaul and dies.
arctic_puma	flee	An arctic puma scampers {direction}.
arctic_puma	arrival	An arctic puma scampers in!
arctic_puma	decay	An arctic puma decays into a compost of fangs, fur and claws.
arctic_titan	death	The arctic titan screams evilly one last time and goes still.
arctic_titan	death	The arctic titan falls to the ground motionless.
arctic_titan	flee	An arctic titan lumbers {direction}.
arctic_titan	arrival	An arctic titan lumbers into view.
arctic_titan	decay	An arctic titan turns to dust.
arctic_wolverine	flee	An arctic wolverine scampers {direction}, growling in pain.
arctic_wolverine	flee	An arctic wolverine scampers {direction}.
arctic_wolverine	flee	The arctic wolverine slowly backs away, {pronoun} teeth bared.
arctic_wolverine	arrival	An arctic wolverine scampers in!
arctic_wolverine	arrival	An arctic wolverine scampers in, growling in pain!
ash_guardian	death	Ash explodes in all directions as an ash guardian succumbs to its final blow.
ash_guardian	flee	An ash guardian heads southwest in a roiling cloud of ash.
ash_guardian	flee	An ash guardian heads northeast in a roiling cloud of ash.
ash_guardian	flee	An ash guardian heads east in a roiling cloud of ash.
ash_guardian	flee	An ash guardian heads west in a roiling cloud of ash.
ash_guardian	flee	An ash guardian heads south in a roiling cloud of ash.
ash_guardian	flee	An ash guardian heads southeast in a roiling cloud of ash.
ash_guardian	flee	An ash guardian heads north in a roiling cloud of ash.
ash_guardian	flee	An ash guardian heads northwest in a roiling cloud of ash.
ash_guardian	decay	The form of an ash guardian dissolves into the surroundings.
ash_hag	death	The ash hag twitches violently, then dies.
ash_hag	flee	An ash hag bursts into flame, leaving nothing behind but a cloud of ash that wafts {direction}.
ash_hag	arrival	An ash hag just arrived, shrieking in pain!
ash_hag	decay	An ash hag crumbles into a pile of ash.
ashen_patrician_vampire	flee	An ashen patrician vampire just went through some vaulting grey stone doors.
ashen_patrician_vampire	flee	An ashen patrician vampire just went through a heavy steel portcullis.
ashen_patrician_vampire	arrival	An ashen patrician vampire prowls in, deadly grace in every fluid step.  With a smirk that twists {pronoun} exquisite features, {pronoun} bares {pronoun} shining white fangs.
ashen_patrician_vampire	arrival	An ashen patrician vampire strides in, moving like flowing water.
ashen_patrician_vampire	arrival	An ashen patrician vampire just came through some vaulting grey stone doors.
ashen_patrician_vampire	arrival	An ashen patrician vampire just came through a heavy steel portcullis.
ashen_patrician_vampire	decay	Groans and cracks emanate from an infernal death knight's armor as it suddenly succumbs to metal fatigue.  Within seconds, his skeletal form collapses into blanched powder and blows away.
ashen_patrician_vampire	decay	Maggots and buzzing flies burst from a cadaverous tatterdemalion ghast's flesh as her skin peels and crumbles.  The scavenging insects rapidly consume the remains, leaving little but brittle bones.
athletic_dark_eyed_incubus	flee	An athletic dark-eyed incubus crawls {direction}.
athletic_dark_eyed_incubus	flee	An athletic dark-eyed incubus just went to some lichen-clad dark wooden docks.
athletic_dark_eyed_incubus	flee	An athletic dark-eyed incubus just went to a torchlit overgrown grotto.
athletic_dark_eyed_incubus	flee	An athletic dark-eyed incubus just went through a sculpted stone arch.
athletic_dark_eyed_incubus	flee	An athletic dark-eyed incubus just went across a vine-covered wood suspension bridge.
athletic_dark_eyed_incubus	flee	An athletic dark-eyed incubus just went through a pair of inlaid bronze doors.
athletic_dark_eyed_incubus	flee	An athletic dark-eyed incubus just went down a warped oaken gangplank.
athletic_dark_eyed_incubus	flee	An athletic dark-eyed incubus just went up a warped oaken gangplank.
athletic_dark_eyed_incubus	arrival	An athletic dark-eyed incubus just arrived from some lichen-clad dark wooden docks.
athletic_dark_eyed_incubus	arrival	An athletic dark-eyed incubus just arrived from a torchlit overgrown grotto.
athletic_dark_eyed_incubus	arrival	An athletic dark-eyed incubus just came through a sculpted stone arch.
athletic_dark_eyed_incubus	decay	Shadows crawl toward the form of an athletic dark-eyed incubus, engulfing it in a stygian tide.  The darkness dissolves into the ground with a faint sound of rushing liquid.
baesrukha	death	The baesrukha collapses to the ground in a motionless heap, sending a plume of dust up from {pronoun} unwashed body.
baesrukha	arrival	A baesrukha sweeps in, {pronoun} haunted eyes darting about.
banded_rattlesnake	flee	A banded rattlesnake slithers {direction}.
banded_rattlesnake	flee	A banded rattlesnake slowly slithers {direction}.
banded_rattlesnake	arrival	A banded rattlesnake slithers in, its tongue darting out to taste the air around it.
banded_rattlesnake	arrival	A banded rattlesnake slithers in.
banded_rattlesnake	arrival	A banded rattlesnake slowly slithers in.
banded_rattlesnake	arrival	A banded rattlesnake just arrived.
banded_rattlesnake	decay	A banded rattlesnake decays, leaving nothing but bits of rattle and fang in {pronoun} place.
banshee	flee	A banshee floats {direction}.
banshee	decay	A banshee dissolves away.
banshee	decay	The banshee slumps to the floor, exhales a sigh of relief, and begins to quickly decay away.
banshee	decay	The banshee exhales a sigh of relief and begins to quickly decay away.
barbed_cavern_urchin	decay	Spines litter the ground as the cavern urchin crumbles into a pile of splinters and skin.
barbed_cavern_urchin	decay	A barbed cavern urchin simply withers away, bits of grayish dust scattered about in its wake.
barghest	death	The barghest falls to the ground and dies.
barghest	death	The barghest rolls over and dies.
barghest	flee	A barghest pads west in a ghostly silence.
barghest	flee	A barghest pads east in a ghostly silence.
barghest	flee	A barghest pads southeast in a ghostly silence.
barghest	flee	A barghest pads northwest in a ghostly silence.
barghest	flee	A barghest pads southwest in a ghostly silence.
barghest	flee	A barghest pads south in a ghostly silence.
barghest	flee	A barghest pads north in a ghostly silence.
barghest	flee	A barghest pads northeast in a ghostly silence.
barghest	flee	A barghest bounds forward while giving off a deep-throated howl.
barghest	arrival	A barghest pads in on ghostly quiet paws.
behemothic_gorefrost_golem	death	A rush of silent thunder explodes outward from the golem as the power animating it disperses.
behemothic_gorefrost_golem	flee	A behemothic gorefrost golem stomps {direction}, shedding bits of broken ice and detritus.
behemothic_gorefrost_golem	flee	The ground shudders as a behemothic gorefrost golem stomps {direction}.
behemothic_gorefrost_golem	arrival	The ground shudders as a behemothic gorefrost golem stomps in.
behemothic_gorefrost_golem	arrival	The frozen earth underfoot shifts precipitously as an arm of blood-flecked ice erupts upward, followed by the towering form of a behemothic gorefrost golem.  The golem straightens its massive bulk with a sound like shattering glass.
behemothic_gorefrost_golem	arrival	A behemothic gorefrost golem just arrived.
behemothic_gorefrost_golem	arrival	A behemothic gorefrost golem stomps in, shedding bits of broken ice and detritus.
behemothic_gorefrost_golem	decay	Cracks spread over the surface of a behemothic gorefrost golem.  With a ringing sound like struck crystal, the golem shatters into shards of inert ice.
bent_being	death	A bent being curses through its teeth as it dies.
bent_being	flee	A bent being rumbles {direction}.
bent_being	arrival	A bent being comes rumbling in.
bent_being	arrival	A bent being comes in, a crackle of lightning briefly surrounding it.
big_ugly_kobold	flee	A big ugly kobold limps {direction}.
big_ugly_kobold	flee	A big ugly kobold heads {direction}.
big_ugly_kobold	arrival	A big ugly kobold just arrived.
big_ugly_kobold	arrival	A big ugly kobold swaggers in, trying to appear imposing!
big_ugly_kobold	decay	A small, green cloud of smelly gas rises from the body of a big ugly kobold as {pronoun} decays into compost.
big_ugly_kobold	decay	A small, green cloud of smelly gas rises from the body of a kobold as he decays into compost.
bighorn_sheep	death	A bighorn sheep collapses, {pronoun} head dropping heavily to the ground as {pronoun} goes still.
bighorn_sheep	death	A bighorn sheep rolls over, {pronoun} head dropping heavily to the ground as {pronoun} goes still.
bighorn_sheep	flee	A bighorn sheep charges {direction}, snorting in pain.
bighorn_sheep	flee	A bighorn sheep lowers {pronoun} head and charges east.
bighorn_sheep	flee	A bighorn sheep lowers {pronoun} head and charges south.
bighorn_sheep	flee	A bighorn sheep lowers {pronoun} head and charges west.
bighorn_sheep	flee	A bighorn sheep lowers {pronoun} head and charges north.
bighorn_sheep	arrival	A bighorn sheep just arrived.
bighorn_sheep	arrival	A bighorn sheep charges in!
bighorn_sheep	arrival	A bighorn sheep charges in, snorting in pain!
bighorn_sheep	decay	A bighorn sheep decays into a pile of fur and bone.
black_bear	death	The black bear lets out a blood-curdling roar and dies.
black_bear	death	The black bear collapses heavily into a heap on the ground and dies.
black_bear	flee	A black bear lumbers {direction}.
black_bear	flee	A black bear slowly lumbers {direction}, growling in pain.
black_bear	arrival	A black bear lumbers in!
black_bear	arrival	A black bear lumbers noisily into the area drooling hungrily!
black_bear	decay	A black bear decays into a compost of fangs, fur and claws.
black_boar	death	The black boar lets out a final agonized squeal and dies.
black_boar	death	The black boar collapses to the ground, emits a final squeal, and dies.
black_boar	death	The black boar silently lets out a final agonized squeal and dies.
black_boar	flee	A black boar grunts and barrels {direction}.
black_boar	arrival	A black boar barrels in!
black_boar	arrival	A black boar crashes into view!
black_boar	decay	A black boar decays into a pile of fur and bone.
black_forest_ogre	death	A black forest ogre twitches one last time and dies.
black_forest_ogre	death	A black forest ogre falls prone to the ground, twitches one last time and dies.
black_forest_ogre	death	The light in a black forest ogre's eyes goes out as {pronoun} collapses and finally dies.
black_forest_ogre	death	The light in a black forest ogre's eyes goes out and {pronoun} finally dies.
black_forest_ogre	death	A ghastly black forest ogre twitches one last time and dies.
black_forest_ogre	death	A spiny black forest ogre falls prone to the ground, twitches one last time and dies.
black_forest_ogre	flee	A black forest ogre lumbers {direction}, growling.
black_forest_ogre	flee	A black forest ogre lumbers {direction}, a grimace on {pronoun} face.
black_forest_ogre	flee	A black forest ogre lumbers {direction}, muttering to himself.
black_forest_ogre	flee	A ghastly black forest ogre lumbers {direction}, muttering to himself.
black_forest_ogre	flee	A black forest ogre lumbers {direction}, muttering to {reflexive}.
black_forest_ogre	arrival	A rippling in the shadows heralds the arrival of a black forest ogre!
black_forest_ogre	arrival	A black forest ogre lumbers in, growling.
black_forest_ogre	arrival	A black forest ogre lumbers in, muttering to herself.
black_forest_ogre	arrival	A ghastly black forest ogre lumbers in, growling.
black_forest_viper	death	The black forest viper twists and coils violently in its death throes, finally going still.
black_forest_viper	flee	A black forest viper slithers {direction}.
black_forest_viper	flee	A black forest viper slowly slithers {direction}.
black_forest_viper	arrival	A black forest viper slithers in with a sibilant warning!
black_forest_viper	arrival	A black forest viper slithers in.
black_forest_viper	arrival	A black forest viper slowly slithers in.
black_forest_viper	decay	A black forest viper decays into a pile of scales and flesh.
black_leopard	death	The black leopard lets out a final caterwaul and dies.
black_leopard	death	The black leopard crumples to the ground and dies.
black_leopard	flee	A black leopard scampers {direction}.
black_leopard	flee	A black leopard scampers {direction}, mewling in pain.
black_leopard	arrival	A black leopard scampers in!
black_leopard	arrival	A black leopard scampers in, mewling in pain!
black_leopard	arrival	A black leopard pounces to the ground in front of you!
black_leopard	decay	A black leopard decays into a compost of fangs, fur and claws.
black_rolton	death	The black rolton collapses to the ground, emits a final bleat, and dies.
black_rolton	death	The black rolton lets out a final agonized bleat and dies.
black_rolton	flee	A black rolton trots {direction}.
black_rolton	flee	A black rolton just went through the barn door.
black_rolton	flee	A black rolton bleats as {pronoun} slowly backs away.
black_rolton	arrival	A black rolton just came through the barn door.
black_rolton	arrival	A black rolton trots in!
black_rolton	decay	A black rolton decays into a pile of fur and bone.
black_winged_daggerbeak	death	The black-winged daggerbeak hisses one last time and dies.
black_winged_daggerbeak	flee	The daggerbeak flies {direction}.
black_winged_daggerbeak	arrival	A black-winged daggerbeak swoops in.
black_winged_daggerbeak	decay	A black-winged daggerbeak decays into compost.
blackened_decaying_tumbleweed	flee	A blackened decaying tumbleweed rolls {direction}.
blackened_decaying_tumbleweed	arrival	A blackened decaying tumbleweed spins in kicking up snow as it arrives!
blazing_red_phoenix	arrival	A blazing red phoenix flies in, surrounded in raging flames.
blazing_red_phoenix	arrival	A blazing red phoenix flies in on wobbly wings.
bloated_kiramon_broodtender	death	A bloated kiramon broodtender's legs kick savagely as she collapses, belching swarms of tiny, pale larvae.  They scatter wildly as she surrenders to death.
bloated_kiramon_broodtender	flee	A bloated kiramon broodtender's multifarious sensory tendrils curl inward as she retreats.
bloated_kiramon_broodtender	arrival	The faint, unearthly glow wicking off of a translucent kiramon strandweaver's translucent carapace precedes her as she crawls in uncertainly, antennae twitching.
bloated_kiramon_broodtender	arrival	A bloated kiramon broodtender scuttles in a wary semicircle before lunging at you, pincers clacking!
bloated_kiramon_broodtender	arrival	A bloated kiramon broodtender skitters in a small circle as {pronoun} tendrils fan out around {pronoun}.
blood_eagle	death	The blood eagle squawks as it falls back into a heap and dies.
blood_eagle	death	The blood eagle flutters its wings one last time and dies.
blood_eagle	arrival	A blood eagle dives in.
blood_eagle	arrival	A blood eagle swoops in.
blood_eagle	decay	A blood eagle decays into compost.
bloody_halfling_cannibal	death	A monstrous, too-wide smile spreads across the cannibal's face as {pronoun} collapses to the ground, dead.
bloody_halfling_cannibal	flee	Licking {pronoun} lips ravenously, a bloody halfling cannibal creeps {direction}.
bloody_halfling_cannibal	flee	A bloody halfling cannibal just went down a narrow path.
bloody_halfling_cannibal	flee	A bloody halfling cannibal just went into a huge hut.
bloody_halfling_cannibal	arrival	Accompanied by the fetid stench of old meat, a bloody halfling cannibal races into the area with a froth of bloody saliva on {pronoun} lips.
bloody_halfling_cannibal	arrival	A bloody halfling cannibal lurches in, grinning madly despite {pronoun} crippling wounds.
bloody_halfling_cannibal	decay	A bloody halfling cannibal's body rots away, leaving only a small stain on the ground.
bloody_halfling_cannibal	decay	With a moan, a bloody halfling cannibal begins to weep piteously, but the sound swiftly dissolves into a cascade of insane laughter.
blubbery_humpbacked_merrow	death	A blubbery humpbacked merrow's dreamy gaze goes lifeless.
blubbery_humpbacked_merrow	death	A blubbery humpbacked merrow's spell meets an algae-draped merrow oracle's scaled hide and dissipates into raw mana, untangling into hissing threads of of dying radiance.
blubbery_humpbacked_merrow	death	A blubbery humpbacked merrow's spell meets a blubbery humpbacked merrow's scaled hide and dissipates into raw mana, untangling into hissing threads of of dying radiance.
blubbery_humpbacked_merrow	decay	Colored spittle tinged with venom explodes from a blubbery humpbacked merrow's mouth as he chokes on his final breaths and collapses into a blubbery heap.
blubbery_humpbacked_merrow	decay	A blubbery humpbacked merrow's flesh sinks in upon itself, contorting the merrow's features as moisture leaches from the corpse.  All at once, the body collapses into a fine, pearlescent dust that shimmers as it blows away.
bobcat	death	The bobcat crumples to the ground and dies.
bobcat	death	The bobcat lets out a final caterwaul and dies.
bobcat	flee	A bobcat scampers {direction}.
bobcat	flee	A bobcat scampers {direction}, mewling in pain.
bobcat	arrival	A bobcat scampers in!
bobcat	decay	A bobcat decays into a compost of fangs, fur and claws.
bog_troll	death	The bog troll twitches violently, then dies.
bog_troll	death	The bog troll tries to get back up but finally collapses and goes still.
bog_troll	flee	A bog troll runs {direction}.
bog_troll	flee	A bog troll lumbers {direction}, {pronoun} face set in an angry scowl!
bog_troll	arrival	A bog troll lumbers in, {pronoun} face set in an angry scowl!
bog_troll	arrival	A bog troll just arrived!
bog_troll	decay	A bog troll decays into compost.
bog_wight	death	The bog wight falls to the ground motionless.
bog_wight	death	The bog wight wails in terrifying pain one last time and lies still.
bog_wight	flee	A bog wight rushes {direction}.
bog_wight	arrival	A bog wight just arrived.
bog_wraith	death	A bog wraith's form dissipates into a purple haze.
bog_wraith	flee	A bog wraith floats southwest leaving a purple haze in {pronoun} wake.
bog_wraith	flee	A bog wraith floats north leaving a purple haze in {pronoun} wake.
bog_wraith	flee	A bog wraith floats south leaving a purple haze in {pronoun} wake.
bog_wraith	flee	A bog wraith floats northeast leaving a purple haze in {pronoun} wake.
bog_wraith	flee	A bog wraith floats southeast leaving a purple haze in {pronoun} wake.
bog_wraith	flee	A bog wraith floats down leaving a purple haze in {pronoun} wake.
bog_wraith	flee	A bog wraith floats northwest leaving a purple haze in {pronoun} wake.
bog_wraith	arrival	A bog wraith floats in with a purple haze trailing directly behind {pronoun}.
bone_golem	flee	A bone golem pounds {direction}, shuffling slowly but surely.
bone_golem	decay	A bone golem's remains wither into dust.
bony_tenthsworn_occultist	death	The Tenthsworn occultist twitches violently, then dies.
bony_tenthsworn_occultist	flee	Zeal written upon {pronoun} face, a bony Tenthsworn occultist stalks {direction}.
bony_tenthsworn_occultist	flee	Biting {pronoun} lip in pain, a bony Tenthsworn occultist stalks {direction}.
bony_tenthsworn_occultist	arrival	A bony Tenthsworn occultist stalks in, overwhelming zeal written upon {pronoun} face.
branded_goliath_diviner	death	A branded goliath diviner's dreamy gaze goes lifeless.
branded_goliath_diviner	death	A branded goliath diviner's eyes roll up into {pronoun} head as {pronoun} body goes limp on the ground.
branded_goliath_diviner	arrival	A branded goliath diviner glides in with an otherworldly grace, surveying the surroundings with a knowing look.
brawny_gigas_shield-maiden	death	A plaintive look passes across a brawny gigas shield-maiden's eyes like a fleeting shadow as {pronoun} goes still in death.
brawny_gigas_shield-maiden	death	A tattooed gigas berserker's fists tense with impotent rage as {pronoun} surrenders to death.
brawny_gigas_shield-maiden	death	A grim gigas skald raises a hand as if to grasp for support as {pronoun} collapses, life going out of {pronoun} form.
brawny_gigas_shield-maiden	flee	Warily scanning the area for threats, a brawny gigas shield-maiden marches {direction}.
brawny_gigas_shield-maiden	flee	Keeping {pronoun} head held high in spite of {pronoun} wounds, a brawny gigas shield-maiden struggles {direction}.
brawny_gigas_shield-maiden	flee	A brawny gigas shield-maiden just went into a thatched timber smithy.
brawny_gigas_shield-maiden	flee	Amber radiance flickers around a brawny gigas shield-maiden's corpse, swelling into a golden pillar of light that is blinding to behold.  When the brilliance retreats, the shield-maiden's body is no more.
brawny_gigas_shield-maiden	flee	A brawny gigas shield-maiden just went into a huge hut.
brawny_gigas_shield-maiden	flee	A brawny gigas shield-maiden just went into a huge hoarbeam longhouse.
brawny_gigas_shield-maiden	flee	A brawny gigas shield-maiden just went into a long timber hall.
brawny_gigas_shield-maiden	flee	A brawny gigas shield-maiden rides {target} out, swaying with every heavy footfall.
brawny_gigas_shield-maiden	arrival	A brawny gigas shield-maiden marches in with the grace of a seasoned warrior.
brawny_gigas_shield-maiden	arrival	A brawny gigas shield-maiden marches into the area, grim purpose written across {pronoun} face.
brawny_gigas_shield-maiden	arrival	Preceded by a mournful dirge, a grim gigas skald stalks in, {pronoun} song accompanied by the clacking of the crude jeweled beads adorning the ceremonial garb that {pronoun} wears.
brawny_gigas_shield-maiden	arrival	A brawny gigas shield-maiden marches in, {pronoun} back arched and {pronoun} movements stiff from pain.
brawny_gigas_shield-maiden	arrival	A brawny gigas shield-maiden rides {target} in, swaying with every heavy footfall.
brawny_gigas_shield-maiden	arrival	A brawny gigas shield-maiden marches into the room, grim purpose written across {pronoun} face.
brawny_gigas_shield-maiden	arrival	A brawny gigas shield-maiden rides {target} in, {target} limping with every great step.
brawny_gigas_shield-maiden	arrival	A brawny gigas shield-maiden just came through a breached red stone wall.
brawny_gigas_shield-maiden	arrival	A brawny gigas shield-maiden just arrived, looking terrified.
brawny_gigas_shield-maiden	decay	Rot consumes a brawny gigas shield-maiden's body, leaving little behind.
bresnahanini_rolton	death	The Bresnahanini rolton collapses to the ground, emits a final bleat, and dies.
bresnahanini_rolton	death	The Bresnahanini rolton lets out a final agonized bleat and dies.
bresnahanini_rolton	flee	A Bresnahanini rolton trots {direction}.
bresnahanini_rolton	flee	A bresnahanini rolton trots {direction}, snorting and scanning the area.
bresnahanini_rolton	flee	A bresnahanini rolton bleats as {pronoun} slowly backs away.
bresnahanini_rolton	decay	A Bresnahanini rolton decays into a pile of fur and bone.
bristly_black_tapir	flee	A bristly black tapir charges {direction}.
bristly_black_tapir	arrival	A bristly black tapir charges in, raising {pronoun} proboscis to let out a high-pitched squeal!
bristly_black_tapir	arrival	A bristly black tapir charges in!
brown_boar	death	The brown boar collapses to the ground, emits a final squeal, and dies.
brown_boar	death	The brown boar lets out a final agonized squeal and dies.
brown_boar	death	The brown boar silently lets out a final agonized squeal and dies.
brown_boar	death	The brown boar collapses to the ground, emits a final silent squeal, and dies.
brown_boar	flee	A brown boar grunts and barrels {direction}.
brown_boar	flee	A brown boar trots {direction}, grunting noisily.
brown_boar	arrival	A brown boar barrels in!
brown_boar	decay	A brown boar decays into a pile of fur and bone.
brown_gak	death	The brown gak collapses to the ground, emits a final bellow, and dies.
brown_gak	death	The brown gak lets out a final agonized bellow and dies.
brown_gak	death	The brown gak collapses to the ground, emits a final silent bellow, and dies.
brown_gak	flee	A brown gak gallops {direction}.
brown_gak	flee	A brown gak just went through the barn door.
brown_gak	arrival	A brown gak just came through the barn door.
brown_gak	arrival	A brown gak charges in, a wild look in {pronoun} eyes.
brown_gak	decay	A brown gak decays into a pile of fur and bone.
brown_spinner	death	The brown spinner's body jerks one last time and dies.
brown_spinner	death	The brown spinner collapses to the ground and dies.
brown_spinner	flee	A brown spinner scurries {direction}.
brown_spinner	decay	A brown spinner's legs shrivel up beneath it as it decays into dust.
burly_goliath_engineer	death	A burly goliath engineer reaches out with a quavering hand before collapsing, lifeless, to the ground.
burly_goliath_engineer	death	A burly goliath engineer's eyes roll up into {pronoun} head as {pronoun} body goes limp on the ground.
burly_goliath_engineer	flee	A burly goliath engineer lumbers north with a grim, purposeful look on {pronoun} face.
burly_goliath_engineer	flee	A burly goliath engineer lumbers northwest with a grim, purposeful look on {pronoun} face.
burly_goliath_engineer	arrival	A burly goliath engineer lumbers in with a grim, purposeful look on {pronoun} face.
burly_goliath_engineer	arrival	A burly goliath engineer lumbers into view, massive frame casting long shadows as {pronoun} clenches {pronoun} meaty fists in anticipation.
burly_reiver	death	The reiver takes one last breath, then dies.
burly_reiver	death	The burly reiver falls to the ground motionless.
burly_reiver	flee	A burly reiver heads {direction}.
burly_reiver	flee	A burly reiver just went through a red door.
burly_reiver	arrival	A burly reiver just came through a red door.
burly_reiver	decay	A burly reiver turns to dust.
cadaverous_tatterdemalion_ghast	death	A cadaverous tatterdemalion ghast lets out a hoarse cry that devolves into dry, rasping coughs.  Spasms race through {pronoun} form, dead muscles seizing and clenching before at last going still.
cadaverous_tatterdemalion_ghast	flee	A cadaverous tatterdemalion ghast bounds {direction}, landing with surprising grace.
cadaverous_tatterdemalion_ghast	flee	A cadaverous tatterdemalion ghast bounds {direction}, {pronoun} fraying clothing flapping as {pronoun} lands in a predatory crouch. {target} bares {pronoun} yellowed teeth in a rasping hiss!
cadaverous_tatterdemalion_ghast	arrival	A cadaverous tatterdemalion ghast leaps in, landing awkwardly due to {pronoun} injuries.
cadaverous_tatterdemalion_ghast	arrival	A cadaverous tatterdemalion ghast just came through some vaulting grey stone doors.
cadaverous_tatterdemalion_ghast	arrival	A cadaverous tatterdemalion ghast just came through a heavy steel portcullis.
cadaverous_tatterdemalion_ghast	arrival	A cadaverous tatterdemalion ghast just came through a wrought black iron gate.
cadaverous_tatterdemalion_ghast	decay	Maggots and buzzing flies burst from a cadaverous tatterdemalion ghast's flesh as {pronoun} skin peels and crumbles.  The scavenging insects rapidly consume the remains, leaving little but brittle bones.
carceris	death	The carceris falls to the ground motionless.
carceris	death	The carceris wails in terrifying pain one last time and lies still.
carceris	flee	A carceris shambles {direction}.
carceris	flee	A carceris wails madly as she limps {direction}.
carceris	flee	A carceris just went through an arched door leading into the old Castle Keep.
carceris	arrival	A carceris shambles in!
carceris	arrival	A carceris just came through an arched door leading into the old Castle Keep.
caribou	flee	A caribou lopes {direction}.
caribou	flee	A caribou lopes {direction}, shuddering in pain.
caribou	flee	A caribou lopes {direction}, shuddering in pain!
caribou	flee	The caribou slowly backs away and lowers {pronoun} antlers.
caribou	arrival	A caribou lopes into the area!
carrion_worm	death	The worm rolls over and dies.
carrion_worm	flee	A carrion worm slithers {direction}.
carrion_worm	arrival	A carrion worm crawls in, leaving a trail of slime in its wake.
carrion_worm	decay	A carrion worm decays into compost.
cave_bear	death	The cave bear collapses heavily into a heap on the ground and dies.
cave_bear	death	The cave bear lets out a blood-curdling roar and dies.
cave_bear	flee	A cave bear lumbers {direction}.
cave_bear	flee	A cave bear slowly lumbers {direction}, growling in pain.
cave_bear	flee	A cave bear shudders and lumbers {direction}, snarling in agony.
cave_bear	flee	A cave bear slowly backs away, {pronoun} teeth bared.
cave_bear	arrival	A cave bear lumbers in!
cave_bear	arrival	A cave bear just arrived.
cave_bear	arrival	A cave bear lumbers noisily into the area drooling hungrily!
cave_bear	decay	A cave bear decays into a compost of fangs, fur and claws.
cave_gnoll	death	The cave gnoll falls to the ground and dies.
cave_gnoll	death	The cave gnoll screams one last time and dies.
cave_gnoll	flee	A cave gnoll heads {direction}.
cave_gnoll	arrival	A cave gnoll just arrived.
cave_gnoll	decay	A cave gnoll decays into compost.
cave_gnome	death	The cave gnome falls to the ground and dies.
cave_gnome	death	The cave gnome screams one last time and dies.
cave_gnome	flee	A cave gnome heads {direction}.
cave_gnome	flee	A cave gnome limps {direction}.
cave_gnome	arrival	A cave gnome just arrived.
cave_gnome	arrival	A cave gnome just arrived, limping.
cave_gnome	arrival	A cave gnome ambles in.
cave_gnome	decay	A cave gnome decays into compost.
cave_lizard	death	The cave lizard shudders a final time and goes still.
cave_lizard	death	A cave lizard collapses leaving nothing but a few scales and teeth behind.
cave_lizard	flee	A speckled cave lizard plods {direction}.
cave_lizard	flee	A cave lizard plods {direction}.
cave_lizard	arrival	A dance of dust and gravel heralds the arrival of a speckled cave lizard!
cave_lizard	arrival	A dance of dust and gravel heralds the arrival of a cave lizard!
cave_lizard	arrival	A cave lizard scuttles in, moaning in pain.
cave_nipper	death	The cave nipper hisses one last time and dies.
cave_nipper	flee	A cave nipper slithers {direction}.
cave_nipper	arrival	A cave nipper slithers in!
cave_nipper	decay	A cave nipper decays into compost.
cave_troll	death	The cave troll falls to the ground and dies.
cave_troll	death	The cave troll screams one last time and dies.
cave_troll	flee	A cave troll lumbers {direction}.
cave_troll	decay	A cave troll decays into compost.
cave_worm	death	The worm rolls over and dies.
cave_worm	flee	A cave worm slithers {direction}.
cave_worm	arrival	A cave worm crawls in, leaving a trail of slime in its wake.
cave_worm	decay	A cave worm decays into compost.
centaur	death	The white centaur falls to the ground and dies.
centaur	death	The white centaur screams one last time and dies.
centaur	death	The bay centaur falls to the ground and dies.
centaur	death	The tan centaur screams one last time and dies.
centaur	death	The roan centaur falls to the ground and dies.
centaur	death	The bay centaur screams one last time and dies.
centaur	death	The black centaur falls to the ground and dies.
centaur	death	The tan centaur falls to the ground and dies.
centaur	death	The roan centaur screams one last time and dies.
centaur	death	The black centaur screams one last time and dies.
centaur	flee	A black centaur gallops {direction}.
centaur	flee	A tan centaur gallops {direction}.
centaur	flee	A white centaur gallops {direction}.
centaur	flee	A roan centaur gallops {direction}.
centaur	flee	A bay centaur gallops {direction}.
centaur	decay	A white centaur dissolves into a puff of red smoke.
centaur	decay	A bay centaur dissolves into a puff of red smoke.
centaur	decay	A tan centaur dissolves into a puff of red smoke.
centaur	decay	A roan centaur dissolves into a puff of red smoke.
centaur	decay	A black centaur dissolves into a puff of red smoke.
centaur	decay	The thick skin of a minotaur warrior falls in upon itself as his enormous form decays into a fine dust.
centaur_ranger	death	The tan centaur ranger screams one last time and dies.
centaur_ranger	death	The black centaur ranger screams one last time and dies.
centaur_ranger	death	The roan centaur ranger screams one last time and dies.
centaur_ranger	death	The bay centaur ranger screams one last time and dies.
centaur_ranger	death	The white centaur ranger screams one last time and dies.
centaur_ranger	death	The black centaur ranger falls to the ground and dies.
centaur_ranger	death	The tan centaur ranger falls to the ground and dies.
centaur_ranger	death	The bay centaur ranger falls to the ground and dies.
centaur_ranger	death	The white centaur ranger falls to the ground and dies.
centaur_ranger	death	The roan centaur ranger falls to the ground and dies.
centaur_ranger	flee	A black centaur ranger gallops {direction}.
centaur_ranger	flee	A roan centaur ranger gallops {direction}.
centaur_ranger	flee	A bay centaur ranger gallops {direction}.
centaur_ranger	flee	A tan centaur ranger gallops {direction}.
centaur_ranger	flee	A white centaur ranger gallops {direction}.
centaur_ranger	decay	A roan centaur ranger dissolves into a puff of red smoke.
centaur_ranger	decay	A bay centaur ranger dissolves into a puff of red smoke.
centaur_ranger	decay	A white centaur ranger dissolves into a puff of red smoke.
centaur_ranger	decay	A tan centaur ranger dissolves into a puff of red smoke.
centaur_ranger	decay	A black centaur ranger dissolves into a puff of red smoke.
chitinous_kiramon_myrmidon	death	A chitinous kiramon myrmidon collapses, {pronoun} forelegs spasming and twitching before {pronoun} at last surrenders to death.
cinder_wasp	death	The cinder wasp flutters its wings one last time and dies.
cinder_wasp	death	The cinder wasp twitches violently, then dies.
cinder_wasp	flee	A cinder wasp heads {direction}.
cinder_wasp	flee	A cinder wasp wobbles {direction}.
cinder_wasp	arrival	A cinder wasp just arrived.
cinder_wasp	arrival	A cinder wasp weaves slowly as it flies in.
cinder_wasp	arrival	A cinder wasp wobbles as it flies in.
cinder_wasp	decay	A cinder wasp decays into compost.
cinereous_chthonian_sybil	arrival	A cinereous chthonian sybil glides in on a current of air, settling so that {pronoun} feet drift over the ground.
cloud_sprite_bully	flee	A cloud sprite bully hobbles {direction}, whimpering.
cloud_sprite_bully	arrival	Smacking one fist into {pronoun} opposite hand in a menacing manner, a cloud sprite bully wanders in.
cloud_sprite_bully	arrival	A cloud sprite bully darts out of the shadows! Giggling to {pronoun}, a cloud sprite bully quickly dashes to the {direction}.
cloud_sprite_bully	arrival	A cloud sprite bully darts out of the shadows! a cloud sprite bully spits a glob of yellowish saliva into {pronoun} hands and rubs {pronoun} together as if looking for a fight.
cloud_sprite_bully	arrival	A cloud sprite bully darts out of the shadows! Giggling madly, a cloud sprite bully lunges forward and attacks you with {pronoun} wooden mace!
cloud_sprite_bully	arrival	A cloud sprite bully darts out of the shadows! Whimpering softly, a cloud sprite bully hobbles {direction}.
cloud_sprite_meddler	arrival	Smacking one fist into his opposite hand in a menacing manner, a cloud sprite bully wanders in.
cloud_sprite_meddler	arrival	A cloud sprite meddler darts out of the shadows! Gently brushing the foliage aside, a cloud sprite meddler moves {direction}.
cobra	flee	A cobra slithers {direction}.
cobra	arrival	A cobra slithers in!
cobra	decay	A cobra decays into compost.
cockatrice	death	The cockatrice rolls over on its back, emits a final screech and dies.
cockatrice	flee	A cockatrice limps {direction}.
cockatrice	flee	A cockatrice thunders {direction}.
cockatrice	arrival	A cockatrice just arrived!
cockatrice	decay	A cockatrice decays into a useless pile of scales and feathers.
coconut_crab	death	The coconut crab falls back into a heap and dies.
coconut_crab	death	The coconut crab hisses one last time and dies.
coconut_crab	flee	The crab skitters {direction}.
coconut_crab	decay	A coconut crab decays into compost.
cold_guardian	death	The cold guardian screams evilly one last time and goes still.
cold_guardian	death	The cold guardian falls to the ground motionless.
cold_guardian	decay	A cold guardian turns to dust.
colossal_boreal_undansormr	flee	A colossal boreal undansormr just went through a pair of colossal red stone pillars.
colossal_boreal_undansormr	flee	A colossal boreal undansormr just went through a ragged acid-pocked gash.
colossal_boreal_undansormr	flee	A colossal boreal undansormr just went through a crumbling red stone maw.
colossal_boreal_undansormr	flee	A colossal boreal undansormr slithers north, sending tremors through the ground.
colossal_boreal_undansormr	flee	A colossal boreal undansormr slithers south, sending tremors through the ground.
colossal_boreal_undansormr	flee	A colossal boreal undansormr slithers east, sending tremors through the ground.
colossal_boreal_undansormr	flee	A colossal boreal undansormr slithers west, sending tremors through the ground.
colossal_boreal_undansormr	arrival	A colossal boreal undansormr just came through a break in the trees.
colossal_boreal_undansormr	arrival	A colossal boreal undansormr just came through a ragged acid-pocked gash.
colossal_boreal_undansormr	arrival	A colossal boreal undansormr glides in, leaving a slick trail behind {pronoun}.
colossus_vulture	death	The colossus vulture writhes in agony, its wings flapping fruitlessly as it dies.
colossus_vulture	death	The colossus vulture crashes to the ground, motionless.
colossus_vulture	flee	A colossus vulture flies {direction}.
colossus_vulture	decay	The colossus vulture decays into a pile of feathers.
corpulent_kresh_ravager	death	A corpulent kresh ravager's spasms, rolling over.  Its tiny legs kick at the air before going still.
corpulent_kresh_ravager	death	With a thunderous crash, a corpulent kresh ravager falls to the ground, tiny legs kicking at the air before going still.
corpulent_kresh_ravager	arrival	A corpulent kresh ravager springs in, landing in an earth-shaking crouch.
corpulent_kresh_ravager	decay	A corpulent kresh ravager's vast abdomen deflates, oozing fluids as the ravager succumbs to rapid decay.
cougar	death	The cougar lets out a final caterwaul and dies.
cougar	death	The cougar crumples to the ground and dies.
cougar	death	The cougar twitches violently, then dies.
cougar	flee	A cougar scampers {direction}.
cougar	flee	A cougar scampers {direction}, mewling in pain.
cougar	flee	A barbed cougar scampers {direction}.
cougar	flee	A deft cougar scampers {direction}.
cougar	flee	A robust cougar scampers {direction}.
cougar	flee	A keen cougar scampers {direction}.
cougar	flee	A combative cougar scampers {direction}.
cougar	flee	A stalwart cougar scampers {direction}.
cougar	flee	A canny cougar scampers {direction}.
cougar	flee	A shielded cougar scampers {direction}.
cougar	flee	A glittering cougar scampers {direction}.
cougar	arrival	A cougar scampers in, mewling in pain!
cougar	arrival	A cougar scampers in!
cougar	arrival	A deft cougar scampers in!
cougar	arrival	An adroit cougar scampers in!
cougar	arrival	A canny cougar scampers in!
cougar	arrival	A keen cougar scampers in!
cougar	arrival	A belligerent cougar scampers in!
cougar	arrival	A luminous cougar scampers in!
cougar	arrival	A dreary cougar scampers in!
cougar	arrival	A glittering cougar scampers in!
cougar	arrival	A cougar pounces to the ground in front of you!
cougar	decay	A cougar decays into a compost of fangs, fur and claws.
cougar	decay	A barbed cougar decays into a compost of fangs, fur and claws.
cougar	decay	A spiny cougar decays into a compost of fangs, fur and claws.
cougar	decay	An adroit cougar decays into a compost of fangs, fur and claws.
cougar	decay	A deft cougar decays into a compost of fangs, fur and claws.
cougar	decay	A stalwart cougar decays into a compost of fangs, fur and claws.
cougar	decay	A robust cougar decays into a compost of fangs, fur and claws.
cougar	decay	A shimmering cougar decays into a compost of fangs, fur and claws.
cougar	decay	A gleaming cougar decays into a compost of fangs, fur and claws.
cougar	decay	A keen cougar decays into a compost of fangs, fur and claws.
cougar	decay	A canny cougar decays into a compost of fangs, fur and claws.
cougar	decay	A belligerent cougar decays into a compost of fangs, fur and claws.
cougar	decay	A combative cougar decays into a compost of fangs, fur and claws.
cougar	decay	A lustrous cougar decays into a compost of fangs, fur and claws.
cougar	decay	A luminous cougar decays into a compost of fangs, fur and claws.
cougar	decay	A dreary cougar decays into a compost of fangs, fur and claws.
cougar	decay	A drab cougar decays into a compost of fangs, fur and claws.
cougar	decay	A shielded cougar decays into a compost of fangs, fur and claws.
cougar	decay	A glittering cougar decays into a compost of fangs, fur and claws.
coyote	death	The coyote falls to the ground and dies.
coyote	death	The coyote rolls over and dies.
coyote	flee	A coyote pads {direction}.
coyote	flee	A coyote whimpers as {pronoun} slowly backs away, {pronoun} teeth bared.
coyote	arrival	A coyote pads in so quietly that you barely notice.
coyote	decay	A coyote decays into a compost of fangs and fur.
crackling_lightning_fiend	death	With a last crackle and a burst of ozone, a crackling lightning fiend dissipates into nothingness.
crackling_lightning_fiend	arrival	A jolting charge in the air heralds the arrival of a crackling lightning fiend!
crackling_lightning_fiend	arrival	A gust of wind and a flash of lightning herald the arrival of a stooped titan stormcaller as {pronoun} lumbers in.
crackling_lightning_fiend	decay	With a white-hot corruscation of sparks, a crackling lightning fiend collapses into a buzzing tangle of glowing filaments.
crazed_canine	death	The crazed canine falls to the ground and dies.
crazed_canine	death	The crazed canine rolls over and dies.
crazed_canine	death	A crazed canine falls to the ground! {target} deftly regains {target} footing.
crazed_canine	flee	A crazed canine rushes {direction}!
crazed_canine	flee	A crazed canine whimpers as {pronoun} slowly backs away, {pronoun} teeth bared.
crazed_canine	decay	A crazed canine decays into a compost of fangs and fur.
crazed_zombie	death	The crazed zombie falls to the ground, a lifeless lump of flesh.
crazed_zombie	flee	A crazed zombie shambles {direction}.
crazed_zombie	flee	A crazed zombie wails madly as she limps {direction}.
crazed_zombie	arrival	A crazed zombie shambles in!
crazed_zombie	arrival	A lustrous crazed zombie shambles in!
crazed_zombie	arrival	A glittering crazed zombie shambles in!
crazed_zombie	arrival	A luminous crazed zombie shambles in!
crazed_zombie	arrival	A slimy crazed zombie shambles in!
crested_basilisk	death	The crested basilisk rolls over on its back, emits a final hiss and dies.
crested_basilisk	death	The crested basilisk emits a final hiss and dies.
crested_basilisk	death	The crested basilisk emits a final silent hiss and dies.
crested_basilisk	death	The crested basilisk rolls over on its back, emits a final silent hiss and dies.
crested_basilisk	flee	A crested basilisk hisses and stomps {direction}.
crested_basilisk	flee	A combative crested basilisk hisses and stomps {direction}.
crested_basilisk	flee	A belligerent crested basilisk hisses and stomps {direction}.
crested_basilisk	flee	A keen crested basilisk hisses and stomps {direction}.
crested_basilisk	flee	The crested basilisk comes up to you and sniffs you several times. A stricken look crosses {pronoun} visage and {pronoun} slowly backs away.
crested_basilisk	arrival	A crested basilisk stomps in and glares about.
crested_basilisk	arrival	A combative crested basilisk stomps in and glares about.
crested_basilisk	arrival	A belligerent crested basilisk stomps in and glares about.
crested_basilisk	arrival	A canny crested basilisk stomps in and glares about.
crested_basilisk	arrival	A deft crested basilisk stomps in and glares about.
crested_basilisk	arrival	An adroit crested basilisk stomps in and glares about.
crested_basilisk	arrival	A crested basilisk trots in and glares about!
crocodile	death	The crocodile falls back into a heap and dies.
crocodile	death	The crocodile hisses one last time and dies.
crocodile	death	The blue crocodile falls back into a heap and dies.
crocodile	death	The mauve crocodile falls back into a heap and dies.
crocodile	death	The blue crocodile hisses one last time and dies.
crocodile	death	The mauve crocodile hisses one last time and dies.
crocodile	death	The red crocodile falls back into a heap and dies.
crocodile	death	The tangerine crocodile hisses one last time and dies.
crocodile	death	The red crocodile hisses one last time and dies.
crocodile	death	The tangerine crocodile falls back into a heap and dies.
crocodile	flee	The crocodile slithers {direction}.
crocodile	arrival	A florid mauve crocodile slithers in.
crocodile	arrival	A striped blue crocodile slithers in.
crocodile	arrival	A brilliant red crocodile slithers in.
crocodile	arrival	A speckled tangerine crocodile slithers in.
crocodile	arrival	A crocodile slithers in.
crocodile	decay	A crocodile decays into compost.
crocodile	decay	A striped blue crocodile decays into compost.
crocodile	decay	A florid mauve crocodile decays into compost.
crocodile	decay	A brilliant red crocodile decays into compost.
crocodile	decay	A speckled tangerine crocodile decays into compost.
crystal_crab	death	The crystal crab collapses to the ground, clacks its pincers and dies.
crystal_crab	death	The crystal crab clacks its pincers a final agonizing time and dies.
crystal_crab	flee	A glittering crystal crab retreats back into its shell.
crystal_crab	flee	A glittering crystal crab twitches and skitters {direction}.
crystal_crab	flee	A crystal crab retreats back into {pronoun} shell.
crystal_crab	decay	A glittering crystal crab decays into compost.
crystal_golem	flee	A crystal golem stomps {direction}.
crystal_golem	arrival	A crystal golem stomps in, fiery eyes the only clue to its deadly intent.
csetairi	flee	A csetairi slithers {direction}.
csetairi	arrival	A csetairi slithers in!
cyclops	death	The cyclops rolls over and dies.
cyclops	death	The cyclops falls to the ground and dies.
cyclops	flee	A cyclops heads {direction}.
cyclops	flee	A cyclops limps {direction}.
cyclops	arrival	A cyclops just arrived!
cyclops	arrival	A cyclops just arrived.
cyclops	decay	A cyclops decays into compost.
dark_apparition	death	The dark apparition slowly settles to the ground and begins to dissipate.
dark_apparition	arrival	Out of thin air, a shadowy figure takes shape before your eyes and materializes into a dark apparition!
dark_apparition	arrival	A dark apparition just arrived.
dark_apparition	decay	A dark apparition vanishes into thin air, leaving no trace behind.
dark_frosty_plant	death	A dark frosty plant collapses to the ground, twitches one last time and dies.
dark_frosty_plant	flee	A dark frosty plant stalks {direction}.
dark_frosty_plant	arrival	A dark frosty plant stalks in and plants its roots.
dark_orc	death	A dark orc gives a last shudder and dies.
dark_orc	flee	A dark orc rambles {direction}.
dark_orc	flee	A dark orc grunts in pain and runs {direction}.
dark_orc	decay	A small, green cloud of smelly gas rises from the body of a mongrel kobold as he decays into compost.
dark_orc	decay	A small, green cloud of smelly gas rises from the body of a big ugly kobold as she decays into compost.
dark_panther	death	The dark panther lets out a final caterwaul and dies.
dark_panther	death	The dark panther crumples to the ground and dies.
dark_panther	flee	A dark panther scampers {direction}.
dark_panther	flee	A dark panther scampers {direction}, mewling in pain.
dark_panther	arrival	A dark panther scampers in!
dark_panther	arrival	A dark panther scampers in, mewling in pain!
dark_panther	arrival	A dark panther pounces to the ground in front of you!
dark_panther	decay	A dark panther decays into a compost of fangs, fur and claws.
dark_shambler	death	The dark shambler falls to the ground motionless.
dark_shambler	death	The dark shambler screams evilly one last time and goes still.
dark_shambler	death	The dark shambler twitches violently, then dies.
dark_shambler	flee	A dark shambler runs {direction}.
dark_shambler	arrival	A dark shambler just arrived!
dark_shambler	arrival	A dark shambler just arrived.
dark_shambler	decay	A dark shambler turns to dust.
dark_vortece	arrival	A dark vortece drifts in smoothly, trailed by a shadowy haze.
dark_vysan	death	The dark vysan falls to the ground motionless.
dark_vysan	death	The dark vysan screams evilly one last time and goes still.
dark_vysan	decay	The siren's soft aura fades and her flesh crumbles to reveal the corpse of a hideous scaled creature, which then quickly decays away.
darken	decay	A darken melts into the shadows heading southwestward.
darken	decay	A darken melts into the shadows heading westward.
darken	decay	A darken melts into the shadows heading northeastward.
darken	decay	A darken melts into the shadows heading eastward.
darken	decay	A darken melts into the shadows heading southeastward.
darkly_inked_fetish_master	death	As a darkly inked fetish master slumps to the ground, the darkly lined tattoos traversing its skin lose the luminescence that had seemed to radiate from them.
darkly_inked_fetish_master	arrival	A darkly inked fetish master arrives, the skulls on its belt clacking with a hollow resonance.
darkly_inked_fetish_master	arrival	A darkly inked fetish master wanders in, set with a distant gaze focused on seemingly nothing at all.
darkwoode	death	The darkwoode slowly settles to the ground and begins to dissipate.
darkwoode	flee	A darkwoode runs {direction}.
darkwoode	arrival	A darkwoode just arrived.
darkwoode	arrival	A darkwoode just arrived, limping badly.
death_dirge	death	The death dirge falls to the ground motionless.
death_dirge	death	The death dirge screams evilly one last time and goes still.
death_dirge	flee	A death dirge runs {direction}.
death_dirge	arrival	A sorrowful tune is carried on the breeze.  The wailing grows louder, reaching an excruciating pitch as a death dirge arrives!
death_dirge	arrival	A death dirge just arrived.
death_dirge	decay	A death dirge turns to dust.
deathsworn_fanatic	death	A deathsworn fanatic collapses to the floor in a susurrus of robes.
deathsworn_fanatic	death	A deathsworn fanatic collapses to the ground in a susurrus of robes.
deathsworn_fanatic	death	A deathsworn fanatic collapses to the floor in a susurrus of robes, crying out, "It is the end, but the moment has been prepared for!"
deathsworn_fanatic	death	A deathsworn fanatic collapses to the ground in a susurrus of robes, crying out, "It is the end, but the moment has been prepared for!"
deathsworn_fanatic	death	A deathsworn fanatic collapses to the floor in a susurrus of robes, {pronoun} last words a ranting, "His wings are as shadow and blood, and they shall encompass all things!"
deathsworn_fanatic	death	A deathsworn fanatic collapses to the floor in a susurrus of robes, {pronoun} last words a ranting, "Shahiath rules in the black heavens, ever hungering! I have seen {pronoun}!"
deathsworn_fanatic	death	A deathsworn fanatic collapses to the floor in a susurrus of robes, {pronoun} last words a ranting, "Never dying! Never, never, never dying!"
deathsworn_fanatic	death	A deathsworn fanatic collapses to the ground in a susurrus of robes, {pronoun} last words a ranting, "Never dying! Never, never, never dying!"
deathsworn_fanatic	death	A deathsworn fanatic collapses to the ground in a susurrus of robes, {pronoun} last words a ranting, "The black star shall fall, and even the God of Death shall die!"
deathsworn_fanatic	death	A deathsworn fanatic collapses to the ground in a susurrus of robes, {pronoun} last words a ranting, "Shahiath rules in the black heavens, ever hungering! I have seen {pronoun}!"
deathsworn_fanatic	death	A deathsworn fanatic collapses to the floor in a susurrus of robes, {pronoun} last words a ranting, "The black star shall fall, and even the God of Death shall die!"
deathsworn_fanatic	flee	A deathsworn fanatic just went through a pair of high bronze double doors.
deathsworn_fanatic	flee	A deathsworn fanatic just went through a polished acacia archway.
deathsworn_fanatic	flee	A deathsworn fanatic rushes north in a swirl of dingy green robes.
deathsworn_fanatic	arrival	A deathsworn fanatic just arrived.
deathsworn_fanatic	arrival	A deathsworn fanatic just came through a polished acacia archway.
deathsworn_fanatic	arrival	A deathsworn fanatic just came through a pair of high bronze double doors.
deathsworn_fanatic	arrival	A deathsworn fanatic just came through some riveted black ora doors.
deathsworn_fanatic	arrival	A deathsworn fanatic rushes in, dingy green robes swirling around {pronoun}.
deathsworn_fanatic	arrival	A deathsworn fanatic just came through a towering black ora gate.
decaying_citadel_guardsman	death	A decaying Citadel guardsman collapses sobbing silently before lying motionless on the floor.
decaying_citadel_guardsman	death	A decaying Citadel guardsman collapses sobbing silently before lying motionless on the ground.
decaying_citadel_guardsman	death	A putrefied Citadel herald collapses in upon {pronoun}, leaving behind a pile of dust.
decaying_citadel_guardsman	death	A decaying Citadel guardsman collapses sobbing, "...the Citadel has fallen," before lying motionless and silent on the floor.
decaying_citadel_guardsman	arrival	A decaying Citadel guardsman strides in.
decaying_citadel_guardsman	arrival	A rotting Citadel arbalester strides into the room, her crossbow cradled in the crook of an arm.
decaying_citadel_guardsman	arrival	A decaying Citadel guardsman marches into the room shouting, "The Citadel will not fall, you krolvin scum!"
decaying_citadel_guardsman	arrival	A decaying Citadel guardsman marches into the room shouting, "The Citadel will not fall, you troll scum!"
decaying_citadel_guardsman	arrival	A decaying Citadel guardsman marches into the area shouting, "The Citadel will not fall, you troll scum!"
decaying_citadel_guardsman	arrival	A decaying Citadel guardsman marches into the area shouting, "The Citadel will not fall, you krolvin scum!"
decaying_citadel_guardsman	decay	The body of a decaying Citadel guardsman collapses into a pile of dust which blows away in an errant draft.
decaying_citadel_guardsman	decay	The body of a decaying Citadel guardsman collapses into a pile of dust which blows away in an errant breeze.
deranged_sentry	death	The deranged sentry vainly tries to shout a warning, then goes still.
deranged_sentry	flee	A deranged sentry lumbers {direction}.
deranged_sentry	arrival	A deranged sentry lumbers in.
deranged_sentry	arrival	A deranged sentry charges in, shouting a warning!
deranged_sentry	decay	The deranged sentry decays into a grisly pile of armor, blood, and bone.
desiccated_half_krolvin_strigoi	flee	A desiccated half-krolvin strigoi crawls {direction}, {pronoun} body low to the ground.
desiccated_half_krolvin_strigoi	arrival	A desiccated half-krolvin strigoi crawls in, {pronoun} body low to the ground.
desiccated_half_krolvin_strigoi	arrival	A desiccated half-krolvin strigoi crawls in, his featureless black eyes gleaming predatorily in the ambient light.  He bares his yellowed fangs, insatiable hunger twisting his face.
desiccated_half_krolvin_strigoi	arrival	A desiccated half-krolvin strigoi crawls in, her featureless black eyes gleaming predatorily in the ambient light.  She bares her yellowed fangs, insatiable hunger twisting her face.
dhu_goleras	death	The dhu goleras opens {pronoun} mouth wide and lets out a choked, shrill scream and {pronoun} eyes cloud over to a solid milky white as {pronoun} collapses and dies.
dhu_goleras	death	The dhu goleras opens {pronoun} mouth wide and lets out a choked, shrill scream and {pronoun} eyes cloud over to a solid milky white as {pronoun} dies.
dhu_goleras	death	The dhu goleras opens {pronoun} mouth wide and lets out a choked, silent scream and {pronoun} eyes cloud over to a solid milky white as {pronoun} collapses and dies.
dhu_goleras	death	The dhu goleras opens her mouth wide and lets out a choked, silent scream and her eyes cloud over to a solid milky white as she dies.
dhu_goleras	flee	A dhu goleras moves off with a loping, uneven gait, {pronoun} body rocking side-to-side and {pronoun} head and arms flopping wildly as {pronoun} heads {direction}.
dhu_goleras	flee	A dhu goleras moves off with a loping, uneven gait emitting shrill cries of annoyance as {pronoun} heads {direction}.
dhu_goleras	arrival	A dhu goleras arrives with a loping, uneven gait, {pronoun} body rocking side-to-side and {pronoun} head and arms flopping wildly.
dhu_goleras	decay	A dhu goleras's body decomposes into a foul, acidic liquid that rapidly evaporates.
direbear	death	The direbear collapses heavily into a heap on the ground and dies.
direbear	death	The direbear lets out a blood-curdling roar and dies.
direbear	flee	A direbear lumbers {direction}.
direbear	flee	A direbear slowly lumbers {direction}, growling in pain.
direbear	flee	A direbear shudders and lumbers {direction}, snarling in agony.
direbear	flee	A direbear crawls {direction}.
direbear	flee	A direbear slowly backs away, {pronoun} teeth bared.
direbear	flee	A direbear lumbers {direction}, balefully surveying the area with bloodshot red eyes!
direbear	arrival	A direbear lumbers in, balefully surveying the area with bloodshot red eyes!
direbear	arrival	A direbear lumbers in!
direbear	arrival	A direbear shudders and lumbers in, snarling in agony!
direbear	arrival	A direbear slowly lumbers in, growling in pain!
direbear	decay	A direbear decays into a compost of fangs, fur and claws.
disfigured_hive_thrall	flee	A disfigured hive thrall gibbers pathetically as {pronoun} flees {direction}.
disfigured_hive_thrall	flee	A disfigured hive thrall gibbers pathetically as {pronoun} flees {direction}, burning ichor seeping from {pronoun} wounds.
disfigured_hive_thrall	arrival	A disfigured hive thrall lurches in, burning ichor flowing freely from {pronoun} wounds.
disfigured_hive_thrall	arrival	A disfigured hive thrall lurches in, burning ichor flowing freely from {pronoun} {weapon}.
dobrem	death	The dobrem falls to the ground and dies.
dobrem	death	The dobrem rolls over and dies.
dobrem	flee	A dobrem lopes {direction}!
dobrem	flee	A dobrem whimpers as {pronoun} slowly backs away, {pronoun} teeth bared.
dobrem	decay	A dobrem decays into a compost of fangs and fur.
dreadnought_raptor	death	The dreadnought raptor writhes in agony, its wings flapping fruitlessly as it dies.
dreadnought_raptor	death	The dreadnought raptor crashes to the ground, motionless.
dreadnought_raptor	flee	A dreadnought raptor flies {direction}.
dreadnought_raptor	decay	The dreadnought raptor decays into a pile of feathers.
dybbuk	death	The dybbuk falls to the ground motionless.
dybbuk	death	The dybbuk wails in terrifying pain one last time and lies still.
dybbuk	flee	A dybbuk shambles {direction}.
dybbuk	flee	A dybbuk just went through an iron door.
dybbuk	arrival	A dybbuk shambles in!
dybbuk	arrival	A dybbuk just arrived.
earth_elemental	death	The earth elemental topples to the ground motionless.
earth_elemental	death	The earth elemental shudders violently for a moment, then goes still.
earth_elemental	death	The earth elemental falls to the floor dead, {pronoun} still pulsating with a blinding white hue.
earth_elemental	flee	An earth elemental lumbers slowly to the {direction}.
earth_elemental	arrival	An earth elemental lumbers in slowly.
earth_elemental	decay	Tiny fissures quickly spread over the entire form of an earth elemental.  Within moments, it crumbles into a pile of dirt and rubble.
earth_elemental	decay	Tiny fissures quickly spread over the entire form of a greater earth elemental.  Within moments, it crumbles into a pile of dirt and rubble.
ebon_swine	death	The ebon swine lets out a final agonized squeal and dies.
ebon_swine	death	The ebon swine collapses to the ground, emits a final squeal, and dies.
ebon_swine	death	The ebon swine twitches violently, then dies.
ebon_swine	death	The ebon swine silently lets out a final agonized squeal and dies.
ebon_swine	flee	An ebon swine trots {direction}.
ebon_swine	flee	An ebon swine grunts as {pronoun} slowly backs away.
ebon_swine	arrival	An ebon swine crashes into view!
ebon_swine	arrival	An ebon swine trots in!
ebon_swine	decay	An ebon swine decays into a pile of fur and bone.
eidolon	death	An eidolon fades into oblivion.
eidolon	death	The eidolon falls to the floor dead, {pronoun} ethereal mist still pulsating with a blinding white hue.
eidolon	flee	An eidolon floats {direction}.
eidolon	flee	An eidolon just went through a tall archway.
eidolon	flee	An eidolon just went through an iron door.
eidolon	arrival	An eidolon just arrived.
eidolon	arrival	An eidolon just came through an iron door.
elder_ghoul_master	death	The elder ghoul master falls to the ground motionless.
elder_ghoul_master	death	The elder ghoul master screams evilly one last time and goes still.
elder_ghoul_master	arrival	An elder ghoul master just arrived.
elder_ghoul_master	decay	An elder ghoul master turns to dust.
elder_ghoul_master	decay	A small, green cloud of smelly gas rises from the body of a big ugly kobold as {pronoun} decays into compost.
elder_tree_spirit	death	The tree spirit slowly settles to the ground and begins to dissipate.
elder_tree_spirit	flee	An elder tree spirit heads {direction}.
elder_tree_spirit	arrival	An elder tree spirit just arrived.
emaciated_hierophant	death	An emaciated hierophant dies and collapses to the floor.
emaciated_hierophant	death	With an ear-piercing cry of agony, the emaciated hierophant dies.
emaciated_hierophant	death	An emaciated hierophant thrashes violently and then dies.
emaciated_hierophant	death	An emaciated hierophant dies, falling down like a rag doll.
emaciated_hierophant	death	An emaciated hierophant staggers, then falls to the floor and dies.
emaciated_hierophant	death	An emaciated hierophant spasms one last time and then dies.
emaciated_hierophant	death	An emaciated hierophant thrashes one last time and goes still.
emaciated_hierophant	death	An emaciated hierophant moans in agony and then goes still.
emaciated_hierophant	death	An emaciated hierophant spasms in death and then goes still.
emaciated_hierophant	flee	An emaciated hierophant heads {direction}.
emaciated_hierophant	flee	An emaciated hierophant limps {direction}.
emaciated_hierophant	arrival	An emaciated hierophant just arrived.
emaciated_hierophant	arrival	An emaciated hierophant strides into the area!
emaciated_hierophant	arrival	An emaciated hierophant charges in, sweat beading on {pronoun} forehead!
emaciated_hierophant	decay	An emaciated hierophant crumbles to dust and blows away on the wind.
emaciated_hierophant	decay	An emaciated hierophant suddenly dissolves into a puddle of viscous ooze.
emaciated_hierophant	decay	An emaciated hierophant rapidly decays, flesh and bone crumbling to dust.
enormous_mosquito	decay	Growing brittle, the enormous mosquito's body suddenly caves in and turns to dust.
enormous_rift_crawler	death	As the rift crawler dies, the beast's massive body curls in on itself, convulses once, and stills.
enormous_rift_crawler	arrival	The enormous rift crawler lurches through the air before finally landing with a solid thud.
ethereal_mage_apprentice	flee	An ethereal mage apprentice floats {direction}.
ethereal_mage_apprentice	flee	An ethereal mage apprentice drifts {direction}.
ethereal_triton_psionicist	death	The triton psionicist fades into transparency, her remnants rapidly dissolving into the air.
ethereal_triton_psionicist	death	An ethereal triton psionicist's dreamy gaze goes lifeless.
ethereal_triton_psionicist	flee	An ethereal triton psionicist heads {direction}.
ethereal_triton_psionicist	arrival	An ethereal triton psionicist just arrived.
ethereal_triton_sentry	death	The triton sentry fades into transparency, {pronoun} remnants rapidly dissolving into the air.
ethereal_triton_sentry	arrival	An ethereal triton sentry just arrived.
eyeless_black_valravn	death	An eyeless black valravn collapses to the ground in an awful tangle of talons and feathers.
eyeless_black_valravn	death	An eyeless black valravn tumbles to the ground, landing in an awful tangle of talons and feathers.
eyeless_black_valravn	flee	An eyeless black valravn just went through a crumbling red stone maw.
eyeless_black_valravn	flee	An eyeless black valravn just went through a breached red stone wall.
eyeless_black_valravn	flee	An eyeless black valravn just went through a pocked red stone arch.
eyeless_black_valravn	arrival	An eyeless black valravn soars in on wings darker than night.
eyeless_black_valravn	arrival	An eyeless black valravn soars in, favoring one wing.
eyeless_black_valravn	arrival	An eyeless black valravn just came through a pocked red stone arch.
eyeless_black_valravn	arrival	An eyeless black valravn just came through a breached red stone wall.
eyeless_black_valravn	arrival	An eyeless black valravn soars in, barely able to keep {reflexive} aloft.
fallen_crusader	flee	A fallen crusader bolts {direction}!
fallen_crusader	flee	A fallen crusader trots {direction}, {pronoun} spectral armor clattering with each stride.
fallen_crusader	arrival	A fallen crusader just arrived, looking terrified!
fanged_goblin	death	The fanged goblin falls to the ground, kicks several times and dies.
fanged_goblin	death	The fanged goblin screams silently, shudders one last time and dies.
fanged_goblin	death	The fanged goblin screams, shudders one last time and dies.
fanged_goblin	flee	A fanged goblin tramps {direction}.
fanged_goblin	arrival	A fanged goblin just arrived!
fanged_goblin	arrival	A fanged goblin meanders in waggling {pronoun} fingers at everything {pronoun} sees.
fanged_goblin	arrival	A fanged goblin rushes in, bows {pronoun} head for a moment and then looks back up.
fanged_goblin	arrival	A fanged goblin marches in!
fanged_goblin	decay	A fanged goblin's carcass collapses into a gooey mess.
fanged_goblin	decay	A fanged goblin's remains decompose leaving a horrendous smell in {pronoun} wake.
fanged_rodent	death	The fanged rodent collapses to the ground, emits a final squeal, and dies.
fanged_rodent	death	The fanged rodent twitches and dies.
fanged_rodent	death	The fanged rodent collapses to the ground, emits a final silent squeal, and dies.
fanged_rodent	flee	A fanged rodent scampers {direction}.
fanged_rodent	flee	A fanged rodent just went through a woebegone door.
fanged_rodent	arrival	A choking fetid odor heralds the arrival of a fanged rodent!
fanged_rodent	arrival	A fanged rodent scampers in!
fanged_rodent	arrival	A fanged rodent just came through a woebegone door.
fanged_rodent	arrival	A fanged rodent just came through an open hatch.
fanged_rodent	decay	A fanged rodent decays into a pile of hair and bone.
fanged_viper	flee	A fanged viper slithers {direction}.
fanged_viper	decay	A fanged viper decays into compost.
fenghai	death	The fenghai falls to the ground motionless.
fenghai	death	The fenghai cries out one last time and lies still.
fenghai	death	A fenghai crumples in on {reflexive}, a tangled mess of fur and flesh.
fenghai	flee	A fenghai scurries {direction}.
fenghai	flee	A glowing fenghai scurries {direction}.
fenghai	flee	A flashy fenghai scurries {direction}.
festering_taint	death	The festering taint sinks to its knees as it chokes on its own blood and dies.
festering_taint	death	The festering taint crumples to the ground, spits out a curse, and dies.
festering_taint	death	The festering taint falls to the ground, cursing, and dies.
festering_taint	death	The festering taint spasms uncontrollably as it goes into shock and dies.
festering_taint	death	The festering taint lets out a final curse as it dies.
festering_taint	death	The festering taint screams with rage as it falls to the ground and dies.
festering_taint	death	The festering taint curses the day it was created and dies.
festering_taint	arrival	A festering taint arrives, bringing in a rancid odor.
festering_taint	arrival	A festering taint arrives with a disgusting stench.
festering_taint	arrival	A festering taint arrives with a grin that displays blackened and rotting teeth.
festering_taint	decay	A festering taint's corpse falls apart and dissolves with a sudden hiss.
festering_taint	decay	A festering taint's body dissolves, bubbling and fizzing until nothing is left.
fire_ant	death	The fire ant falls to the ground and dies, its feelers twitching.
fire_ant	death	The fire ant feebly twitches a feeler one last time and dies.
fire_ant	flee	A fire ant heads {direction}.
fire_ant	arrival	A fire ant just arrived.
fire_ant	arrival	A fire ant crawls in, feelers twitching.
fire_ant	decay	A fire ant decays into compost.
fire_cat	death	The fire cat lets out a final caterwaul and dies.
fire_cat	death	The fire cat crumples to the ground and dies.
fire_cat	flee	A fire cat scampers {direction}.
fire_cat	flee	A fire cat scampers {direction}, mewling in pain.
fire_cat	arrival	A fire cat scampers in!
fire_cat	decay	A fire cat decays into a compost of fangs, fur and claws.
fire_elemental	death	The fire elemental sputters violently, cascading flames all around as it collapses in a final fiery display.
fire_elemental	flee	A fire elemental blazes {direction}, scorching the earth in {pronoun} wake.
fire_elemental	arrival	A fire elemental blazes in, leaving the ground scorched in {pronoun} wake!
fire_giant	flee	A fire giant lumbers {direction}, engulfed in a fiery blaze.
fire_giant	flee	A fire giant crawls {direction}.
fire_giant	flee	A fire giant seethes in pain as he limps {direction}.
fire_giant	arrival	A fire giant lumbers in, engulfed in a fiery blaze!
fire_guardian	death	The fire guardian falls to the ground motionless.
fire_guardian	death	The fire guardian screams evilly one last time and goes still.
fire_guardian	decay	A fire guardian turns to dust.
fire_mage	death	The fire mage goes limp and {pronoun} falls over as the fire slowly fades from {pronoun} eyes.
fire_mage	death	The fire mage twitches violently, then dies.
fire_mage	death	The fire in the fire mage's eyes slowly fades away.
fire_mage	flee	A fire mage crawls {direction}.
fire_mage	flee	A fire mage walks {direction}.
fire_mage	flee	A fire mage strides south, leaving traces of fire in the air.
fire_mage	flee	A fire mage strides north, leaving traces of fire in the air.
fire_mage	arrival	Violent flames begin to whip and spit about the area as a fire mage strides into view!
fire_mage	arrival	A fire mage strides in!
fire_mage	arrival	An apt fire mage strides in!
fire_mage	decay	A fire mage decays into a fine grey ash that quickly blows away.
fire_mage	decay	An apt fire mage decays into a fine grey ash that quickly blows away.
fire_ogre	flee	A fire ogre stomps {direction}, leaving a trail of black soot.
fire_ogre	arrival	A fire ogre stomps in, covered in black soot!
fire_ogre	decay	A fire ogre burns down to a husk, that crumbles to ash.
fire_rat	death	The fire rat collapses to the ground, emits a final squeal, and dies.
fire_rat	death	The fire rat twitches and dies.
fire_rat	death	The fire rat collapses to the ground, emits a final silent squeal, and dies.
fire_rat	flee	A fire rat scampers {direction}.
fire_rat	flee	A fire rat crawls {direction}.
fire_rat	flee	A fire rat squeaks as {pronoun} slowly backs away.
fire_rat	arrival	A fire rat scampers in!
fire_rat	decay	A fire rat crumbles into a pile of ash.
fire_salamander	death	The fire salamander hisses one last time and dies.
fire_salamander	flee	A fire salamander slithers {direction}.
fire_salamander	arrival	A fire salamander slithers in!
fire_salamander	decay	A fire salamander decays into compost.
fire_sprite	death	The fire sprite goes limp and she falls over as the fire slowly fades from her eyes.
fire_sprite	flee	A fire sprite flits {direction}.
firebird	flee	A firebird struggles to flap its flaming wings as it flies {direction}.
firebird	flee	A firebird leaves a trail of flame as it flies {direction}.
firebird	flee	The firebird flaps its great flaming wings as it retreats upwards into the air.
firebird	arrival	A firebird flies in, a trail of flame behind it.
firebird	arrival	A firebird flies in, struggling to flap its flaming wings.
firephantom	death	The firephantom slowly settles to the ground and begins to dissipate.
firephantom	arrival	A firephantom just arrived.
firethorn_shoot	death	The firethorn shoot falls to the ground and dies.
firethorn_shoot	death	The firethorn shoot twitches one last time and dies.
firethorn_shoot	flee	A firethorn shoot heads {direction}.
firethorn_shoot	flee	A firethorn shoot just went across a footbridge.
firethorn_shoot	arrival	A firethorn shoot shambles in.
firethorn_shoot	arrival	A firethorn shoot just arrived.
firethorn_shoot	decay	A firethorn shoot decays into compost.
flayed_gigas_disciple	death	A flayed gigas disciple goes limp as the last of {pronoun} energy is crushed from {pronoun} by {target} unyielding bearhug!
flayed_gigas_disciple	death	The flayed gigas disciple slumps to the ground.
flayed_gigas_disciple	flee	A flayed gigas disciple just went through a pair of colossal red stone pillars.
flayed_gigas_disciple	flee	A flayed gigas disciple pounds {direction}, ragged cloak flowing behind {pronoun}.
flayed_gigas_disciple	flee	A flayed gigas disciple just went through a ragged acid-pocked gash.
flayed_gigas_disciple	arrival	A flayed gigas disciple just came through a break in the trees.
flayed_gigas_disciple	arrival	A flayed gigas disciple just came through a pocked red stone arch.
flayed_gigas_disciple	arrival	A flayed gigas disciple pounds in, {pronoun} eyes tight with restrained pain.
flesh_golem	death	A flesh golem collapses in a heap, {pronoun} huge girth shaking the floor around {pronoun}.
flesh_golem	death	A flesh golem collapses in a heap, {pronoun} huge girth shaking the ground around {pronoun}.
flesh_golem	death	The flesh golem falls to the floor dead, {pronoun} husk still pulsating with a blinding white hue.
flesh_golem	arrival	A flesh golem arrives with a trail of rotting skin behind it.
flesh_golem	arrival	A flesh golem ambles in while adjusting a piece of hanging skin.
flickering_mist_wreathed_banshee	flee	A flickering mist-wreathed banshee drifts south on swirling eddies of silvery mist.
flickering_mist_wreathed_banshee	flee	A flickering mist-wreathed banshee drifts east on swirling eddies of silvery mist.
flickering_mist_wreathed_banshee	flee	A flickering mist-wreathed banshee drifts west on swirling eddies of silvery mist.
flickering_mist_wreathed_banshee	flee	A flickering mist-wreathed banshee drifts north on swirling eddies of silvery mist.
flickering_mist_wreathed_banshee	flee	A flickering mist-wreathed banshee drifts southeast on swirling eddies of silvery mist.
flickering_mist_wreathed_banshee	flee	A flickering mist-wreathed banshee drifts southwest on swirling eddies of silvery mist.
flickering_mist_wreathed_banshee	flee	A flickering mist-wreathed banshee just went through a heavy steel portcullis.
flickering_mist_wreathed_banshee	arrival	A flickering mist-wreathed banshee drifts in on swirling eddies of silvery mist.
flickering_mist_wreathed_banshee	arrival	A flickering mist-wreathed banshee just came through some vaulting grey stone doors.
flickering_mist_wreathed_banshee	decay	Maggots and buzzing flies burst from a cadaverous tatterdemalion ghast's flesh as {pronoun} skin peels and crumbles.  The scavenging insects rapidly consume the remains, leaving little but brittle bones.
forest_bendith	death	The forest bendith's eyes grow dim as her lifeforce fades away.
forest_bendith	death	The forest bendith drops lifelessly to the ground.
forest_bendith	arrival	A forest bendith lurches in, {pronoun} glowering eyes scanning the area.
forest_ogre	death	The forest ogre falls to the ground and dies.
forest_ogre	death	The forest ogre screams one last time and dies.
forest_ogre	flee	A forest ogre runs {direction}.
forest_ogre	flee	A forest ogre limps {direction}.
forest_ogre	arrival	A forest ogre just arrived.
forest_ogre	arrival	A forest ogre just arrived, limping badly.
forest_ogre	decay	A forest ogre decays into a heap of pine-scented compost.
forest_trali	death	The forest trali twitches violently, then dies.
forest_trali	death	A forest trali collapses upon the ground and the life fades from {pronoun} eyes.
forest_trali	death	A forest trali collapses upon the floor and the life fades from {pronoun} eyes.
forest_trali	flee	A forest trali tramps {direction}.
forest_trali	flee	A forest trali limps {direction}.
forest_trali	flee	A forest trali just went through a battered maoral door.
forest_trali	arrival	A forest trali arrives, sniffing the air for prey!
forest_trali	arrival	A forest trali stalks in.
forest_trali	decay	A forest trali's body rapidly decays away.
forest_trali_shaman	death	A forest trali shaman collapses upon the ground and the life fades from {pronoun} eyes.
forest_trali_shaman	death	A forest trali shaman collapses upon the floor and the life fades from {pronoun} eyes.
forest_trali_shaman	flee	A forest trali shaman skulks {direction}.
forest_trali_shaman	flee	A forest trali shaman limps {direction}.
forest_trali_shaman	arrival	A forest trali shaman arrives, sniffing the air for prey!
forest_trali_shaman	arrival	A forest trali shaman stalks in.
forest_trali_shaman	arrival	A forest trali shaman limps into the area.
forest_trali_shaman	decay	A forest trali shaman's body crumbles into dust and is scattered by a stiff breeze.
forest_troll	death	The forest troll screams one last time and dies.
forest_troll	death	The forest troll falls to the ground and dies.
forest_troll	flee	A forest troll heads {direction}.
forest_troll	arrival	A forest troll just arrived!
forest_troll	arrival	A forest troll ambles in.
forest_troll	decay	A forest troll decays into compost.
frenzied_monk	flee	A frenzied monk seethes in pain as he limps {direction}.
frenzied_monk	decay	A frenzied monk dissolves into a foul-smelling miasma.
frenzied_monk	decay	A nebulous frenzied monk dissolves into a foul-smelling miasma.
frenzied_monk	decay	An unyielding frenzied monk dissolves into a foul-smelling miasma.
frenzied_monk	decay	An adroit frenzied monk dissolves into a foul-smelling miasma.
frenzied_monk	decay	The frenzied monk seems to collapse in upon {reflexive}, leaving only a withered husk.
frost_giant	death	The frost giant cries out in cold agony one last time and dies.
frost_giant	death	The frost giant falls to the ground motionless.
frost_giant	flee	A frost giant lumbers {direction}, followed by a swirling snowstorm.
frost_giant	arrival	A frost giant lumbers in, followed by a swirling snowstorm!
frozen_corpse	death	The frozen corpse wails in terrifying pain one last time and lies still.
frozen_corpse	flee	A frozen corpse shambles {direction}.
frozen_corpse	arrival	A frozen corpse shambles in!
frozen_corpse	decay	A frozen corpse rots away, leaving nothing behind.
fulminating_stormborn_primordial	arrival	A fulminating stormborn primordial streaks forward faster than the eye can see, leaving smoking plumes behind as {pronoun} jagged tendrils propel {pronoun} aggressively into the fray.
garish_revenant_buccaneer	death	Haunting blue light wreathes a garish revenant buccaneer's form as he stretches out a desperate hand.  Hiseyes widen and he goes still and lifeless, deprived of whatever unholy forces were animating him.
garish_revenant_buccaneer	flee	A garish revenant buccaneer withdraws, disengaging from {target}.
gaudy_phantasmic_conjurer	flee	A gaudy phantasmic conjurer just went through some vaulting grey stone doors.
gaudy_phantasmic_conjurer	flee	A gaudy phantasmic conjurer just went through a heavy steel portcullis.
gaudy_phantasmic_conjurer	arrival	A gaudy phantasmic conjurer stalks in impatiently, {pronoun} gaudy robes drifting several inches above the floor.
gaudy_phantasmic_conjurer	arrival	A gaudy phantasmic conjurer just came through some vaulting grey stone doors.
gaudy_phantasmic_conjurer	arrival	A gaudy phantasmic conjurer just came through a heavy steel portcullis.
gaudy_phantasmic_conjurer	decay	Groans and cracks emanate from an infernal death knight's armor as {pronoun} suddenly succumbs to metal fatigue.  Within seconds, {pronoun} skeletal form collapses into blanched powder and blows away.
gaunt_feral_selkie	death	An instant of clarity dawns in a gaunt feral selkie's eyes as {pronoun} succumbs to {pronoun} injuries.  Peace blossoms on {pronoun} face as {pronoun} dies.
gaunt_feral_selkie	death	A gaunt feral selkie slumps, {pronoun} flippers twitching as {pronoun} struggles to regain {pronoun} senses.
gaunt_feral_selkie	flee	Lost in a pall of befuddlement, a gaunt feral selkie wanders {direction}.
gaunt_feral_selkie	flee	Seemingly unaware of {pronoun} injuries, a gaunt feral selkie wanders {direction}.
gaunt_feral_selkie	arrival	A gaunt feral selkie wanders in, lost in a pall of befuddlement.
gaunt_feral_selkie	arrival	A gaunt feral selkie wanders in, befuddled and seemingly unaware of her injuries.
gaunt_spectral_servant	death	A low sigh fills the air and the spectral servant fades to nothing.
gaunt_spectral_servant	flee	A gaunt spectral servant silently floats {direction}.
ghost	death	The ghost slowly settles to the ground and begins to dissipate.
ghost	arrival	Out of thin air, a shadowy figure takes shape before your eyes and materializes into a ghost!
ghost	arrival	A ghost just arrived.
ghost	decay	A ghost vanishes into thin air, leaving no trace behind.
ghost_wolf	death	The ghost wolf falls back into a heap and dies.
ghost_wolf	death	The ghost wolf hisses one last time and dies.
ghost_wolf	flee	The wolf scampers {direction}.
ghost_wolf	arrival	A ghost wolf scampers in.
ghost_wolf	decay	A ghost wolf decays into compost.
ghostly_mara	death	A haunting melody fills the air and fades as a ghostly mara dissipates into nothing.
ghostly_mara	flee	A ghostly mara floats {direction}.
ghostly_pooka	death	The ghostly pooka falls to the ground motionless.
ghostly_pooka	death	The ghostly pooka ceases all attempts at movement.
ghostly_pooka	flee	A shimmering ghostly pooka gallops {direction}.
ghostly_pooka	flee	A ghostly pooka trots {direction}.
ghostly_pooka	flee	A ghostly pooka runs {direction}.
ghostly_pooka	flee	A ghostly pooka gallops {direction}.
ghostly_pooka	decay	A ghostly pooka fades away as if {pronoun} were never there.
ghostly_warrior	flee	A ghostly warrior creeps {direction}!
ghoul_master	death	The ghoul master falls to the ground motionless.
ghoul_master	death	The ghoul master screams evilly one last time and goes still.
ghoul_master	flee	A ghoul master runs {direction}.
ghoul_master	arrival	A ghoul master just arrived.
ghoul_master	arrival	A ghoul master just arrived, limping.
ghoul_master	decay	A ghoul master turns to dust.
giant_albino_scorpion	death	The albino scorpion twitches violently, then dies.
giant_albino_scorpion	death	A giant albino scorpion collapses, leaving behind a hollow exoskeleton.
giant_albino_scorpion	death	A giant albino scorpion falls to the ground with an echoing clatter, dead.
giant_albino_scorpion	flee	A giant albino scorpion skitters {direction}.
giant_albino_scorpion	flee	A giant albino scorpion skitters south with delicate appendages.
giant_albino_scorpion	flee	A giant albino scorpion skitters down with delicate appendages.
giant_albino_scorpion	flee	A giant albino scorpion skitters west with delicate appendages.
giant_albino_scorpion	flee	A giant albino scorpion skitters east with delicate appendages.
giant_albino_scorpion	flee	A giant albino scorpion skitters up with delicate appendages.
giant_albino_scorpion	flee	A giant albino scorpion skitters north with delicate appendages.
giant_albino_scorpion	flee	A giant albino scorpion skitters northwest with delicate appendages.
giant_albino_scorpion	flee	A giant albino scorpion skitters northeast with delicate appendages.
giant_albino_tomb_spider	death	The albino tomb spider collapses to the ground and dies.
giant_albino_tomb_spider	death	The albino tomb spider's body jerks one last time and dies.
giant_albino_tomb_spider	flee	A giant albino tomb spider scurries {direction}.
giant_albino_tomb_spider	decay	A giant albino tomb spider's legs shrivel up beneath it as it decays into dust.
giant_albino_tomb_spider	decay	An albino tomb spider's legs shrivel up beneath it as it decays into dust.
giant_ant	death	The giant ant falls to the ground and dies, its feelers twitching.
giant_ant	death	The giant ant feebly twitches a feeler one last time and dies.
giant_ant	flee	A giant ant heads {direction}.
giant_ant	arrival	A giant ant just arrived.
giant_ant	decay	A giant ant decays into compost.
giant_fog_beetle	death	The giant fog beetle kicks a leg one last time and lies still.
giant_fog_beetle	death	The giant fog beetle falls to the ground and lies twitching for a moment before going still.
giant_fog_beetle	flee	A giant fog beetle crawls {direction}.
giant_fog_beetle	flee	A giant fog beetle meanders {direction}.
giant_fog_beetle	decay	A giant fog beetle's legs shrivel up beneath it as it decays into dust.
giant_hawk_owl	death	The giant hawk-owl writhes in agony, its wings flapping fruitlessly as it dies.
giant_hawk_owl	death	The giant hawk-owl crashes to the ground, motionless.
giant_hawk_owl	flee	A giant hawk-owl flies {direction}.
giant_hawk_owl	decay	The giant hawk-owl decays into a pile of feathers.
giant_marmot	death	The giant marmot collapses to the ground, emits a final squeal, and dies.
giant_marmot	death	The giant marmot collapses to the ground, emits a final silent squeal, and dies.
giant_marmot	death	The giant marmot twitches and dies.
giant_marmot	death	The giant marmot twitches violently, then dies.
giant_marmot	flee	A giant marmot waddles {direction}.
giant_marmot	flee	A giant marmot snorfles as {pronoun} slowly backs away.
giant_marmot	decay	A giant marmot decays into a pile of hair and bone.
giant_rat	death	The giant rat collapses to the ground, emits a final squeal, and dies.
giant_rat	death	The giant rat twitches and dies.
giant_rat	flee	A giant rat scampers {direction}.
giant_rat	arrival	A giant rat scampers in!
giant_rat	decay	A giant rat decays into a pile of mangy hair and bone.
giant_veaba	death	A giant veaba shudders violently as it dies.
giant_veaba	death	A giant veaba dies in a squirming, quivering heap.
giant_veaba	death	A giant veaba dies; vitreous fluids escape its body.
giant_veaba	flee	A giant veaba crawls {direction} in pain.
giant_veaba	arrival	A giant veaba crawls in, its antennae waving with curiousity.
giant_veaba	arrival	A giant veaba crawls in, low on the ground.
giant_veaba	decay	A giant veaba disintegrates into a slush that swiftly evaporates.
giant_weasel	death	The giant weasel collapses to the ground, emits a final cry, and dies.
giant_weasel	death	The giant weasel lets out a final agonized cry and dies.
giant_weasel	flee	A giant weasel scampers {direction}.
giant_weasel	flee	A giant weasel chitters as {pronoun} slowly backs away.
giant_weasel	arrival	A giant weasel just arrived.
giant_weasel	arrival	A giant weasel scampers in, chittering to announce its arrival!
giant_weasel	arrival	A giant weasel scampers in!
giant_weasel	decay	A giant weasel decays into a pile of fur and bone.
gigantic_lightning_whelk	death	Chaotic pulses of color explode through a gigantic lightning whelk's flesh like fireworks as it collapses, letting out a pained rumble as it dies in a froth of bubbling mucus.
gigantic_lightning_whelk	death	Chaotic pulses of color explode through a gigantic lightning whelk's flesh like fireworks as it collapses.  It dies in a froth of bubbling mucus.
gigantic_lightning_whelk	flee	Warning hues flush through a gigantic lightning whelk's semitranslucent flesh as its head retreats into the safety of its opalescent shell.
glacial_morph	death	A glacial morph topples over, {pronoun} ice chunks banging against one another.
glacial_morph	death	The glacial morph falls to the ground dead, {pronoun} icy surface still pulsating with a blinding white hue.
glacial_morph	flee	A glacial morph pounds away headed {direction}.
glacial_morph	flee	A glacial morph pounds south leaving small ice shards in {pronoun} wake.
glacial_morph	arrival	A glacial morph pounds in.
glacial_morph	arrival	A glacial morph pounds in, dropping small ice shards in {pronoun} wake.
glistening_cerebralite	death	An intangible ripple of pure energy courses through the air as the cerebralite's pupils widen a final time, its eyes clouding over as it dies.
glistening_cerebralite	flee	A glistening cerebralite bolts {direction}!
glistening_cerebralite	arrival	A glistening cerebralite just arrived, looking terrified!
glistening_cerebralite	decay	The siren's soft aura fades and her flesh crumbles to reveal the corpse of a hideous scaled creature, which then quickly decays away.
gnarled_being	death	A gnarled being coughs up some blood and dies.
gnarled_being	death	A gnarled being crashes to the ground, dead.
gnarled_being	arrival	A gnarled being strides in with a snort of derision.
gnarled_being	decay	A gnarled being crumbles away into nothing.
gnoll_guard	death	The gnoll guard rolls over and dies.
gnoll_guard	death	The gnoll guard falls to the ground and dies.
gnoll_guard	arrival	A gnoll guard marches in.
gnoll_guard	decay	A gnoll guard's remains dissolve into the ground.
gnoll_ranger	death	The gnoll ranger falls to the ground and dies.
gnoll_ranger	death	The gnoll ranger rolls over and dies.
gnoll_ranger	flee	A gnoll ranger stalks {direction}.
gnoll_ranger	arrival	A gnoll ranger stalks in.
gnoll_ranger	arrival	A gnoll ranger wanders in, alertly surveying its surroundings.
gnoll_ranger	decay	A gnoll ranger's remains dissolve into the ground.
gnoll_thief	death	The gnoll thief rolls over and dies.
gnoll_thief	death	The gnoll thief falls to the ground and dies.
gnoll_thief	flee	A gnoll thief skulks {direction}.
gnoll_thief	decay	A gnoll thief's remains dissolve into the ground.
gnoll_worker	death	The gnoll worker falls to the ground and dies.
gnoll_worker	death	The gnoll worker rolls over and dies.
gnoll_worker	flee	A gnoll worker ambles {direction}.
gnoll_worker	arrival	A gnoll worker strides in solemnly.
gnoll_worker	arrival	A gnoll worker wanders in, sniffing the air.
gnoll_worker	arrival	A gnoll worker strolls in.
gnoll_worker	arrival	A gnoll worker rushes in, waving {pronoun} arms wildly.
gnoll_worker	decay	A gnoll worker's remains dissolve into the ground.
goblin	death	The goblin falls to the ground, kicks several times and dies.
goblin	death	The goblin screams, shudders one last time and dies.
goblin	death	The goblin twitches violently, then dies.
goblin	flee	A goblin tramps {direction}.
goblin	arrival	A goblin meanders in waggling {pronoun} fingers at everything {pronoun} sees.
goblin	arrival	A goblin rushes in, bows {pronoun} head for a moment and then looks back up.
goblin	arrival	A goblin marches in!
goblin	decay	A goblin's carcass collapses into a gooey mess.
goblin	decay	A goblin's remains decompose leaving a horrendous smell in {pronoun} wake.
great_boar	death	The great boar collapses to the ground, emits a final squeal, and dies.
great_boar	death	The great boar lets out a final agonized squeal and dies.
great_boar	death	The great boar collapses to the ground, emits a final silent squeal, and dies.
great_boar	death	The great boar silently lets out a final agonized squeal and dies.
great_boar	flee	A great boar grunts and barrels {direction}.
great_boar	flee	A great boar trots {direction}, grunting noisily.
great_boar	flee	A great boar grunts as {pronoun} slowly backs away.
great_boar	arrival	A great boar charges in, grunting an angry challenge!
great_boar	arrival	A great boar barrels in!
great_boar	decay	A great boar decays into a pile of fur and bone.
great_brown_bear	death	The great brown bear collapses heavily into a heap on the ground and dies.
great_brown_bear	death	The great brown bear lets out a blood-curdling roar and dies.
great_brown_bear	flee	A great brown bear slowly lumbers {direction}, growling in pain.
great_brown_bear	flee	A great brown bear lumbers {direction}.
great_brown_bear	flee	A great brown bear slowly backs away, {pronoun} teeth bared.
great_brown_bear	arrival	A great brown bear lumbers in!
great_brown_bear	arrival	A great brown bear slowly lumbers in, growling in pain!
great_brown_bear	arrival	A great brown bear lumbers noisily into the area drooling hungrily!
great_brown_bear	decay	A great brown bear decays into a compost of fangs, fur and claws.
great_brown_bear	decay	A small, green cloud of smelly gas rises from the body of a kobold as he decays into compost.
great_stag	death	The great stag collapses to the ground, emits a final sigh, and dies.
great_stag	death	The great stag lets out a final agonized sigh and dies.
great_stag	death	The great stag collapses to the ground, emits a final silent sigh, and dies.
great_stag	death	The great stag silently lets out a final agonized sigh and dies.
great_stag	flee	A great stag trots {direction}.
great_stag	flee	A great stag trots {direction}, snorting to announce {pronoun} arrival!
great_stag	flee	A great stag snorts as {pronoun} slowly backs away.
great_stag	arrival	A great stag trots in!
great_stag	decay	A great stag decays into a pile of fur and bone.
greater_bog_troll	death	The greater bog troll's body goes rigid and {pronoun} eyes roll back into {pronoun} head as {pronoun} dies.
greater_bog_troll	death	The greater bog troll's body goes rigid and collapses to the ground, dead.
greater_bog_troll	arrival	A greater bog troll just arrived!
greater_bog_troll	arrival	A belligerent greater bog troll just arrived!
greater_bog_troll	arrival	A greater bog troll charges in, breath steaming from {pronoun} nose and mouth!
greater_bog_troll	decay	A greater bog troll decays into compost.
greater_bog_troll	decay	A tenebrous greater bog troll decays into compost.
greater_burrow_orc	death	A greater burrow orc growls one last time and dies.
greater_burrow_orc	death	A greater burrow orc growls silently one last time and dies.
greater_burrow_orc	flee	A greater burrow orc rushes out of a burrow, bellowing a challenge!
greater_construct	flee	A greater construct stomps {direction}.
greater_construct	arrival	A greater construct stomps in.
greater_construct	arrival	A glorious greater construct stomps in.
greater_construct	arrival	A hoarse rumbling heralds the arrival of a greater construct!
greater_construct	arrival	A deep humming sound comes from a greater construct as it lumbers in.
greater_construct	decay	A greater construct's body crumbles until only a pile of rubble marks its remains.
greater_earth_elemental	death	The earth elemental topples to the ground motionless.
greater_earth_elemental	death	The earth elemental shudders violently for a moment, then goes still.
greater_earth_elemental	arrival	A greater earth elemental lumbers in slowly.
greater_earth_elemental	arrival	The boulder comes to a sudden stop and rises into the form of a greater krynch!
greater_earth_elemental	arrival	A greater earth elemental lurches in, shuddering with each step.
greater_earth_elemental	decay	Tiny fissures quickly spread over the entire form of a greater earth elemental.  Within moments, it crumbles into a pile of dirt and rubble.
greater_earth_elemental	decay	Tiny fissures quickly spread over the entire form of an earth elemental.  Within moments, it crumbles into a pile of dirt and rubble.
greater_faeroth	death	A greater faeroth emits a roar as {pronoun} goes still.
greater_faeroth	death	A greater faeroth releases a roar as {pronoun} falls to the ground and goes still.
greater_faeroth	death	An apt greater faeroth emits a roar as she goes still.
greater_faeroth	flee	A greater faeroth pounds southwestward.
greater_faeroth	flee	A greater faeroth pounds northward.
greater_faeroth	flee	A greater faeroth pounds southeastward.
greater_faeroth	flee	A greater faeroth pounds southward.
greater_faeroth	flee	A greater faeroth pounds northeastward.
greater_faeroth	flee	A greater faeroth pounds westward.
greater_faeroth	flee	A greater faeroth pounds northwestward.
greater_faeroth	flee	A greater faeroth pounds eastward.
greater_faeroth	flee	A greater faeroth hobbles haphazardly northeastward.
greater_faeroth	flee	A greater faeroth hobbles haphazardly southward.
greater_faeroth	flee	A greater faeroth hobbles haphazardly westward.
greater_faeroth	flee	A greater faeroth hobbles haphazardly southwestward.
greater_faeroth	flee	A greater faeroth hobbles haphazardly northward.
greater_faeroth	arrival	A greater faeroth pounds in on {pronoun} massive forelimbs, roaring ferociously!
greater_faeroth	arrival	A greater faeroth pounds in.
greater_faeroth	decay	A greater faeroth decays into a pile of foul-smelling compost.
greater_faeroth	decay	An apt greater faeroth decays into a pile of foul-smelling compost.
greater_fetid_corpse	arrival	A greater fetid corpse shambles in!
greater_fetid_corpse	arrival	A greater fetid corpse emerges from the stinking mire, moaning evilly!
greater_ghoul	death	The greater ghoul falls to the ground motionless.
greater_ghoul	death	The greater ghoul screams evilly one last time and goes still.
greater_ghoul	flee	A greater ghoul runs {direction}.
greater_ghoul	arrival	A greater ghoul just arrived!
greater_ghoul	arrival	A greater ghoul just arrived.
greater_ghoul	arrival	A greater ghoul just arrived, limping badly.
greater_ghoul	decay	A greater ghoul turns to dust.
greater_ice_giant	death	The ice giant cries out in cold agony one last time and dies.
greater_ice_giant	death	The ice giant falls to the ground motionless.
greater_ice_giant	flee	A greater ice giant lumbers {direction}, followed by a hailing icestorm!
greater_ice_giant	flee	A greater ice giant lumbers {direction}, followed by a hailing icestorm.
greater_ice_giant	arrival	A greater ice giant lumbers in, followed by a hailing icestorm!
greater_ice_spider	death	The greater ice spider collapses to the ground and dies.
greater_ice_spider	death	The greater ice spider's body jerks one last time and dies.
greater_ice_spider	flee	A greater ice spider scurries {direction}.
greater_ice_spider	decay	A greater ice spider's legs shrivel up beneath it as it decays into dust.
greater_kappa	death	The greater kappa twitches violently, then dies.
greater_kappa	death	The greater kappa falls to the ground motionless.
greater_kappa	death	The greater kappa screams evilly one last time and goes still.
greater_kappa	arrival	A greater kappa just arrived!
greater_kappa	arrival	A greater kappa just arrived.
greater_kappa	decay	A greater kappa turns to dust.
greater_krynch	death	The greater krynch shudders, then topples to the ground.
greater_krynch	death	The greater krynch shudders violently for a moment, then goes still.
greater_krynch	flee	A greater krynch sinks into the ground, leaving no trace of {pronoun} passing.
greater_krynch	arrival	A massive boulder comes barrelling into view, abruptly rolls to a stop, and rises into the form of a greater krynch!
greater_krynch	arrival	The boulder comes to a sudden stop and rises into the form of a greater krynch!
greater_krynch	decay	Tiny fissures quickly spread over a dead greater krynch, and it crumbles into rubble.
greater_krynch	decay	Tiny fissures quickly spread over the entire form of an earth elemental.  Within moments, it crumbles into a pile of dirt and rubble.
greater_moor_wight	flee	A greater moor wight wails madly as it limps {direction}.
greater_moor_wight	flee	A greater moor wight moves off, heading {direction}.
greater_orc	death	A greater orc breathes {pronoun} last gasp and dies.
greater_orc	death	A greater orc collapses into a pile of dust.
greater_orc	flee	A greater orc stalks {direction}.
greater_orc	flee	A greater orc hobbles slowly {direction}, uttering a curse under {pronoun} breath.
greater_orc	flee	A greater orc hobbles {direction}, uttering a curse under {pronoun} breath!
greater_orc	arrival	A greater orc stalks in!
greater_orc	decay	A greater orc collapses into a pile of dust.
greater_skayl	death	The greater skayl goes limp and it falls over as the fire slowly fades from its eyes.
greater_skayl	arrival	A greater skayl rises from a pool of steaming liquid glaes!
greater_skayl	arrival	A greater skayl rises from a pool of steaming liquid glaes rumbling in pain!
greater_skayl	decay	Bright orange lava oozes out of the greater skayl before it crumbles into a lifeless pile of glaes.
greater_spider	death	The greater spider collapses to the ground and dies.
greater_spider	death	The greater spider's body jerks one last time and dies.
greater_spider	flee	A greater spider scurries {direction}.
greater_spider	flee	A greater spider hobbles {direction}.
greater_spider	decay	A greater spider's legs shrivel up beneath it as it decays into dust.
greater_water_elemental	flee	A greater water elemental just went down some short descending stairs.
greater_water_elemental	flee	A greater water elemental just went across a wide stone causeway.
greater_water_elemental	arrival	A greater water elemental just arrived.
greater_water_elemental	decay	The water elemental gurgles eerily and collapses into the water.
greater_water_elemental	decay	The glimmer of a golden topaz catches your eye as the water elemental gurgles eerily and collapses into the water.
greater_water_elemental	decay	The glimmer of a black deathstone catches your eye as the water elemental gurgles eerily and collapses into the water.
greater_water_elemental	decay	The glimmer of a white dreamstone catches your eye as the water elemental gurgles eerily and collapses into the water.
greater_water_elemental	decay	The glimmer of a star sapphire catches your eye as the water elemental gurgles eerily and collapses into the water.
greater_water_elemental	decay	The glimmer of a pink peridot catches your eye as the water elemental gurgles eerily and collapses into the water.
greater_water_elemental	decay	The glimmer of a yellow zircon catches your eye as the water elemental gurgles eerily and collapses into the water.
greater_water_elemental	decay	The glimmer of a smoky topaz catches your eye as the water elemental gurgles eerily and collapses into the water.
greater_water_elemental	decay	The glimmer of a large white pearl catches your eye as the water elemental gurgles eerily and collapses into the water.
greater_water_elemental	decay	The glimmer of a white opal catches your eye as the water elemental gurgles eerily and collapses into the water.
greater_water_elemental	decay	The glimmer of a blue sapphire catches your eye as the water elemental gurgles eerily and collapses into the water.
greater_water_elemental	decay	The glimmer of a pink rhodochrosite stone catches your eye as the water elemental gurgles eerily and collapses into the water.
greater_water_elemental	decay	The glimmer of a green zircon catches your eye as the water elemental gurgles eerily and collapses into the water.
greater_water_elemental	decay	The glimmer of a yellow sapphire catches your eye as the water elemental gurgles eerily and collapses into the water.
greater_water_elemental	decay	The glimmer of some polished red coral catches your eye as the water elemental gurgles eerily and collapses into the water.
greater_water_elemental	decay	The glimmer of a violet spinel catches your eye as the water elemental gurgles eerily and collapses into the water.
greater_water_elemental	decay	The glimmer of a medium black pearl catches your eye as the water elemental gurgles eerily and collapses into the water.
greater_water_elemental	decay	The glimmer of a red starstone catches your eye as the water elemental gurgles eerily and collapses into the water.
greater_water_elemental	decay	The glimmer of a blue dreamstone catches your eye as the water elemental gurgles eerily and collapses into the water.
greater_water_elemental	decay	The glimmer of a fire opal catches your eye as the water elemental gurgles eerily and collapses into the water.
greater_water_elemental	decay	The glimmer of some blue lapis lazuli catches your eye as the water elemental gurgles eerily and collapses into the water.
greater_water_elemental	decay	The glimmer of a green sapphire catches your eye as the water elemental gurgles eerily and collapses into a puddle of water.
greater_water_elemental	decay	The glimmer of a green starstone catches your eye as the water elemental gurgles eerily and collapses into the water.
greater_water_elemental	decay	The glimmer of a deep purple amethyst catches your eye as the water elemental gurgles eerily and collapses into the water.
greater_water_elemental	decay	The glimmer of some polished pink coral catches your eye as the water elemental gurgles eerily and collapses into the water.
greater_water_elemental	decay	The glimmer of a blue spinel catches your eye as the water elemental gurgles eerily and collapses into the water.
greater_water_elemental	decay	The glimmer of a small white pearl catches your eye as the water elemental gurgles eerily and collapses into the water.
greater_water_elemental	decay	The glimmer of a tiny pink pearl catches your eye as the water elemental gurgles eerily and collapses into the water.
greater_water_elemental	decay	The glimmer of an uncut diamond catches your eye as the water elemental gurgles eerily and collapses into the water.
greater_water_elemental	decay	The glimmer of a green sapphire catches your eye as the water elemental gurgles eerily and collapses into the water.
greater_water_elemental	decay	The glimmer of a small grey pearl catches your eye as the water elemental gurgles eerily and collapses into a puddle of water.
greater_water_elemental	decay	The glimmer of a piece of citrine quartz catches your eye as the water elemental gurgles eerily and collapses into the water.
greater_water_elemental	decay	The glimmer of a blue tourmaline catches your eye as the water elemental gurgles eerily and collapses into the water.
greater_water_elemental	decay	The glimmer of a golden moonstone catches your eye as the water elemental gurgles eerily and collapses into the water.
greater_water_elemental	decay	The glimmer of a blue starstone catches your eye as the water elemental gurgles eerily and collapses into the water.
greater_water_elemental	decay	The glimmer of a green peridot catches your eye as the water elemental gurgles eerily and collapses into the water.
greater_water_elemental	decay	The glimmer of a star ruby catches your eye as the water elemental gurgles eerily and collapses into the water.
greenwing_hornet	death	The greenwing hornet falls back into a heap and dies.
greenwing_hornet	death	The greenwing hornet flutters its wings one last time and dies.
greenwing_hornet	decay	A greenwing hornet decays into compost.
gremlock	death	A gremlock's eyes roll up as {pronoun} dies.
gremlock	death	A gremlock collapses and {pronoun} eyes roll up as {pronoun} dies.
gremlock	flee	A gremlock sneaks {direction}.
gremlock	flee	A gremlock shambles northeast shrieking at the top of {pronoun} voice.
gremlock	flee	A gremlock shambles north shrieking at the top of {pronoun} voice.
gremlock	arrival	A stick flies in and skips along the floor drawing your attention.  As you return to your original focus, you see a gremlock!
gremlock	arrival	A pebble flies in and skips along the floor drawing your attention.  As you return to your original focus, you see a gremlock!
gremlock	arrival	A rock flies in and skips along the floor drawing your attention.  As you return to your original focus, you see a gremlock!
gremlock	arrival	A pebble flies in and skips along the ground drawing your attention.  As you return to your original focus, you see a gremlock!
gremlock	arrival	A rock flies in and skips along the ground drawing your attention.  As you return to your original focus, you see a gremlock!
gremlock	arrival	A stick flies in and skips along the ground drawing your attention.  As you return to your original focus, you see a gremlock!
gremlock	arrival	A gremlock stomps in angrily!
grey_orc	death	A grey orc gazes upward one last time and dies.
grey_orc	flee	A grey orc treks {direction}.
grey_orc	arrival	A grey orc plods in and sniffs the air!
grey_plumed_steelwing_harpy	arrival	A grey-plumed steelwing harpy soars in on metallic wings.
grifflet	death	The grifflet writhes in agony, its wings flapping fruitlessly as it dies.
grifflet	death	The grifflet crashes to the ground, motionless.
grifflet	flee	A grifflet flies {direction}.
grifflet	arrival	A grifflet surveys the area intently as it flies into sight!
grifflet	decay	The grifflet decays into a pile of soft down and fur.
grim_gigas_skald	death	A grim gigas skald raises a hand as if to grasp for support as {pronoun} collapses, life going out of {pronoun} form.
grim_gigas_skald	death	A grim gigas skald slumps, {pronoun} eyes dull and unfocused.
grim_gigas_skald	death	A grim gigas skald's eyes roll up into {pronoun} head as {pronoun} body goes limp on the ground.
grim_gigas_skald	flee	A grim gigas skald just went into a huge hoarbeam longhouse.
grim_gigas_skald	flee	A grim gigas skald just went into a thatched timber smithy.
grim_gigas_skald	flee	A grim gigas skald just went into a long timber hall.
grim_gigas_skald	flee	A grim gigas skald just went into a huge hut.
grim_gigas_skald	flee	A grim gigas skald just went through a breached red stone wall.
grim_gigas_skald	arrival	Preceded by a mournful dirge, a grim gigas skald stalks in, {pronoun} song accompanied by the clacking of the crude jeweled beads adorning the ceremonial garb that {pronoun} wears.
grim_gigas_skald	arrival	A grim gigas skald meanders in, dourly taking in the surroundings.
grim_gigas_skald	arrival	A grim gigas skald arrives, stiffly favoring one leg.
grim_gigas_skald	arrival	A grim gigas skald just arrived.
grim_gigas_skald	arrival	A grim gigas skald just came through a breached red stone wall.
grim_gigas_skald	arrival	A grim gigas skald just arrived, looking terrified.
grim_gigas_skald	arrival	A grim gigas skald staggers in, looking to be on death's door.
grim_gigas_skald	decay	A grim gigas skald's corpse succumbs to rot, collapsing in upon {reflexive} until naught but dust remains.
grimswarm_giant_skirmisher	arrival	A Grimswarm giant skirmisher just arrived.
grimswarm_orc_archer	flee	A Grimswarm orc archer heads {direction}.
grimswarm_orc_archer	arrival	A Grimswarm orc archer just arrived.
grimswarm_orc_hunter	flee	A Grimswarm orc hunter heads {direction}.
grimswarm_orc_hunter	arrival	A Grimswarm orc hunter just arrived.
grimswarm_orc_pillager	flee	A Grimswarm orc pillager heads {direction}.
grimswarm_orc_pillager	arrival	A Grimswarm orc pillager just arrived.
grimswarm_orc_raider	flee	A Grimswarm orc raider heads {direction}.
grimswarm_orc_raider	arrival	A Grimswarm orc raider just arrived.
grimswarm_orc_ranger	flee	A Grimswarm orc ranger heads {direction}.
grimswarm_orc_ranger	arrival	A Grimswarm orc ranger just arrived.
grimswarm_orc_ranger	decay	A Grimswarm orc ranger decays into compost.
grimswarm_orc_skirmisher	flee	A Grimswarm orc skirmisher heads {direction}.
grimswarm_orc_skirmisher	arrival	A Grimswarm orc skirmisher just arrived.
grimswarm_orc_skirmisher	decay	A Grimswarm orc skirmisher decays into compost.
grimswarm_orc_sorceress	flee	A Grimswarm orc sorceress heads {direction}.
grimswarm_orc_sorceress	arrival	A Grimswarm orc sorceress just arrived.
grimswarm_troll_ranger	flee	A Grimswarm troll ranger heads {direction}.
grimswarm_troll_ranger	arrival	A Grimswarm troll ranger just arrived.
grimswarm_troll_ranger	arrival	A Grimswarm troll ranger strides in, glowering upon the scene.
grimswarm_troll_scourge	arrival	A Grimswarm troll scourge just arrived.
grimswarm_troll_skirmisher	flee	A Grimswarm troll skirmisher heads {direction}.
grimswarm_troll_skirmisher	arrival	A Grimswarm troll skirmisher just arrived.
grimswarm_troll_soldier	arrival	A Grimswarm troll soldier just arrived.
grisly_corpse_hulk	death	Torn and strained stitches pop all over a grisly corpse hulk's body as it surrenders to death, allowing necrotic organs and ichor to spill free.
grisly_corpse_hulk	arrival	A grisly corpse hulk trundles in, gurgling grotesquely.
grizzly_bear	death	The grizzly bear lets out a blood-curdling roar and dies.
grizzly_bear	death	The grizzly bear collapses heavily into a heap on the ground and dies.
grizzly_bear	flee	A grizzly bear lumbers {direction}.
grizzly_bear	flee	A grizzly bear slowly backs away, {pronoun} teeth bared.
grizzly_bear	arrival	A grizzly bear lumbers in!
grizzly_bear	arrival	A grizzly bear shudders and lumbers in, snarling in agony!
grizzly_bear	arrival	A grizzly bear lumbers noisily into the area drooling hungrily!
grizzly_bear	decay	A grizzly bear decays into a compost of fangs, fur and claws.
grutik_savage	death	A Grutik savage collapses into a lifeless heap upon the ground.
grutik_savage	flee	A Grutik savage shambles {direction}.
grutik_savage	arrival	A Grutik savage shambles in.
grutik_savage	decay	A Grutik savage collapses into a lifeless heap upon the ground.
grutik_savage	decay	A Grutik savage's body turns to dust.
grutik_shaman	death	The Grutik shaman twitches violently, then dies.
grutik_shaman	death	A Grutik shaman collapses into a lifeless heap upon the ground.
grutik_shaman	flee	A Grutik shaman shambles {direction}.
grutik_shaman	flee	A Grutik shaman stands {direction}.
grutik_shaman	arrival	A Grutik shaman shambles in.
grutik_shaman	decay	A Grutik shaman collapses into a lifeless heap upon the ground.
grutik_shaman	decay	A Grutik shaman's body turns to dust.
haggard_veiki_herald	flee	A haggard veiki herald hobbles {direction}, clenching a fist to distract {reflexive} from pain.
haggard_veiki_herald	arrival	A gust of wind and a flash of lightning herald the arrival of a stooped titan stormcaller as {pronoun} lumbers in.
haggard_veiki_herald	arrival	A haggard veiki herald lumbers ponderously in, azure sparks flickering in {pronoun} eyes to illuminate the ominous crevices of {pronoun} face.
hapless_charmed_corsair	death	The fury twitching across a hapless charmed corsair's features dies away, leaving him looking empty and mindless.
hapless_charmed_corsair	death	A hapless charmed corsair crumples, a last horrible moment of clarity shining in {pronoun} eyes before death takes {pronoun}.
hapless_charmed_corsair	arrival	A hapless charmed corsair flies into a sudden fit of rage!
heavily_armored_battle_mastodon	death	As a heavily armored battle mastodon collapses, it lets out a shrill trumpet of despair.  Its trunk flails futilely before slamming to the ground, still.
heavily_armored_battle_mastodon	death	A heavily armored battle mastodon collapses into a pile of tangled wool and huge bones.
heavily_armored_battle_mastodon	flee	A heavily armored battle mastodon just went through a rune-carved white granite arch.
heavily_armored_battle_mastodon	flee	A heavily armored battle mastodon stomps {direction}, trunk swinging between its huge forelegs.
heavily_armored_battle_mastodon	flee	A heavily armored battle mastodon just went into a huge hoarbeam longhouse.
heavily_armored_battle_mastodon	flee	A heavily armored battle mastodon just went into a huge hut.
heavily_armored_battle_mastodon	arrival	A heavily armored battle mastodon stomps in, trunk swinging between its huge forelegs.
heavily_armored_battle_mastodon	arrival	A heavily armored battle mastodon just came through a rune-carved white granite arch.
heavily_armored_battle_mastodon	arrival	A heavily armored battle mastodon just arrived.
heavily_armored_battle_mastodon	arrival	A heavily armored battle mastodon barrels in, trunk raised in threat and tusks goring the air!
hill_troll	death	The hill troll screams one last time and dies.
hill_troll	death	The hill troll falls to the ground and dies.
hill_troll	flee	A hill troll heads {direction}.
hill_troll	arrival	A hill troll just arrived!
hill_troll	decay	A hill troll decays into compost.
hisskra_chieftain	death	The hisskra chieftain rolls over on his back and dies.
hisskra_chieftain	death	The hisskra chieftain twitches violently, then dies.
hisskra_chieftain	death	The hisskra chieftain collapses in a motionless heap.
hisskra_chieftain	death	The hisskra chieftain contorts in a tortured spasm, then goes still.
hisskra_chieftain	death	The hisskra chieftain twitches violently in his death throes before finally going still.
hisskra_chieftain	death	A hisskra chieftain collapses into a putrid lump of scaly flesh.
hisskra_chieftain	flee	A hisskra chieftain bounds {direction}.
hisskra_chieftain	arrival	A hisskra chieftain stalks in, gripping his slimy trident menacingly!
hisskra_chieftain	arrival	A hisskra chieftain leaps in, screaming a reptilian challenge!
hisskra_chieftain	decay	A hisskra chieftain decays into a pile of scales and bone.
hisskra_chieftain	decay	A hisskra chieftain withers away, leaving nothing but a few scales that blow away on a gentle breeze.
hisskra_chieftain	decay	A hisskra chieftain collapses into a putrid lump of scaly flesh.
hisskra_chieftain	decay	A raging hisskra chieftain collapses into a putrid lump of scaly flesh.
hisskra_chieftain	decay	A hisskra chieftain's scales wither as {pronoun} decays into dust.
hisskra_shaman	death	The hisskra shaman rolls over on his back and dies.
hisskra_shaman	death	The hisskra shaman collapses in a motionless heap.
hisskra_shaman	death	The hisskra shaman contorts in a tortured spasm, then goes still.
hisskra_shaman	death	The hisskra shaman twitches violently in his death throes before finally going still.
hisskra_shaman	death	A hisskra shaman collapses into a putrid lump of scaly flesh.
hisskra_shaman	flee	A hisskra shaman creeps {direction}.
hisskra_shaman	flee	A dreary hisskra shaman creeps {direction}.
hisskra_shaman	flee	An afflicted hisskra shaman creeps {direction}.
hisskra_shaman	decay	A hisskra shaman decays into a pile of scales and bone.
hisskra_shaman	decay	A hisskra shaman collapses into a putrid lump of scaly flesh.
hisskra_shaman	decay	A hisskra shaman withers away, leaving nothing but a few scales that blow away on a gentle breeze.
hisskra_shaman	decay	A keen hisskra shaman's scales wither as he decays into dust.
hisskra_shaman	decay	A spindly hisskra shaman decays into a pile of scales and bone.
hisskra_shaman	decay	A hisskra shaman's scales wither as {pronoun} decays into dust.
hisskra_warrior	death	The hisskra warrior rolls over on his back and dies.
hisskra_warrior	death	The hisskra warrior collapses in a motionless heap.
hisskra_warrior	death	The hisskra warrior contorts in a tortured spasm, then goes still.
hisskra_warrior	death	The hisskra warrior twitches violently in his death throes before finally going still.
hisskra_warrior	death	A hisskra warrior collapses into a putrid lump of scaly flesh.
hisskra_warrior	flee	A hisskra warrior slinks {direction}.
hisskra_warrior	arrival	A hisskra warrior bounds into view, {pronoun} head bobbing menacingly!
hisskra_warrior	decay	A hisskra warrior collapses into a putrid lump of scaly flesh.
hisskra_warrior	decay	A hisskra warrior decays into a pile of scales and bone.
hisskra_warrior	decay	A hisskra warrior withers away, leaving nothing but a few scales that blow away on a gentle breeze.
hisskra_warrior	decay	A hisskra warrior's scales wither as {pronoun} decays into dust.
hobgoblin	death	The hobgoblin crumples to the ground and dies.
hobgoblin	death	The hobgoblin lets out a final scream and goes still.
hobgoblin	flee	A hobgoblin snarls as {pronoun} retreats!
hobgoblin	flee	A hobgoblin flees {direction}.
hobgoblin	flee	A hobgoblin hobbles slowly {direction}, howling in pain.
hobgoblin	arrival	A hobgoblin rushes in, howling with rage!
hobgoblin	decay	A hobgoblin decays into a pile of compost.
hobgoblin_acolyte	death	The hobgoblin acolyte screams up at the heavens, then collapses and dies.
hobgoblin_acolyte	death	The hobgoblin acolyte crumples to the ground and dies.
hobgoblin_acolyte	death	The hobgoblin acolyte struggles to utter a final prayer, then goes still.
hobgoblin_acolyte	death	The hobgoblin acolyte gasps a final prayer, then falls to the ground dead.
hobgoblin_acolyte	flee	A hobgoblin acolyte snarls as he retreats!
hobgoblin_acolyte	flee	A hobgoblin acolyte struts {direction}.
hobgoblin_acolyte	flee	A hobgoblin acolyte hobbles slowly {direction}, uttering a prayer under {pronoun} breath.
hobgoblin_acolyte	decay	A hobgoblin acolyte decays into a pile of compost.
hobgoblin_shaman	death	The hobgoblin shaman screams up at the heavens, then collapses and dies.
hobgoblin_shaman	death	The hobgoblin shaman struggles to utter a final prayer, then goes still.
hobgoblin_shaman	death	The hobgoblin shaman twitches violently before finally going still.
hobgoblin_shaman	flee	A hobgoblin shaman struts {direction}.
hobgoblin_shaman	flee	A hobgoblin shaman hobbles slowly {direction}, uttering a prayer under {pronoun} breath.
hobgoblin_shaman	decay	A hobgoblin shaman decays into a pile of compost.
hooded_figure	death	The hooded figure screams one last time and lies still.
hooded_figure	death	The hooded figure falls to the ground and lies still.
hooded_figure	flee	A hooded figure heads {direction}.
hooded_figure	arrival	A hooded figure just arrived.
hooded_figure	arrival	A hooded figure just arrived, limping.
hooded_figure	arrival	A hooded figure just came through a small wooden door.
hooded_figure	arrival	A hooded figure just came through a heavy threadbare curtain.
hooded_figure	arrival	A hooded figure just came through an ornate black marble arch.
hooded_figure	arrival	A hooded figure just came through a sturdy iron-bound door.
hooded_figure	arrival	A hooded figure just came through a threadbare brocade curtain.
hooded_figure	decay	A hooded figure decays away.
horned_basalt_grotesque	death	A horned basalt grotesque falls to the ground! You deftly regain your footing.
horned_basalt_grotesque	death	A horned basalt grotesque stills, becoming nearly indistinguishable from a lifeless statue, but {pronoun} is betrayed by the dancing radiance in {pronoun} emerald eyes.
horned_basalt_grotesque	death	A horned basalt grotesque stills, becoming nearly indistinguishable from a lifeless statue, but {pronoun} is betrayed
horned_basalt_grotesque	flee	A horned basalt grotesque withdraws, disengaging from you.
horned_basalt_grotesque	arrival	A horned basalt grotesque stomps in, stony wings spread behind it like a flourished cloak.
horned_basalt_grotesque	arrival	A horned basalt grotesque stomps in, shedding chips of stone from cracks along its limbs.
horned_basalt_grotesque	arrival	A horned basalt grotesque soars in and lands, distributing {pronoun} weight between two heavy stone legs.
horned_basalt_grotesque	arrival	A horned basalt grotesque just came through some vaulting grey stone doors.
horned_basalt_grotesque	arrival	A horned basalt grotesque just came through a wrought black iron gate.
horned_basalt_grotesque	arrival	A horned basalt grotesque pounds in, {pronoun} stony footsteps shaking the ground. With a malevolent glare, {pronoun} spreads great stone wings and gives a single thunderous flap!
horned_basalt_grotesque	arrival	A horned basalt grotesque just came through a heavy steel portcullis.
horned_basalt_grotesque	decay	Cracks race across a horned basalt grotesque's carved stone physique, deepening into jagged chasms.  The grotesque crumbles swiftly, its composite pieces breaking into fine black powder.
horned_vor_taz	death	The horned vor'taz's horn dims as {pronoun} lifeforce fades away.
horned_vor_taz	death	The horned vor'taz's horn dims, and {pronoun} falls to the ground dead.
horned_vor_taz	decay	A horned vor'taz crumbles away to nothing.
huge_earth_elemental	arrival	A huge earth elemental lurches in, shuddering with each step.
huge_earth_elemental	decay	Tiny fissures quickly spread over the entire form of a huge earth elemental.  Within moments, it crumbles into a pile of dirt and rubble.
huge_fire_elemental	death	The fire elemental sputters violently, cascading flames all around as it collapses in a final fiery display.
huge_fire_elemental	flee	A huge fire elemental blazes {direction}, scorching the ground in {pronoun} wake.
huge_fire_elemental	arrival	A huge fire elemental blazes in, leaving the ground scorched in {pronoun} wake!
huge_ice_elemental	death	The ice elemental dissipates into a cool breeze that fades rapidly away.
huge_ice_elemental	flee	A huge ice elemental flows {direction}, followed by a hailing icestorm.
huge_ice_elemental	flee	A huge ice elemental flows {direction}, followed by a hailing icestorm!
huge_lava_elemental	flee	A huge lava elemental flows {direction}, scorching the ground in {pronoun} wake.
huge_lava_elemental	flee	A huge lava elemental flows {direction}, leaving the ground scorched in {pronoun} wake!
huge_lava_elemental	decay	The lava elemental hardens into a chalky rock that quickly crumbles away into nothingness.
huge_lightning_elemental	arrival	A gust of wind and a flash of lightning herald the arrival of a stooped titan stormcaller as {pronoun} lumbers in.
huge_lightning_elemental	decay	The siren's soft aura fades and her flesh crumbles to reveal the corpse of a hideous scaled creature, which then quickly decays away.
huge_mein_golem	death	The huge mein golem falls to the ground and stops moving.
huge_mein_golem	arrival	A huge mein golem arrives, methodically striding forward.
huge_mein_golem	arrival	A huge mein golem strides in, a terrible creaking sound coming from cracks in its glass body.
huge_steam_elemental	death	The steam elemental dissipates into a warm breeze that fades rapidly away.
hulking_forest_ape	flee	A hulking forest ape backs away on all fours, puffing out {pronoun} chest in an attempt to look bigger.
hulking_forest_ape	arrival	A hulking forest ape lopes in on {pronoun} hind legs and knuckles.
humpbacked_puma	death	The humpbacked puma lets out a final caterwaul and dies.
humpbacked_puma	death	The humpbacked puma crumples to the ground and dies.
humpbacked_puma	flee	A humpbacked puma scampers {direction}.
humpbacked_puma	flee	A humpbacked puma scampers {direction}, mewling in pain.
humpbacked_puma	arrival	A humpbacked puma scampers in!
humpbacked_puma	decay	A humpbacked puma decays into a compost of fangs, fur and claws.
hunch_backed_dogmatist	flee	A hunch-backed dogmatist clasps {pronoun} hands together and trots east.
hunch_backed_dogmatist	flee	A hunch-backed dogmatist clasps {pronoun} hands together and trots west.
hunch_backed_dogmatist	arrival	A hunch-backed dogmatist trots in with {pronoun} hands clasped together!
hunch_backed_dogmatist	arrival	A hunch-backed dogmatist trots in with {pronoun} {weapon}!
hunch_backed_dogmatist	decay	A hunch-backed dogmatist crumbles in upon {reflexive}, {pronoun} skin flaking away as if {pronoun} only served as an outer shell.
hunter_troll	death	The hunter troll slumps to the ground with a final snarl.
hunter_troll	flee	A hunter troll runs {direction}.
hunter_troll	arrival	A hunter troll just arrived!
hunter_troll	decay	A hunter troll decays into compost.
ice_elemental	death	The ice elemental dissipates into a cool breeze that fades rapidly away.
ice_elemental	death	The ice elemental falls to the ground dead, {pronoun} icy vapor still pulsating with a blinding white hue.
ice_golem	death	The ice golem writhes in cold agony and dies.
ice_golem	death	An ice golem topples heavily to the ground!
ice_golem	death	The ice golem falls to the ground dead, {pronoun} husk still pulsating with a blinding white hue.
ice_golem	flee	An ice golem lumbers {direction}, followed by a hailing icestorm.
ice_golem	flee	An ice golem heads {direction}, dragging your battered body behind {pronoun}!
ice_golem	arrival	An ice golem lumbers in, followed by a hailing icestorm!
ice_golem	arrival	An ice golem slowly lumbers in, followed by a hailing icestorm!
ice_hound	death	The ice hound lets out one last whimpering sigh of frosty mist and dies.
ice_hound	flee	An ice hound pads {direction}, a frosty mist puffing from {pronoun} nostrils.
ice_hound	arrival	An ice hound arrives leaving puffs of ice crystal clouds in its wake.
ice_hound	decay	An ice hound decays into a compost of fur and fangs.
ice_troll	death	The ice troll cries out in cold agony one last time and dies.
ice_troll	death	The ice troll falls to the ground motionless.
ice_troll	death	The ice troll screams evilly one last time and goes still.
ice_troll	decay	An ice troll melts into a puddle of slush which sloshes {direction}.
ice_wraith	death	An ice wraith fades into oblivion.
ice_wraith	flee	An ice wraith withdraws, disengaging from {target}.
ice_wraith	arrival	An ice wraith glides in surrounded by a cloud of swirling snow!
ice_wraith	decay	An ice wraith fades into oblivion.
illoke_elder	death	The Illoke elder grumbles in pain one last time before lying still.
illoke_elder	death	The Illoke elder shudders one last time before lying still.
illoke_elder	flee	An Illoke elder sinks into the ground and flows {direction}.
illoke_elder	decay	An Illoke elder's body shudders and crumbles into itself in a mass of rough grey stone.
illoke_elder	decay	A dazzling Illoke elder's body shudders and crumbles into itself in a mass of rough grey stone.
illoke_jarl	death	The Illoke jarl grumbles in pain one last time before lying still.
illoke_jarl	death	The Illoke jarl shudders one last time before lying still.
illoke_jarl	flee	An Illoke jarl sinks into the ground and flows {direction}.
illoke_jarl	decay	An Illoke jarl cracks and collapses into a pile of craggy dark rock that rapidly disappears without a trace.
illoke_jarl	decay	Tiny fissures quickly spread over the entire form of a greater earth elemental.  Within moments, it crumbles into a pile of dirt and rubble.
illoke_jarl	decay	Tiny fissures quickly spread over the entire form of an earth elemental.  Within moments, it crumbles into a pile of dirt and rubble.
illoke_mystic	death	The Illoke mystic grumbles in pain one last time before lying still.
illoke_mystic	death	The Illoke mystic shudders one last time before lying still.
illoke_mystic	flee	An Illoke mystic sinks into the ground and flows {direction}.
illoke_mystic	flee	An Illoke mystic just went through an enormous arched doorway.
illoke_mystic	flee	An Illoke mystic just went through a massive ora door.
illoke_mystic	arrival	An Illoke mystic just arrived.
illoke_mystic	arrival	An Illoke mystic just came through an enormous arched doorway.
illoke_mystic	decay	An Illoke mystic crumbles into a mound of sand that quickly blows away.
illoke_shaman	death	The Illoke shaman grumbles in pain one last time before lying still.
illoke_shaman	flee	An Illoke shaman sinks into the ground and flows {direction}.
illoke_shaman	arrival	An Illoke shaman just came through an enormous arched doorway.
illoke_shaman	arrival	An Illoke shaman rises out of the ground and shouts, "Death to the invaders! You shall feel the cold grip of Illoke on your soft corpse!"
illoke_shaman	decay	An Illoke shaman crumbles into a mass of shiny rocks, leaving nothing behind.
ilvari_pixie	death	The Ilvari pixie's eyes grow dim as his lifeforce fades away.
ilvari_pixie	flee	An Ilvari pixie limps {direction}.
ilvari_pixie	arrival	An Ilvari pixie fades into view.
ilvari_pixie	decay	The layer of bark on an Ilvari pixie hardens and absorbs the attack!  The bark crackles as it crumbles to dust.
ilvari_pixie	decay	The layer of bark on an Ilvari pixie hardens and absorbs the magical energy!  The bark crackles as it crumbles to dust.
ilvari_sprite	death	The Ilvari sprite's eyes grow dim as her lifeforce fades away.
ilvari_sprite	flee	An Ilvari sprite shudders and limps {direction}.
ilvari_sprite	decay	The layer of bark on an Ilvari sprite hardens and absorbs the attack!  The bark crackles as it crumbles to dust.
ilvari_sprite	decay	The layer of bark on an Ilvari sprite hardens and absorbs the magical energy!  The bark crackles as it crumbles to dust.
immense_gold-bristled_hinterboar	death	With a final discordant squeal, an immense gold-bristled hinterboar's great head sinks to the ground as its form goes still.
immense_gold-bristled_hinterboar	death	An immense gold-bristled hinterboar's great head sinks to the ground as its form goes still.
immense_gold-bristled_hinterboar	flee	An immense gold-bristled hinterboar charges {direction}, shaking the ground with each hoofbeat.
immense_gold-bristled_hinterboar	flee	An immense gold-bristled hinterboar just went down a narrow path.
immense_gold-bristled_hinterboar	flee	An immense gold-bristled hinterboar just went into a huge hoarbeam longhouse.
immense_gold-bristled_hinterboar	arrival	Heavy hoofbeats herald the arrival of an immense gold-bristled hinterboar.
immense_gold-bristled_hinterboar	arrival	An immense gold-bristled hinterboar trots in with its tusks lifted skyward.  Its great hooves shake the ground with every step.
immense_gold-bristled_hinterboar	arrival	An immense gold-bristled hinterboar just arrived.
immense_gold-bristled_hinterboar	arrival	An immense gold-bristled hinterboar trots in with {pronoun} {weapon}. Its great hooves shake the ground with every step.
immense_gold-bristled_hinterboar	arrival	An immense gold-bristled hinterboar staggers in, squealing hoarsely with pain.
immense_gold-bristled_hinterboar	decay	An immense gold-bristled hinterboar's form succumbs to decay, collapsing into ruined meat and patchy bristles.
imposing_elk	death	The imposing elk collapses to the ground, emits a final sigh, and dies.
imposing_elk	death	The imposing elk silently lets out a final agonized sigh and dies.
imposing_elk	death	The imposing elk lets out a final agonized sigh and dies.
imposing_elk	death	The imposing elk collapses to the ground, emits a final silent sigh, and dies.
imposing_elk	flee	An imposing elk trots {direction}.
imposing_elk	flee	An imposing elk trots {direction}, snorting to announce {pronoun} arrival!
imposing_elk	flee	An imposing elk snorts as {pronoun} slowly backs away.
imposing_elk	arrival	An imposing elk trots in!
imposing_elk	decay	An imposing elk decays into a pile of fur and bone.
infernal_death_knight	arrival	An infernal death knight just came through a heavy steel portcullis.
infernal_death_knight	arrival	An infernal death knight just came through some vaulting grey stone doors.
infernal_death_knight	decay	Groans and cracks emanate from an infernal death knight's armor as {pronoun} suddenly succumbs to metal fatigue.  Within seconds, {pronoun} skeletal form collapses into blanched powder and blows away.
infernal_death_knight	decay	Maggots and buzzing flies burst from a cadaverous tatterdemalion ghast's flesh as {pronoun} skin peels and crumbles.  The scavenging insects rapidly consume the remains, leaving little but brittle bones.
ithzir_adept	death	The Ithzir adept vainly struggles to rise, then goes still.
ithzir_adept	death	An Ithzir adept's body shimmers slightly, then fades from view like a dissipating phantom.
ithzir_adept	flee	An Ithzir adept walks {direction}.
ithzir_adept	flee	An Ithzir adept limps {direction}.
ithzir_adept	flee	An Ithzir adept withdraws, disengaging from {target}.
ithzir_adept	arrival	An Ithzir initiate strides in, {pronoun} hands clasped before {pronoun}.
ithzir_adept	arrival	An Ithzir adept suddenly appears out of nowhere!
ithzir_adept	arrival	An Ithzir adept staggers in, barely able to keep {pronoun} feet!
ithzir_adept	decay	The crystal crumbles into a fine blue powder that sifts through the adept's fingers.
ithzir_champion	death	The Ithzir champion vainly struggles to rise, then goes still.
ithzir_champion	death	An Ithzir champion's body shimmers slightly, then fades from view like a dissipating phantom.
ithzir_herald	death	The Ithzir herald vainly struggles to rise, then goes still.
ithzir_herald	death	An Ithzir herald's body shimmers slightly, then fades from view like a dissipating phantom.
ithzir_herald	flee	An Ithzir herald limps {direction}.
ithzir_herald	arrival	An Ithzir initiate strides in, {pronoun} hands clasped before him.
ithzir_herald	arrival	An Ithzir herald strolls in, humming softly to {pronoun}.
ithzir_herald	arrival	An Ithzir herald strolls in, humming softly to {reflexive}.
ithzir_initiate	death	The Ithzir initiate vainly struggles to rise, then goes still.
ithzir_initiate	death	An Ithzir initiate's body shimmers slightly, then fades from view like a dissipating phantom.
ithzir_initiate	flee	An Ithzir initiate strides {direction}.
ithzir_initiate	arrival	An Ithzir initiate strides in, {pronoun} hands clasped before him.
ithzir_initiate	arrival	An Ithzir initiate strides in.
ithzir_initiate	arrival	An Ithzir initiate staggers in, barely able to keep {pronoun} feet!
ithzir_janissary	death	The Ithzir janissary vainly struggles to rise, then goes still.
ithzir_janissary	death	Just as you cast, the Ithzir janissary shimmers and fades away, leaving you gesturing at nothingness!
ithzir_janissary	death	An Ithzir janissary's body shimmers slightly, then fades from view like a dissipating phantom.
ithzir_janissary	flee	An Ithzir janissary strides {direction}.
ithzir_janissary	flee	An Ithzir janissary slowly backs away with {pronoun} handaxe brandished menacingly in front of {pronoun}.
ithzir_janissary	flee	An Ithzir janissary slowly backs away with {pronoun} crystal-edged handaxe brandished menacingly in front of {pronoun}.
ithzir_janissary	flee	An Ithzir janissary strides out of thin air!
ithzir_janissary	arrival	An Ithzir janissary strides in, surveying the surroundings alertly.
ithzir_scout	death	The Ithzir scout twitches violently, then dies.
ithzir_scout	death	The Ithzir scout vainly struggles to rise, then goes still.
ithzir_scout	death	An Ithzir scout's body shimmers slightly, then fades from view like a dissipating phantom.
ithzir_scout	flee	An Ithzir scout slowly backs away with {pronoun} steel broadsword brandished menacingly in front of {pronoun}.
ithzir_scout	arrival	An Ithzir initiate strides in, {pronoun} hands clasped before him.
ithzir_scout	arrival	An Ithzir scout fades into view while striking!
ithzir_scout	arrival	An Ithzir scout fades into view while attempting to strike, but fails to find an opening!
ithzir_scout	arrival	An Ithzir scout staggers in, barely able to keep {pronoun} feet!
ithzir_seer	death	The Ithzir seer vainly struggles to rise, then goes still.
ithzir_seer	death	Just as you cast, the Ithzir seer shimmers and fades away, leaving you gesturing at nothingness!
ithzir_seer	death	An Ithzir seer's body shimmers slightly, then fades from view like a dissipating phantom.
ithzir_seer	flee	An Ithzir seer walks {direction}.
ithzir_seer	flee	An Ithzir seer limps {direction}.
ithzir_seer	arrival	A faint rippling in the air heralds the arrival of an Ithzir seer!
ithzir_seer	arrival	An Ithzir seer staggers in, barely able to keep {pronoun} feet!
jungle_feyling	flee	The jungle feyling jogs {direction}.
jungle_troll	death	The jungle troll falls to the ground as the stillness of death overtakes {pronoun}.
jungle_troll	death	The jungle troll falls to the floor as the stillness of death overtakes {pronoun}.
jungle_troll	flee	A jungle troll runs {direction}.
jungle_troll	arrival	A jungle troll lumbers in at a run!
jungle_troll	arrival	A jungle troll just arrived!
jungle_troll	decay	A jungle troll decays into compost.
jungle_troll_chieftain	death	The troll chieftain snarls {pronoun} defiance before collapsing and going still.
jungle_troll_chieftain	death	The troll chieftain snarls {pronoun} defiance one last time before going still.
jungle_troll_chieftain	arrival	A jungle troll chieftain just arrived!
jungle_troll_chieftain	arrival	A jungle troll chieftain crashes into view!
jungle_troll_chieftain	decay	A jungle troll chieftain decays into compost.
kelp_tangled_coral_golem	arrival	A kelp-tangled coral golem pounds in, the brittle tines of {pronoun} composite coral scraping against one another.
kelp_tangled_coral_golem	arrival	A kelp-tangled coral golem drifts in through the water, ragged hunks of kelp swirling around {pronoun} form.
kiramon_defender	death	The kiramon defender falls back into a heap and dies.
kiramon_defender	death	The kiramon defender clicks one last time and dies.
kiramon_defender	flee	A kiramon defender heads {direction}.
kiramon_defender	flee	A kiramon defender limps {direction}.
kiramon_defender	decay	A kiramon defender crumbles away into dust.
kiramon_worker	death	The kiramon worker falls back into a heap and dies.
kiramon_worker	death	The kiramon worker clicks one last time and dies.
kiramon_worker	flee	A kiramon worker heads {direction}.
kiramon_worker	flee	A kiramon worker limps {direction}.
kiramon_worker	decay	A kiramon worker crumbles away into dust.
kobold	death	The kobold crumples to a heap on the ground and dies.
kobold	death	The kobold cries out in pain one last time and dies.
kobold	death	The kobold crumples to a heap on the floor and dies.
kobold	flee	A kobold heads {direction}.
kobold	flee	A kobold just went through some reinforced wooden gates.
kobold	arrival	A kobold just arrived.
kobold	arrival	A kobold swaggers in, trying to appear imposing!
kobold	arrival	A kobold ambles in.
kobold	decay	A small, green cloud of smelly gas rises from the body of a kobold as {pronoun} decays into compost.
kobold_shepherd	death	The kobold shepherd howls in agony one last time and dies.
kobold_shepherd	death	The kobold shepherd crumples to the ground motionless.
kobold_shepherd	flee	A kobold shepherd heads {direction}.
kobold_shepherd	flee	A kobold shepherd limps {direction}.
kobold_shepherd	flee	A kobold shepherd cringes and backs away from you.
kobold_shepherd	arrival	A kobold shepherd just arrived.
kobold_shepherd	arrival	A kobold shepherd ambles in and makes a loud rolton call.
kobold_shepherd	decay	With one last twitch, the kobold shepherd decays into compost.
krag_dweller	flee	A krag dweller lumbers {direction}, causing the ground to tremble with each passing step!
krag_dweller	arrival	The boulder comes to a sudden stop and rises into the form of a krag dweller!
krag_dweller	arrival	A krag dweller lumbers in, causing the ground to tremble with each passing step!
krag_dweller	decay	The krag dweller crumbles into a pile of rubble.
krag_dweller	decay	The krag dweller crumbles away into dust.
krag_dweller	decay	The krag dweller collapses into a pile of rubble.
krag_yeti	death	The krag yeti shudders once before it finally goes still.
krag_yeti	death	The krag yeti collapses to the ground and shudders once before finally going still.
krag_yeti	flee	A krag yeti rumbles {direction}.
krag_yeti	flee	A krag yeti hobbles slowly {direction}, groaning in pain.
krag_yeti	arrival	A krag yeti stomps in, a fetid odor wafting before it.
krag_yeti	arrival	The boulder comes to a sudden stop and rises into the form of a krag dweller!
krolvin_corsair	death	The krolvin corsair tries to crawl away on the deck but collapses and goes still.
krolvin_corsair	flee	A krolvin corsair stumps {direction}.
krolvin_corsair	flee	A krolvin corsair just went through an oaken hatchway.
krolvin_corsair	flee	A krolvin corsair just went through an iron-banded door.
krolvin_corsair	flee	A krolvin corsair just went through a portside door.
krolvin_corsair	arrival	A krolvin corsair just came through an oaken hatchway.
krolvin_corsair	arrival	A krolvin corsair just came through an iron-banded door.
krolvin_mercenary	death	The krolvin mercenary rolls over on the ground and goes still.
krolvin_mercenary	death	The krolvin mercenary rolls over on the floor and goes still.
krolvin_mercenary	death	A krolvin mercenary collapses into a pile of dirty rags.
krolvin_mercenary	flee	A krolvin mercenary stumps {direction}.
krolvin_mercenary	flee	A krolvin mercenary just went through a high opening.
krolvin_mercenary	arrival	A krolvin mercenary just arrived.
krolvin_mercenary	arrival	A krolvin mercenary leaps into the room!
krolvin_mercenary	arrival	A krolvin mercenary leaps into the area!
krolvin_mercenary	decay	A krolvin mercenary collapses into a pile of dirty rags.
krolvin_slaver	death	The krolvin slaver's body goes stiff and cold as he dies.
krolvin_slaver	death	A krolvin slaver collapses into a pile of dirty rags.
krolvin_slaver	flee	A krolvin slaver slinks {direction}.
krolvin_slaver	flee	A krolvin slaver just went through an oaken hatchway.
krolvin_slaver	flee	A krolvin slaver just went through a starboard door.
krolvin_slaver	flee	A krolvin slaver holds {pronoun} hands out in front of him as {pronoun} slowly backs away.
krolvin_slaver	arrival	A krolvin slaver just came through an oaken hatchway.
krolvin_slaver	decay	A krolvin slaver collapses into a pile of dirty rags.
krolvin_warfarer	death	The krolvin warfarer twitches violently, then dies.
krolvin_warfarer	death	The krolvin warfarer rolls over on the floor and goes still.
krolvin_warfarer	flee	A krolvin warfarer stumps {direction}.
krolvin_warfarer	flee	A belligerent krolvin warfarer stumps {direction}.
krolvin_warfarer	arrival	A krolvin warfarer suddenly trots into view!
krolvin_warrior	death	The krolvin warrior rolls over on the floor and goes still.
krolvin_warrior	death	The krolvin warrior rolls over on the ground and goes still.
krolvin_warrior	death	The krolvin warrior falls lifeless to the floor with a heavy thump.
krolvin_warrior	flee	A krolvin warrior stumps {direction}.
krolvin_warrior	flee	A gleaming krolvin warrior stumps {direction}.
krolvin_warrior	flee	A shimmering krolvin warrior stumps {direction}.
krolvin_warrior	flee	A krolvin warrior just went through a high opening.
krolvin_warrior	arrival	A krolvin warrior just came through a high opening.
krolvin_warrior	decay	A krolvin warrior's body decays into a pile of compost.
krynch	death	The krynch shudders, then topples to the ground.
krynch	death	The krynch shudders violently for a moment, then goes still.
krynch	flee	A krynch sinks into the ground, leaving no trace of {pronoun} passing.
krynch	arrival	A large boulder comes barrelling into view, abruptly rolls to a stop, and rises into the form of a krynch!
krynch	arrival	The boulder comes to a sudden stop and rises into the form of a krynch!
krynch	decay	Tiny fissures quickly spread over a dead krynch, and it crumbles into rubble.
large_ogre	death	The large ogre screams one last time and dies.
large_ogre	death	The large ogre falls to the ground and dies.
large_ogre	death	The large ogre screams silently one last time and dies.
large_ogre	flee	A large ogre runs {direction}.
large_ogre	flee	A large ogre limps {direction}.
large_ogre	arrival	A large ogre just arrived.
large_ogre	arrival	A large ogre ambles in.
large_ogre	decay	A large ogre decays into compost.
large_thorned_shrub	death	A large thorned shrub collapses to the ground, shakes one last time and dies.
large_thorned_shrub	arrival	A large thorned shrub hops in and plants {pronoun} roots.
lava_golem	death	The lava golem writhes in fiery agony and dies.
lava_golem	death	The lava golem topples to the ground as the fire slowly leaves it.
lava_golem	death	A lava golem topples heavily to the ground!
lava_golem	death	The lava golem falls to the floor dead, {pronoun} husk still pulsating with a blinding white hue.
lava_golem	flee	A lava golem slowly lumbers {direction}, trailed by black wisps of smoke.
lava_golem	flee	A lava golem lumbers {direction}, trailed by black wisps of smoke.
lava_golem	arrival	A lava golem lumbers in, trailed by black wisps of smoke!
lava_golem	arrival	A lava golem slowly lumbers in, trailed by black wisps of smoke!
lava_troll	flee	A lava troll crawls {direction}.
lava_troll	decay	A lava troll burns down to a husk, that crumbles to ash.
lava_troll	decay	A lava troll melts into a flow of molten lava that rises up and reforms into a lava troll!
lava_troll	decay	A lava troll melts into a flow of molten lava that rises up and reforms into the lava troll!
leaper	death	The leaper collapses to the ground, emits a final snarl, and dies.
leaper	death	The leaper twitches and dies.
leaper	death	The leaper collapses to the ground, emits a final silent snarl, and dies.
leaper	flee	A leaper bounds {direction}.
leaper	flee	A leaper lopes {direction}, bounding up and down with {pronoun} powerful front legs!
leaper	flee	A leaper growls as {pronoun} slowly backs away.
leaper	decay	A leaper decays into a pile of hair and bone.
lesser_burrow_orc	flee	A lesser burrow orc trudges {direction}.
lesser_burrow_orc	arrival	A lesser burrow orc trudges in, spitting and grunting with every step.
lesser_burrow_orc	decay	A lesser burrow orc's body crumbles into dust.
lesser_construct	death	The lesser construct collapses, {pronoun} eyes fading to a lifeless gaze and stone shell cracking into a barely discernible form.
lesser_construct	flee	A lesser construct crawls {direction}.
lesser_construct	flee	A lesser construct grumbles as it heads {direction}.
lesser_construct	arrival	A lesser construct lumbers in!
lesser_faeroth	death	A lesser faeroth emits a shriek as {pronoun} goes still.
lesser_faeroth	death	A lesser faeroth releases a shriek as {pronoun} falls to the ground and goes still.
lesser_faeroth	death	A lesser faeroth's face contorts in horror as he goes still.
lesser_faeroth	death	A robust lesser faeroth releases a shriek as {pronoun} falls to the ground and goes still.
lesser_faeroth	death	A stalwart lesser faeroth emits a shriek as she goes still.
lesser_faeroth	death	A stalwart lesser faeroth releases a shriek as {pronoun} falls to the ground and goes still.
lesser_faeroth	death	A lesser faeroth releases a shriek as she falls to the floor and goes still.
lesser_faeroth	death	A robust lesser faeroth emits a shriek as she goes still.
lesser_faeroth	flee	A lesser faeroth hobbles haphazardly westward.
lesser_faeroth	flee	A lesser faeroth hobbles haphazardly southeastward.
lesser_faeroth	flee	A lesser faeroth hobbles haphazardly northeastward.
lesser_faeroth	flee	A lesser faeroth hobbles haphazardly southwestward.
lesser_faeroth	arrival	A lesser faeroth strides in.
lesser_faeroth	arrival	A lesser faeroth just arrived!
lesser_faeroth	arrival	A stalwart lesser faeroth strides in.
lesser_faeroth	arrival	A robust lesser faeroth strides in.
lesser_faeroth	decay	A lesser faeroth decays into a pile of foul-smelling compost.
lesser_faeroth	decay	A robust lesser faeroth decays into a pile of foul-smelling compost.
lesser_faeroth	decay	A stalwart lesser faeroth decays into a pile of foul-smelling compost.
lesser_frost_shade	death	The frost shade falls to the ground motionless.
lesser_frost_shade	death	The frost shade screams evilly one last time and goes still.
lesser_frost_shade	arrival	A lesser frost shade just arrived.
lesser_ghoul	death	The lesser ghoul falls to the ground motionless.
lesser_ghoul	death	The lesser ghoul screams evilly one last time and goes still.
lesser_ghoul	arrival	A lesser ghoul just arrived!
lesser_ghoul	arrival	A lesser ghoul just arrived.
lesser_ghoul	decay	A lesser ghoul turns to dust.
lesser_griffin	death	The lesser griffin writhes in agony, its wings flapping fruitlessly as it dies.
lesser_griffin	death	The lesser griffin crashes to the ground, motionless.
lesser_griffin	flee	A lesser griffin flies {direction}.
lesser_griffin	arrival	A lesser griffin just arrived.
lesser_griffin	decay	The lesser griffin decays into a pile of feathers and fur.
lesser_ice_elemental	flee	A lesser ice elemental flows {direction}, followed by a hailing icestorm!
lesser_ice_elemental	flee	A lesser ice elemental flows {direction}, followed by a hailing icestorm.
lesser_ice_giant	death	The ice giant cries out in cold agony one last time and dies.
lesser_ice_giant	death	The ice giant falls to the ground motionless.
lesser_ice_giant	flee	A lesser ice giant lumbers {direction}, followed by a hailing icestorm.
lesser_ice_giant	arrival	A lesser ice giant lumbers in, followed by a hailing icestorm!
lesser_minotaur	death	A low gurgling sound comes from deep within the chest of the lesser minotaur as he falls slack against the ground.
lesser_minotaur	death	A low gurgling sound comes from deep within the chest of the lesser minotaur as he falls slack against the floor.
lesser_minotaur	flee	The lesser minotaur lumbers {direction}.
lesser_minotaur	arrival	A lesser minotaur stomps in!
lesser_minotaur	arrival	A lesser minotaur stomps in, squinting warily.
lesser_moor_wight	death	A lesser moor wight crumples to a heap on the ground.
lesser_moor_wight	flee	A lesser moor wight wails madly as it limps {direction}.
lesser_moor_wight	flee	A lesser moor wight moves away, striding {direction}.
lesser_moor_wight	arrival	A lesser moor wight arrives on a cold wind.
lesser_mummy	death	The lesser mummy falls to the ground motionless.
lesser_mummy	death	The lesser mummy screams evilly one last time and goes still.
lesser_mummy	arrival	A lesser mummy just arrived!
lesser_mummy	arrival	A lesser mummy just arrived.
lesser_mummy	decay	A lesser mummy turns to dust.
lesser_orc	death	A lesser orc screams one last time and dies.
lesser_orc	death	A lesser orc screams silently one last time and dies.
lesser_orc	death	A lesser orc's looks dazed and confused.  The orc stumbles and slumps to the ground!
lesser_orc	flee	A lesser orc tramps {direction}.
lesser_orc	flee	A lesser orc wobbles slightly and then heads {direction}.
lesser_orc	arrival	A lesser orc wanders in looking a bit unsteady on {pronoun} feet.
lesser_orc	decay	A small, green cloud of smelly gas rises from the body of a kobold as he decays into compost.
lesser_red_orc	death	A lesser red orc collapses in a red mess and dies.
lesser_red_orc	death	A lesser red orc collapses into dust.
lesser_red_orc	flee	A lesser red orc spins about and then runs {direction}.
lesser_red_orc	flee	A lesser red orc lopes {direction}.
lesser_red_orc	flee	A lesser red orc shambles out from the shadows.
lesser_red_orc	flee	A lesser red orc begins to retreat backwards as {pronoun} gazes about through bloodshot eyes.
lesser_red_orc	decay	A lesser red orc collapses into dust.
lesser_shade	death	The lesser shade falls to the ground motionless.
lesser_shade	arrival	A lesser shade just arrived.
lesser_stone_gargoyle	flee	A lesser stone gargoyle heads {direction}.
lesser_stone_gargoyle	arrival	A lesser stone gargoyle just arrived.
lesser_stone_gargoyle	decay	A lesser stone gargoyle crumbles to dust.
lesser_vruul	death	The lesser vruul twitches violently, then dies.
lesser_vruul	death	The lesser vruul screams one last time and lies still.
lesser_vruul	death	The lesser vruul falls to the ground and lies still.
lesser_vruul	arrival	A lesser vruul just arrived.
lesser_vruul	arrival	A lesser vruul lopes into the area!
lesser_vruul	decay	A lesser vruul decays away.
lesser_wood_sprite	death	The lesser wood sprite twitches violently, then dies.
lesser_wood_sprite	death	The lesser wood sprite's eyes grow dim as {pronoun} lifeforce fades away.
lesser_wood_sprite	flee	A lesser wood sprite glances around and then wanders {direction}!
lesser_wood_sprite	arrival	Seemingly from nowhere, a lesser wood sprite wanders in!
lesser_wood_sprite	decay	A lesser wood sprite crumbles into a pile of dry splinters.
lich	arrival	An infernal lich strides in, leaving a scorched path in her wake.
lich	arrival	A frostborne lich strides in, leaving thin layer of frost in {pronoun} wake.
lich_qyn_arj	death	The lich qyn'arj spasms violently and suddenly goes still, its body turning to stone.
lich_qyn_arj	arrival	A lich qyn'arj arrives on powerful strokes of its rotting wings.
lich_qyn_arj	arrival	A lich qyn'arj floats in on rotting wings with a shrill cry!
lich_qyn_arj	decay	The stone form of a lich qyn'arj crumbles away to dust.
lithe_veiled_sentinel	death	A lithe veiled sentinel lets out a ragged gasp, collapsing to one knee and looking sightlessly to the heavens.  She dies with a knowing smile on her face.
lithe_veiled_sentinel	death	A lithe veiled sentinel lets out a ragged gasp, collapsing to one knee and looking sightlessly to the heavens.  He dies with a knowing smile on his face.
lithe_veiled_sentinel	flee	A lithe veiled sentinel just went through a polished acacia archway.
lithe_veiled_sentinel	flee	A lithe veiled sentinel just went through a pair of high bronze double doors.
lithe_veiled_sentinel	flee	A lithe veiled sentinel just went into a huge sandstone spire.
lithe_veiled_sentinel	arrival	A lithe veiled sentinel strides in, eyes surveying the surroundings warily.
lithe_veiled_sentinel	arrival	A lithe veiled sentinel just arrived.
lithe_veiled_sentinel	arrival	A lithe veiled sentinel just came through a polished acacia archway.
lithe_veiled_sentinel	arrival	A lithe veiled sentinel just came through a pair of high bronze double doors.
lithe_veiled_sentinel	arrival	A lithe veiled sentinel staggers in, clutching at a seeping wound.
lost_soul	death	A lost soul fades into oblivion.
lost_soul	flee	A lost soul floats {direction}.
lost_soul	decay	A lost soul fades into oblivion.
luminous_arachnid	death	The luminous arachnid collapses to the ground and dies.
luminous_arachnid	death	The luminous arachnid's body jerks one last time and dies.
luminous_arachnid	flee	A luminous arachnid crawls {direction}.
luminous_arachnid	flee	A luminous arachnid scurries {direction}.
luminous_arachnid	flee	A luminous arachnid hobbles {direction}.
luminous_arachnid	decay	A luminous arachnid's legs shrivel up beneath it as it decays into dust.
luminous_worm	death	A luminous worm slumps to the ground, its glowing form now motionless and dull.
luminous_worm	flee	A luminous worm backs away, a foul odor spewing out from {pronoun} as {pronoun} inches backwards.
luminous_worm	arrival	A luminous worm slithers into view, its glow illuminating the area.
magna_vereri	flee	A horrific magna vereri crawls {direction}.
magna_vereri	arrival	A horrific magna vereri just arrived from some lichen-clad dark wooden docks.
magna_vereri	arrival	A horrific magna vereri just arrived from a torchlit overgrown grotto.
magru	flee	A magru heads {direction}.
magru	arrival	A magru just arrived.
magru	arrival	A magru slides in.
magru	decay	The magru collapses into a heap of quivering jelly.
major_spider	death	The major spider collapses to the ground and dies.
major_spider	death	The major spider's body jerks one last time and dies.
major_spider	flee	A major spider crawls {direction}.
major_spider	flee	A major spider scurries {direction}.
major_spider	flee	A major spider hobbles {direction}.
major_spider	decay	A major spider's legs shrivel up beneath it as it decays into dust.
mammoth_arachnid	death	The mammoth arachnid collapses to the ground and dies.
mammoth_arachnid	death	The mammoth arachnid's body jerks one last time and dies.
mammoth_arachnid	flee	A mammoth arachnid crawls {direction}.
mammoth_arachnid	flee	A mammoth arachnid scurries {direction}.
mammoth_arachnid	flee	A mammoth arachnid hobbles {direction}.
mammoth_arachnid	decay	A mammoth arachnid's legs shrivel up beneath it as it decays into dust.
manticore	death	The manticore falls to the ground and dies.
manticore	death	The manticore screams one last time and dies.
manticore	flee	A manticore heads {direction}.
manticore	arrival	A manticore just arrived.
manticore	arrival	A manticore ambles in.
manticore	decay	A manticore decays into compost.
martial_eagle	death	The martial eagle writhes in agony, its wings flapping fruitlessly as it dies.
martial_eagle	death	The martial eagle crashes to the ground, motionless.
martial_eagle	flee	A martial eagle flies {direction}.
martial_eagle	decay	The martial eagle decays into a pile of feathers.
massive_black_boar	death	The black boar lets out a final agonized squeal and dies.
massive_black_boar	death	The black boar collapses to the ground, emits a final squeal, and dies.
massive_black_boar	flee	A massive black boar crawls {direction}.
massive_black_boar	flee	A massive black boar grunts and barrels {direction}.
massive_black_boar	flee	A massive black boar trots {direction}, grunting noisily.
massive_black_boar	flee	A massive black boar trots {direction}, grunting noisily!
massive_black_boar	flee	A massive black boar grunts as {pronoun} slowly backs away.
massive_black_boar	arrival	A massive black boar charges in, grunting an angry challenge!
massive_black_boar	arrival	A massive black boar barrels in!
massive_black_boar	decay	A massive black boar decays into a pile of fur and bone.
massive_grahnk	death	The massive grahnk growls one last time in defiance, then goes still.
massive_grahnk	death	The massive grahnk growls one last time in defiance, then slumps to the ground.
massive_grahnk	flee	A massive grahnk lumbers {direction}, malice in her eyes.
massive_grahnk	flee	A massive grahnk roars with pain and staggers {direction}.
massive_grahnk	arrival	A massive grahnk lumbers in, malice in {pronoun} eyes!
massive_grahnk	arrival	A massive grahnk storms in, looking angered as {pronoun} surveys the area!
massive_pyrothag	death	The massive pyrothag vibrates violently one final time and then lies still.
massive_pyrothag	death	A massive pyrothag rumbles loudly as it leans to the left and topples to the ground with a loud *THUD*!
massive_pyrothag	death	The massive pyrothag falls to the ground and lies still.
massive_pyrothag	death	A massive pyrothag rumbles loudly as it leans to the right and topples to the ground with a loud *THUD*!
massive_pyrothag	death	A grotesque massive pyrothag rumbles loudly as it leans to the right and topples to the ground with a loud *THUD*!
massive_pyrothag	flee	A massive pyrothag lumbers {direction}.
massive_pyrothag	flee	A massive pyrothag rumbles loudly as it lumbers {direction}.
massive_pyrothag	flee	A massive pyrothag crawls {direction}.
massive_pyrothag	flee	A massive pyrothag lumbers {direction}, grumbling to {reflexive}!
massive_pyrothag	arrival	A massive pyrothag lumbers in!
massive_pyrothag	arrival	A sickly green massive pyrothag lumbers in!
massive_pyrothag	arrival	A massive pyrothag lumbers in, grumbling to itself!
massive_troll_king	death	The troll king lies still.
massive_troll_king	arrival	A massive troll king arrives, flexing its massive claws.
massive_troll_king	arrival	A resolute dhu goleras arrives with a loping, uneven gait, her body rocking side-to-side and her head and arms flopping wildly.
massive_troll_king	decay	A massive troll king decays away into compost.
massive_troll_king	decay	The thick skin of a minotaur warrior falls in upon itself as his enormous form decays into a fine dust.
mastodonic_leopard	death	The mastodonic leopard lets out a final caterwaul and dies.
mastodonic_leopard	death	The mastodonic leopard crumples to the ground and dies.
mastodonic_leopard	flee	A mastodonic leopard prowls {direction}.
mastodonic_leopard	flee	A stalwart mastodonic leopard prowls {direction}.
mastodonic_leopard	flee	A dazzling mastodonic leopard prowls {direction}.
mastodonic_leopard	flee	A mastodonic leopard slowly backs away.
mastodonic_leopard	arrival	A mastodonic leopard prowls in!
mastodonic_leopard	arrival	A mastodonic leopard crouches as {pronoun} stalks into view!
mastodonic_leopard	arrival	A stalwart mastodonic leopard prowls in!
mastodonic_leopard	arrival	A flashy mastodonic leopard prowls in!
mastodonic_leopard	decay	A mastodonic leopard decays into a compost of fangs, fur and claws.
mastodonic_leopard	decay	A robust mastodonic leopard decays into a compost of fangs, fur and claws.
mastodonic_leopard	decay	A stalwart mastodonic leopard decays into a compost of fangs, fur and claws.
mastodonic_leopard	decay	A dazzling mastodonic leopard decays into a compost of fangs, fur and claws.
mastodonic_leopard	decay	A flashy mastodonic leopard decays into a compost of fangs, fur and claws.
mastodonic_leopard	decay	A glittering mastodonic leopard decays into a compost of fangs, fur and claws.
maw_spore	flee	A maw spore bobs haphazardly northwestward on an air current.
maw_spore	flee	A maw spore bobs haphazardly southeastward on an air current.
maw_spore	flee	A maw spore bobs haphazardly southwestward on an air current.
maw_spore	flee	A maw spore bobs haphazardly westward on an air current.
maw_spore	flee	A maw spore bobs up and down gently in the air.
maw_spore	flee	A maw spore bobs haphazardly eastward on an air current.
maw_spore	flee	A maw spore bobs haphazardly southward on an air current.
maw_spore	arrival	A maw spore arrives, bobbing haphazardly on a current of air.
mezic	death	The mezic twitches violently, then dies.
mezic	death	The mezic falls to the ground motionless.
mezic	death	The mezic cries out one last time and lies still.
mezic	flee	A mezic hobbles {direction}.
mezic	flee	A mezic hobbles {direction}, grumbling about something or another.
mezic	flee	A mezic hobbles slowly {direction}.
mezic	decay	A mezic decays away, leaving nothing behind.
milky_eyed_drowned_mariner	arrival	A milky-eyed drowned mariner totters in, filmy eyes empty and face slack-jawed. {pronoun} gropes about with bloated fingers, each step a jerky, unnatural motion.
minor_glacei	arrival	A minor glacei slides in, followed by a hailing icestorm!
minotaur_magus	flee	A minotaur magus trots {direction}, whispering a silent prayer as {pronoun} passes.
minotaur_magus	flee	A minotaur magus trots {direction}, whispering a silent prayer.
minotaur_magus	decay	The thick skin of a minotaur warrior falls in upon itself as his enormous form decays into a fine dust.
minotaur_warrior	death	The minotaur warrior twitches one final time before falling still upon the floor, a look of shock frozen upon {pronoun} face.
minotaur_warrior	arrival	A minotaur warrior releases an enormous bellow as {pronoun} charges in!
minotaur_warrior	decay	The thick skin of a minotaur warrior falls in upon itself as his enormous form decays into a fine dust.
mist_wraith	death	The mist wraith falls to the ground motionless.
mist_wraith	death	The mist wraith screams evilly one last time and goes still.
mist_wraith	arrival	A mist wraith just arrived!
mist_wraith	arrival	A mist wraith just arrived.
mist_wraith	decay	A mist wraith turns to dust.
mistydeep_siren	death	The Mistydeep siren falls to the ground and dies.
mistydeep_siren	death	The Mistydeep siren screams one last time and dies.
mistydeep_siren	arrival	A Mistydeep siren just arrived.
mistydeep_siren	decay	A Mistydeep siren decays into compost.
moaning_phantom	death	The moaning phantom slowly settles to the ground and begins to dissipate.
moaning_phantom	arrival	A darkness flows out of the ground and materializes into a moaning phantom!
moaning_phantom	arrival	A moaning phantom just arrived.
moaning_phantom	decay	A moaning phantom vanishes into thin air, leaving no trace behind.
moaning_spirit	death	The moaning spirit falls to the ground motionless.
moaning_spirit	death	A moaning spirit collapses into a puddle of jelly, falling silent at last.
moaning_spirit	flee	A moaning spirit withdraws, disengaging from {target}.
moaning_spirit	arrival	A moaning spirit just arrived.
moaning_spirit	decay	A moaning spirit collapses into a puddle of jelly, falling silent at last.
moaning_spirit	decay	A small, green cloud of smelly gas rises from the body of a big ugly kobold as {pronoun} decays into compost.
monastic_lich	decay	A monastic lich dissolves into a foul-smelling miasma.
monastic_lich	decay	The monastic lich seems to collapse in upon {reflexive}, leaving only a withered husk.
mongrel_hobgoblin	death	The mongrel hobgoblin crumples to the ground and dies.
mongrel_hobgoblin	death	The mongrel hobgoblin lets out a final scream and goes still.
mongrel_hobgoblin	flee	A mongrel hobgoblin snarls as she retreats!
mongrel_hobgoblin	flee	A mongrel hobgoblin shuffles {direction}.
mongrel_hobgoblin	flee	A mongrel hobgoblin hobbles slowly {direction}, howling in pain.
mongrel_hobgoblin	arrival	A mongrel hobgoblin staggers in, howling ferociously!
mongrel_hobgoblin	decay	A mongrel hobgoblin decays into a pile of compost.
mongrel_kobold	death	The mongrel kobold screams one last time and dies.
mongrel_kobold	death	The mongrel kobold falls to the ground and dies.
mongrel_kobold	flee	A mongrel kobold heads {direction}.
mongrel_kobold	flee	A mongrel kobold limps {direction}.
mongrel_kobold	arrival	A mongrel kobold just arrived.
mongrel_kobold	arrival	A mongrel kobold swaggers in, trying to appear imposing!
mongrel_kobold	decay	A small, green cloud of smelly gas rises from the body of a mongrel kobold as {pronoun} decays into compost.
mongrel_troll	death	The mongrel troll twitches violently, then dies.
mongrel_troll	death	The mongrel troll whimpers pitifully one last time and dies.
mongrel_troll	flee	A mongrel troll limps {direction}.
mongrel_troll	flee	A mongrel troll runs {direction}.
mongrel_troll	arrival	A mongrel troll just arrived!
mongrel_troll	arrival	A mongrel troll shambles in!
mongrel_troll	arrival	A mongrel troll just arrived, limping in!
mongrel_troll	decay	A mongrel troll decays into compost.
mongrel_wolfhound	death	The mongrel wolfhound falls to the ground and dies.
mongrel_wolfhound	death	The black mongrel wolfhound falls to the ground and dies.
mongrel_wolfhound	death	The black mongrel wolfhound rolls over and dies.
mongrel_wolfhound	death	The mongrel wolfhound rolls over and dies.
mongrel_wolfhound	flee	A black mongrel wolfhound dashes {direction}.
mongrel_wolfhound	flee	A mongrel wolfhound dashes {direction}.
mongrel_wolfhound	arrival	A mongrel wolfhound bounds in howling at the top of {pronoun} voice.
mongrel_wolfhound	decay	A mongrel wolfhound decays into a pile of matted fur.
mongrel_wolfhound	decay	A black mongrel wolfhound decays into a pile of matted fur.
monkey	death	The monkey screeches one last time and dies.
monkey	death	The monkey falls back into a heap and dies.
monkey	death	The pink monkey falls back into a heap and dies.
monkey	death	The pink monkey screeches one last time and dies.
monkey	death	The pink monkey struggles to rise, then shudders and dies.
monkey	death	The violet monkey falls back into a heap and dies.
monkey	death	The violet monkey screeches one last time and dies.
monkey	death	The green monkey falls back into a heap and dies.
monkey	death	The orange monkey falls back into a heap and dies.
monkey	death	The green monkey screeches one last time and dies.
monkey	death	The orange monkey screeches one last time and dies.
monkey	flee	A monkey scampers {direction}.
monkey	flee	A deep pink monkey scampers {direction}.
monkey	flee	A brilliant violet monkey scampers {direction}.
monkey	flee	A deep pink monkey scampers out of sight!
monkey	flee	A stout bright orange {pronoun} scampers {direction}.
monkey	flee	A bright green monkey scampers {direction}.
monkey	flee	A stout bright orange {pronoun} scampers out of sight!
monkey	flee	A monkey scampers out of sight!
monkey	flee	A bright green monkey scampers out of sight!
monkey	flee	A brilliant violet monkey scampers out of sight!
monkey	flee	A stout bright orange monkey scampers {direction}.
monkey	flee	A stout bright orange monkey scampers out of sight!
monkey	flee	A monkey just went through a cage door.
monkey	flee	A monkey raises {pronoun} tail as {pronoun} slowly backs away.
monkey	arrival	A monkey scampers in!
monkey	arrival	A monkey scampers in at a reckless tear!
monkey	arrival	A deep pink monkey scampers in at a reckless tear!
monkey	arrival	A deep pink monkey scampers in!
monkey	arrival	A brilliant violet monkey scampers in!
monkey	arrival	A brilliant violet monkey scampers in at a reckless tear!
monkey	arrival	A stout bright orange {pronoun} scampers in at a reckless tear!
monkey	arrival	A bright green monkey scampers in at a reckless tear!
monkey	arrival	A bright green monkey scampers in!
monkey	arrival	A stout bright orange {pronoun} scampers in!
monkey	arrival	A stout bright orange monkey scampers in at a reckless tear!
monkey	arrival	A stout bright orange monkey scampers in!
monkey	decay	A monkey decays into compost.
monkey	decay	A deep pink monkey decays into compost.
monkey	decay	A brilliant violet monkey decays into compost.
monkey	decay	A bright green monkey decays into compost.
monkey	decay	A stout bright orange {pronoun} decays into compost.
monkey	decay	A stout bright orange monkey decays into compost.
monstrous_direwolf	death	The monstrous direwolf rolls over and dies.
monstrous_direwolf	death	The monstrous direwolf falls to the ground and dies.
monstrous_direwolf	flee	A monstrous direwolf stalks {direction}.
monstrous_direwolf	flee	A monstrous direwolf stalks {direction}, growling in pain.
monstrous_direwolf	flee	A monstrous direwolf snarls as {pronoun} slowly backs away, {pronoun} teeth bared.
monstrous_direwolf	arrival	A monstrous direwolf lumbers in with a vicious snarl!
monstrous_direwolf	arrival	A monstrous direwolf stalks in!
monstrous_direwolf	arrival	A monstrous direwolf stalks in, growling in pain!
monstrous_direwolf	decay	A monstrous direwolf decays into a mound of fur and bone.
moor_eagle	death	The moor eagle flops about on the ground, {pronoun} thrashing finally ceasing in death.
moor_eagle	death	The moor eagle augers into the ground, {pronoun} death spiral ending in a **THUD**.
moor_eagle	flee	A moor eagle flies {direction}.
moor_eagle	decay	The moor eagle decays into a pile of feathers.
moor_hound	death	The moor hound falls to the ground and dies.
moor_hound	death	The moor hound rolls over and dies.
moor_hound	flee	A moor hound plods {direction}.
moor_hound	flee	A spiny moor hound plods {direction}.
moor_hound	arrival	A moor hound stalks into the area with a sickly vapor pouring from {pronoun} nostrils!
moor_hound	arrival	A moor hound stalks into the room with a sickly vapor pouring from {pronoun} nostrils!
moor_hound	arrival	A moor hound stalks into the area with a sickly vapor pouring from {pronoun} {weapon}!
moor_hound	arrival	A moor hound stalks into the room with a sickly vapor pouring from {pronoun} {weapon}!
moor_witch	death	The moor witch's face takes on a surprised expression and she collapses, motionless.
moor_witch	flee	A moor witch hobbles {direction}.
moor_witch	flee	A wavering moor witch hobbles {direction}.
moor_witch	arrival	A moor witch appears in a graceful glide, small feet carrying {pronoun} almost silently!
moulis	death	The moulis twitches violently, then dies.
moulis	death	The moulis flails wildly for a moment before going still, its appendages dropping lifelessly to the ground.
moulis	death	The moulis flails wildly for a moment before collapsing, {pronoun} appendages dropping lifelessly to the ground.
moulis	flee	A moulis moves northwest in a half-scuttling, half-stumbling manner, as {pronoun} appendages do not seem to be properly coordinated.
moulis	flee	A moulis moves northeast in a half-scuttling, half-stumbling manner, as {pronoun} appendages do not seem to be properly coordinated.
moulis	flee	A moulis moves south in a half-scuttling, half-stumbling manner, as {pronoun} appendages do not seem to be properly coordinated.
moulis	flee	A moulis scuttles west, {pronoun} appendages clacking and scraping as {pronoun} goes.
moulis	flee	A moulis scuttles south, {pronoun} appendages clacking and scraping as {pronoun} goes.
moulis	flee	A moulis scuttles east, {pronoun} appendages clacking and scraping as {pronoun} goes.
moulis	flee	A moulis scuttles north, {pronoun} appendages clacking and scraping as {pronoun} goes.
moulis	arrival	A moulis scuttles in and stops, {pronoun} fibrous hair strands waving frantically to and fro!
moulis	decay	A moulis crumbles into a putrid compost.
moulis	decay	A nebulous moulis crumbles into a putrid compost.
moulis	decay	An indistinct moulis crumbles into a putrid compost.
moulis	decay	A drab moulis crumbles into a putrid compost.
moulis	decay	A dreary moulis crumbles into a putrid compost.
mountain_goat	death	The mountain goat collapses to the ground, emits a final bray, and dies.
mountain_goat	death	The mountain goat lets out a final agonized bray and dies.
mountain_goat	flee	A mountain goat trots {direction}.
mountain_goat	flee	A mountain goat brays as {pronoun} slowly backs away.
mountain_goat	arrival	A mountain goat just arrived.
mountain_goat	arrival	A mountain goat trots in!
mountain_goat	decay	A mountain goat decays into a pile of fur and bone.
mountain_lion	death	The mountain lion crumples to the ground and dies.
mountain_lion	death	The mountain lion lets out a final caterwaul and dies.
mountain_lion	flee	A mountain lion scampers {direction}.
mountain_lion	flee	A mountain lion scampers {direction}, mewling in pain.
mountain_lion	arrival	A mountain lion scampers in!
mountain_lion	arrival	A mountain lion scampers in, mewling in pain!
mountain_lion	arrival	A mountain lion pounces to the ground in front of you!
mountain_lion	decay	A mountain lion decays into a compost of fangs, fur and claws.
mountain_ogre	death	The mountain ogre falls to the ground and dies.
mountain_ogre	death	The mountain ogre screams one last time and dies.
mountain_ogre	death	The mountain ogre screams silently one last time and dies.
mountain_ogre	flee	A mountain ogre runs {direction}.
mountain_ogre	flee	A mountain ogre limps {direction}.
mountain_ogre	arrival	A mountain ogre just arrived.
mountain_ogre	decay	A mountain ogre decays into compost.
mountain_rolton	death	The mountain rolton collapses to the ground, emits a final bleat, and dies.
mountain_rolton	death	The mountain rolton lets out a final agonized bleat and dies.
mountain_rolton	death	The mountain rolton twitches violently, then dies.
mountain_rolton	death	The mountain rolton collapses to the ground, emits a final silent bleat, and dies.
mountain_rolton	flee	A mountain rolton trots {direction}.
mountain_rolton	flee	A mountain rolton bleats as {pronoun} slowly backs away.
mountain_rolton	arrival	A mountain rolton just arrived.
mountain_rolton	arrival	A mountain rolton ambles in.
mountain_rolton	decay	A mountain rolton decays into a pile of fur and bone.
mountain_snowcat	death	The mountain snowcat crumples to the ground and dies.
mountain_snowcat	death	The mountain snowcat lets out a final caterwaul and dies.
mountain_snowcat	flee	A mountain snowcat scampers {direction}.
mountain_snowcat	flee	A mountain snowcat scampers {direction}, mewling in pain.
mountain_snowcat	arrival	A mountain snowcat scampers in!
mountain_snowcat	decay	A mountain snowcat decays into a compost of fangs, fur and claws.
mountain_troll	death	The mountain troll screams one last time and dies.
mountain_troll	death	The mountain troll falls to the ground and dies.
mountain_troll	death	The mountain troll twitches violently, then dies.
mountain_troll	flee	A mountain troll runs {direction}.
mountain_troll	arrival	A mountain troll just arrived!
mountain_troll	arrival	A mountain troll just arrived.
mountain_troll	arrival	A mountain troll ambles in.
mountain_troll	decay	A mountain troll decays into compost.
mud_wasp	death	The mud wasp flutters its wings one last time and dies.
mud_wasp	death	The mud wasp twitches violently, then dies.
mud_wasp	flee	A mud wasp heads {direction}.
mud_wasp	flee	A mud wasp wobbles {direction}.
mud_wasp	flee	A mud wasp just went into a warehouse.
mud_wasp	flee	A mud wasp just went across a footbridge.
mud_wasp	flee	A mud wasp just went into a storage building.
mud_wasp	arrival	A mud wasp just arrived.
mud_wasp	arrival	A mud wasp wobbles as it flies in.
mud_wasp	arrival	A mud wasp weaves slowly as it flies in.
mud_wasp	decay	A mud wasp decays into compost.
muddy_hog	death	The muddy hog collapses to the ground, emits a final squeal, and dies.
muddy_hog	death	The muddy hog lets out a final agonized squeal and dies.
muddy_hog	death	The muddy hog collapses to the ground, emits a final silent squeal, and dies.
muddy_hog	flee	A muddy hog trots {direction}.
muddy_hog	flee	A muddy hog grunts as {pronoun} slowly backs away.
muddy_hog	arrival	A muddy hog barrels in!
muddy_hog	arrival	A muddy hog trots in!
muddy_hog	decay	A muddy hog decays into a pile of fur and bone.
murky_soul_siphon	flee	A murky soul siphon scampers northeast on {pronoun} crooked legs.
murky_soul_siphon	flee	A murky soul siphon scampers up on {pronoun} crooked legs.
murky_soul_siphon	flee	A murky soul siphon scuttles northwest on {pronoun} crooked legs.
murky_soul_siphon	flee	A murky soul siphon scampers down on {pronoun} crooked legs.
murky_soul_siphon	flee	A murky soul siphon scurries up on {pronoun} wounded legs.
murky_soul_siphon	arrival	A murky soul siphon scampers in on its crooked legs.
murky_soul_siphon	arrival	A murky soul siphon scuttles in on {pronoun} crooked legs.
murky_soul_siphon	arrival	A murky soul siphon scurries in on {pronoun} crooked legs.
murky_soul_siphon	arrival	A murky soul siphon scurries in on {pronoun} wounded legs.
murky_soul_siphon	arrival	A murky soul siphon scuttles in on {pronoun} wounded legs.
muscular_brindlecat	death	The muscular brindlecat's tail twitches feebly as {pronoun} dies.
muscular_brindlecat	flee	A muscular brindlecat bounds {direction}.
muscular_brindlecat	arrival	A muscular brindlecat stalks in!
muscular_brindlecat	arrival	A muscular brindlecat pounces to the ground in front of you!
muscular_brindlecat	decay	A muscular brindlecat decays into a compost of fangs, fur and claws.
muscular_supplicant	death	A muscular supplicant spasms one last time and then dies.
muscular_supplicant	death	A muscular supplicant thrashes violently and then dies.
muscular_supplicant	death	A muscular supplicant dies and collapses to the floor.
muscular_supplicant	death	A muscular supplicant staggers, then falls to the floor and dies.
muscular_supplicant	death	With an ear-piercing cry of agony, the muscular supplicant dies.
muscular_supplicant	death	A muscular supplicant spasms in death and then goes still.
muscular_supplicant	death	A muscular supplicant moans in agony and then goes still.
muscular_supplicant	death	A muscular supplicant thrashes one last time and goes still.
muscular_supplicant	flee	A muscular supplicant heads {direction}.
muscular_supplicant	arrival	A muscular supplicant just arrived.
muscular_supplicant	arrival	A muscular supplicant strides into the area!
muscular_supplicant	arrival	A muscular supplicant charges in, sweat beading on {pronoun} forehead!
muscular_supplicant	decay	A muscular supplicant crumbles to dust and blows away on the wind.
muscular_supplicant	decay	A muscular supplicant suddenly dissolves into a puddle of viscous ooze.
muscular_supplicant	decay	A muscular supplicant rapidly decays, flesh and bone crumbling to dust.
myklian	death	The blue myklian falls back into a heap and dies.
myklian	death	The red myklian falls back into a heap and dies.
myklian	death	The blue myklian hisses one last time and dies.
myklian	death	The yellow myklian hisses one last time and dies.
myklian	death	The young myklian hisses one last time and dies.
myklian	death	The red myklian hisses one last time and dies.
myklian	death	The young myklian falls back into a heap and dies.
myklian	death	The yellow myklian falls back into a heap and dies.
myklian	death	The orange myklian falls back into a heap and dies.
myklian	death	A red myklian screeches loudly and slumps to the ground as a whitish-grey ichor oozes from its mangled left foreleg.
myklian	death	The orange myklian hisses one last time and dies.
myklian	death	A yellow myklian screeches loudly and slumps to the ground as a whitish-grey ichor oozes from its mangled left claw.
myklian	death	A young myklian screeches loudly and slumps to the ground as a whitish-grey ichor oozes from its mangled right foreleg.
myklian	death	A red myklian screeches loudly and slumps to the ground as a whitish-grey ichor oozes from its mangled right foreleg.
myklian	death	A yellow myklian screeches loudly and slumps to the ground as a whitish-grey ichor oozes from its mangled right foreleg.
myklian	death	A red myklian screeches loudly and slumps to the ground as a whitish-grey ichor oozes from its mangled right claw.
myklian	death	An orange myklian screeches loudly and slumps to the ground as a whitish-grey ichor oozes from its mangled right claw.
myklian	death	An orange myklian screeches loudly and slumps to the ground as a whitish-grey ichor oozes from its mangled left foreleg.
myklian	death	The green myklian falls back into a heap and dies.
myklian	death	A red myklian screeches loudly and slumps to the ground as a whitish-grey ichor oozes from its mangled left claw.
myklian	flee	A red myklian heads {direction}.
myklian	flee	A blue myklian heads {direction}.
myklian	flee	A yellow myklian heads {direction}.
myklian	flee	An orange myklian heads {direction}.
myklian	flee	A young myklian heads {direction}.
myklian	decay	A blue myklian crumbles away into dust.
myklian	decay	A red myklian crumbles away into dust.
myklian	decay	A yellow myklian crumbles away into dust.
myklian	decay	A young myklian crumbles away into dust.
myklian	decay	An orange myklian crumbles away into dust.
myklian	decay	A green myklian crumbles away into dust.
n_ecare	death	The n'ecare falls to the ground motionless.
n_ecare	death	The n'ecare wails in terrifying pain one last time and lies still.
n_ecare	flee	A n'ecare grumbles quietly as he limps {direction}.
n_ecare	flee	A n'ecare pads east silently.
n_ecare	flee	A n'ecare pads southeast silently.
n_ecare	flee	A n'ecare pads west silently.
n_ecare	flee	A n'ecare pads southwest silently.
n_ecare	flee	A n'ecare pads northwest silently.
n_ecare	flee	A n'ecare pads northeast silently.
n_ecare	flee	A n'ecare pads north silently.
n_ecare	arrival	A n'ecare pads in silently!
naisirc	death	A naisirc fades into oblivion.
nasty_little_gremlin	death	The green gremlin falls to the ground and dies with a gentle sigh.
nasty_little_gremlin	death	The red gremlin falls to the ground and dies with a gentle sigh.
nasty_little_gremlin	death	The red gremlin sighs one last time and dies.
nasty_little_gremlin	death	The yellow gremlin falls to the ground and dies with a gentle sigh.
nasty_little_gremlin	death	The green gremlin sighs one last time and dies.
nasty_little_gremlin	death	The blue gremlin falls to the ground and dies with a gentle sigh.
nasty_little_gremlin	death	The black gremlin falls to the ground and dies with a gentle sigh.
nasty_little_gremlin	death	The orange gremlin falls to the ground and dies with a gentle sigh.
nasty_little_gremlin	death	The black gremlin sighs one last time and dies.
nasty_little_gremlin	death	The yellow gremlin sighs one last time and dies.
nasty_little_gremlin	death	The orange gremlin sighs one last time and dies.
nasty_little_gremlin	flee	A nasty little blue gremlin scampers {direction}.
nasty_little_gremlin	flee	A nasty little red gremlin scampers {direction}.
nasty_little_gremlin	flee	A nasty little green gremlin scampers {direction}.
nasty_little_gremlin	flee	A nasty little orange gremlin scampers {direction}.
nasty_little_gremlin	flee	A nasty little yellow gremlin scampers {direction}.
nasty_little_gremlin	flee	A nasty little black gremlin scampers {direction}.
nasty_little_gremlin	decay	A nasty little green gremlin decays into compost.
nasty_little_gremlin	decay	A nasty little red gremlin decays into compost.
nasty_little_gremlin	decay	A nasty little yellow gremlin decays into compost.
nasty_little_gremlin	decay	A nasty little blue gremlin decays into compost.
nasty_little_gremlin	decay	A nasty little black gremlin decays into compost.
nasty_little_gremlin	decay	A nasty little orange gremlin decays into compost.
nasty_little_gremlin	decay	A small, green cloud of smelly gas rises from the body of a big ugly kobold as {pronoun} decays into compost.
neartofar_orc	death	A Neartofar orc breathes {pronoun} last gasp and dies.
neartofar_orc	death	A Neartofar orc collapses into a pile of dust.
neartofar_orc	flee	A Neartofar orc stalks {direction}.
neartofar_orc	flee	A neartofar orc hobbles slowly {direction}, uttering a curse under {pronoun} breath.
neartofar_orc	arrival	A Neartofar orc stalks in purposefully, {pronoun} nose raised as {pronoun} sniffs at the air.
neartofar_orc	arrival	A Neartofar orc stalks in!
neartofar_orc	decay	A Neartofar orc collapses into a pile of dust.
neartofar_troll	death	The Neartofar troll falls to the ground and dies.
neartofar_troll	death	The Neartofar troll screams one last time and dies.
neartofar_troll	death	A Neartofar orc breathes {pronoun} last gasp and dies.
neartofar_troll	flee	A Neartofar troll heads {direction}.
neartofar_troll	arrival	A Neartofar troll just arrived!
neartofar_troll	arrival	A Neartofar orc stalks in purposefully, {pronoun} nose raised as {pronoun} sniffs at the air.
neartofar_troll	decay	A Neartofar troll decays into compost.
necrotic_snake	death	A necrotic snake's tail trembles then falls to the ground as the rest of its body goes limp.
necrotic_snake	death	A sinuous necrotic snake's tail trembles then falls to the ground as the rest of its body goes limp.
necrotic_snake	death	A flexile necrotic snake's tail trembles then falls to the ground as the rest of its body goes limp.
necrotic_snake	flee	A necrotic snake slithers {direction}, leaving a trail of rotting scales.
necrotic_snake	arrival	A necrotic snake slithers in.
necrotic_snake	arrival	A necrotic snake arrives, slithering awkwardly in obvious pain.
nedum_vereri	death	A nedum vereri exhales a sigh of relief and slumps to the ground motionless.
nedum_vereri	death	A nedum vereri exhales a sigh of relief and goes still.
nedum_vereri	flee	A nedum vereri heads {direction}.
nedum_vereri	flee	A nedum vereri just went through a pair of double doors.
nedum_vereri	arrival	A nedum vereri just arrived.
nedum_vereri	arrival	A nedum vereri just arrived from the altar.
nedum_vereri	arrival	A nedum vereri just arrived from the sanctuary.
nedum_vereri	arrival	A nedum vereri just came through a pair of double doors.
nedum_vereri	decay	A nedum vereri fades away.
night_golem	flee	A night golem lopes {direction}.
night_hound	death	The night hound lets out one last whimpering sigh of dark and shadowy whirlwinds and dies.
night_hound	flee	A night hound pads {direction}, a mist of shadows puffing from {pronoun} nostrils.
night_hound	decay	A night hound decays into a compost of fur and fangs.
nightmare_steed	death	The nightmare steed screams one last time and dies.
nightmare_steed	flee	The steed gallops {direction}.
nightmare_steed	flee	A nightmare steed gallops {direction}.
niirsha	death	The niirsha falls to the ground motionless.
niirsha	death	The niirsha wails in terrifying pain one last time and lies still.
niirsha	flee	A niirsha wails madly as he limps {direction}.
niirsha	flee	A niirsha shambles {direction}.
niirsha	arrival	A niirsha shambles in!
niveous_giant_warg	death	A niveous giant warg rolls over onto {pronoun} side with a whimper before surrendering to death.
niveous_giant_warg	death	A niveous giant warg goes limp as the last of {pronoun} life is crushed from {pronoun} by {target} unyielding bearhug!
niveous_giant_warg	death	The niveous giant warg slumps to the ground.
niveous_giant_warg	death	A niveous giant warg's eyes roll up into {pronoun} head as {pronoun} body goes limp on the ground.
niveous_giant_warg	flee	A niveous giant warg lopes {direction}, muscle bunching under its fur.
niveous_giant_warg	flee	A niveous giant warg just went into a huge hoarbeam longhouse.
niveous_giant_warg	flee	A niveous giant warg just went into a long timber hall.
niveous_giant_warg	flee	A niveous giant warg just went into a huge hut.
niveous_giant_warg	flee	A niveous giant warg just went into a thatched timber smithy.
niveous_giant_warg	flee	A niveous giant warg pads {direction}, deadly quiet despite {pronoun} great size.
niveous_giant_warg	flee	A niveous giant warg just went through a pair of colossal red stone pillars.
niveous_giant_warg	arrival	With a plaintive howl, a niveous giant warg bounds in, hackles raised and sickle-sized fangs bared.
niveous_giant_warg	arrival	A niveous giant warg pads in, deadly quiet despite its great size.
niveous_giant_warg	arrival	A niveous giant warg just came through a rune-carved white granite arch.
niveous_giant_warg	arrival	A niveous giant warg just arrived.
niveous_giant_warg	arrival	A niveous giant warg just came through a break in the trees.
niveous_giant_warg	decay	A niveous giant warg's immense form decays away into a mound of fur, tooth, and claw.
nonomino	death	The nonomino falls to the ground motionless.
nonomino	death	The nonomino wails in terrifying pain one last time and lies still.
nonomino	flee	A nonomino shambles {direction}.
nonomino	flee	A nonomino wails madly as he limps {direction}.
nonomino	flee	A nonomino just went through an arched door leading into the old Castle Keep.
nonomino	arrival	A nonomino shambles in!
nonomino	arrival	A nonomino just came through an arched door leading into the old Castle Keep.
ogre_sentry	death	The ogre sentry screams one last time and dies.
ogre_sentry	death	The ogre sentry falls to the floor and dies.
ogre_sentry	death	The ogre sentry falls to the ground and dies.
ogre_sentry	death	The ogre sentry screams silently one last time and dies.
ogre_sentry	flee	An ogre sentry runs {direction}.
ogre_sentry	arrival	An ogre sentry just arrived.
ogre_sentry	decay	An ogre sentry decays into compost.
ogre_sentry	decay	Tiny fissures quickly spread over the entire form of an earth elemental.  Within moments, it crumbles into a pile of dirt and rubble.
ogre_sentry	decay	Tiny fissures quickly spread over the entire form of a greater earth elemental.  Within moments, it crumbles into a pile of dirt and rubble.
ogre_sentry	decay	A small, green cloud of smelly gas rises from the body of a mongrel kobold as he decays into compost.
ogre_sentry	decay	A small, green cloud of smelly gas rises from the body of a big ugly kobold as {pronoun} decays into compost.
ogre_sentry	decay	A small, green cloud of smelly gas rises from the body of a kobold as he decays into compost.
ogre_warrior	death	The ogre warrior falls to the ground and dies.
ogre_warrior	death	The ogre warrior screams one last time and dies.
ogre_warrior	death	The ogre warrior falls to the floor and dies.
ogre_warrior	death	The ogre warrior screams silently one last time and dies.
ogre_warrior	flee	An ogre warrior runs {direction}.
ogre_warrior	flee	An ogre warrior limps {direction}.
ogre_warrior	arrival	An ogre warrior just arrived.
ogre_warrior	decay	An ogre warrior decays into compost.
pale_crab	death	The pale crab falls back into a heap and dies.
pale_crab	death	The pale crab hisses one last time and dies.
pale_crab	flee	The crab skitters {direction}.
pale_crab	decay	A pale crab decays into compost.
pale_scaled_shaper	death	A spectral howl echoes through the air, resonant with pain and anguish, and then fades into heavy silence.  The scaly veneer covering a pale scaled shaper shimmers briefly before melting into {pronoun} skin.
pale_scaled_shaper	flee	A pale scaled shaper just went through a polished acacia archway.
pale_scaled_shaper	flee	A pale scaled shaper just went into a huge sandstone spire.
pale_scaled_shaper	arrival	A pale scaled shaper just arrived.
pale_scaled_shaper	arrival	A pale scaled shaper just came through a polished acacia archway.
pale_scaled_shaper	arrival	A pale scaled shaper just came through a pair of high bronze double doors.
pale_scaled_shaper	arrival	A pale scaled shaper just came through a towering black ora gate.
pallid_fog_cloaked_kelpie	death	A pallid fog-cloaked kelpie's dreamy gaze goes lifeless.
pallid_fog_cloaked_kelpie	flee	A pallid fog-cloaked kelpie gallops {direction}, leaving behind puddles of frothing seawater.
pallid_fog_cloaked_kelpie	arrival	A pallid fog-cloaked kelpie trots in with a pained gait, leaving behind puddles of seawater.
pallid_fog_cloaked_kelpie	decay	A pallid fog-cloaked kelpie's remains shiver and ripple.  His body collapses into a puddle of saltwater and rotting sargassum.
panther	death	The panther lets out a final caterwaul and dies.
panther	death	The panther crumples to the ground and dies.
panther	flee	A panther scampers {direction}.
panther	flee	A panther scampers {direction}, mewling in pain.
panther	arrival	A panther scampers in!
panther	arrival	A panther scampers in, mewling in pain!
panther	arrival	A panther pounces to the ground in front of you!
panther	decay	A panther decays into a compost of fangs, fur and claws.
patchwork_flesh_monstrosity	flee	A patchwork flesh monstrosity just went through a pair of high bronze double doors.
patchwork_flesh_monstrosity	flee	A patchwork flesh monstrosity just went through some riveted black ora doors.
patchwork_flesh_monstrosity	flee	A patchwork flesh monstrosity trundles noisily {direction}.
patchwork_flesh_monstrosity	flee	A patchwork flesh monstrosity stomps the ground, sending vibrations trembling outward from the point of impact.
patchwork_flesh_monstrosity	arrival	A patchwork flesh monstrosity shakes the ground as {pronoun} trundles in, belching serum from {pronoun} stitched flesh with every heavy step.
patchwork_flesh_monstrosity	arrival	A patchwork flesh monstrosity trundles in, shaking the floor with {pronoun} footsteps.
patchwork_flesh_monstrosity	arrival	A patchwork flesh monstrosity just came through a polished acacia archway.
patchwork_flesh_monstrosity	arrival	A patchwork flesh monstrosity trundles in, shaking the ground with {pronoun} footsteps.
patchwork_flesh_monstrosity	arrival	A patchwork flesh monstrosity just came through some riveted black ora doors.
patchwork_flesh_monstrosity	arrival	A patchwork flesh monstrosity just came through a pair of high bronze double doors.
phantasma	death	A phantasma fades into oblivion.
phantasma	flee	A phantasma floats {direction}.
phantasmal_bestial_swordsman	death	Growling lowly, the bestial swordsman falls to one knee, then collapses to the floor.
phantasmal_bestial_swordsman	death	The bestial swordsman falls to one knee, then collapses to the floor.
phantasmal_bestial_swordsman	flee	A phantasmal bestial swordsman stalks {direction}.
phantasmal_bestial_swordsman	arrival	A phantasmal bestial swordsman stalks in.
phantasmal_bestial_swordsman	arrival	A phantasmal bestial swordsman emerges from the surrounding shadows, the tip of {pronoun} blade drawing through the floor before being raised high above {pronoun} head.
phantasmal_bestial_swordsman	decay	Thin blue lines of magical energy crackle over the body of a phantasmal bestial swordsman before {pronoun} dissolves, leaving a puddle of liquid and the smell of ozone in the air.
phantom	death	The phantom slowly settles to the ground and begins to dissipate.
phantom	arrival	Out of thin air, a shadowy figure takes shape before your eyes and materializes into a phantom!
phantom	arrival	A phantom just arrived.
phantom	decay	A phantom vanishes into thin air, leaving no trace behind.
phosphorescent_worm	death	A phosphorescent worm slumps to the ground, its glowing form now motionless and dull.
phosphorescent_worm	flee	A phosphorescent worm backs away, a foul odor spewing out from {pronoun} as {pronoun} inches backwards.
phosphorescent_worm	arrival	A phosphorescent worm slithers into view, its glow illuminating the area.
plains_lion	death	The plains lion crumples to the ground and dies.
plains_lion	death	The plains lion lets out a final caterwaul and dies.
plains_lion	flee	A plains lion scampers {direction}.
plains_lion	flee	A plains lion scampers {direction}, mewling in pain.
plains_lion	arrival	A plains lion scampers in!
plains_lion	arrival	A plains lion scampers in, mewling in pain!
plains_lion	decay	A plains lion decays into a compost of fangs, fur and claws.
plains_ogre	death	The plains ogre screams one last time and dies.
plains_ogre	death	The plains ogre falls to the ground and dies.
plains_ogre	death	The plains ogre screams silently one last time and dies.
plains_ogre	flee	A plains ogre runs {direction}.
plains_ogre	flee	A plains ogre limps {direction}.
plains_ogre	arrival	A plains ogre just arrived.
plains_ogre	decay	A plains ogre decays into compost.
plains_orc_chieftain	death	A plains orc chieftain's chest heaves one last time then {pronoun} dies.
plains_orc_chieftain	flee	A plains orc chieftain barrels {direction}.
plains_orc_chieftain	flee	A plains orc chieftain trots west moaning at {pronoun} fate.
plains_orc_chieftain	flee	A plains orc chieftain trots southwest moaning at {pronoun} fate.
plains_orc_chieftain	flee	A plains orc chieftain trots south moaning at {pronoun} fate.
plains_orc_chieftain	flee	A plains orc chieftain trots east moaning at {pronoun} fate.
plains_orc_chieftain	flee	A plains orc chieftain trots northeast moaning at {pronoun} fate.
plains_orc_chieftain	flee	A plains orc chieftain trots northwest moaning at {pronoun} fate.
plains_orc_chieftain	flee	A plains orc chieftain stomps down on a small rodent as {pronoun} hurries out from under {pronoun} feet. {target} gives a satisfied grunt as squished rodent parts flow from under {pronoun} feet.
plains_orc_chieftain	arrival	A plains orc chieftain trots in moaning at {pronoun} fate.
plains_orc_chieftain	arrival	A plains orc chieftain rushes in, howling with rage!
plains_orc_chieftain	arrival	A plains orc chieftain barrels in.
plains_orc_chieftain	decay	A plains orc chieftain decays leaving nothing but rancid tufts of fur and scraps of skin.
plains_orc_scout	death	A plains orc scout collapses until all that is left is a few scraps of hide.
plains_orc_scout	death	A plains orc scout jerks one last time and expires.
plains_orc_scout	flee	A plains orc scout wanders {direction}.
plains_orc_scout	arrival	A plains orc scout wanders in!
plains_orc_scout	arrival	A plains orc scout wanders in looking a bit unsteady on his feet.
plains_orc_scout	arrival	A plains orc scout just arrived!
plains_orc_scout	arrival	A plains orc scout swaggers in, glances around and nods in approval.
plains_orc_scout	arrival	A plains orc scout swaggers in, glances around and rubs {pronoun} claws together in glee.
plains_orc_scout	arrival	A plains orc scout swaggers in, glances around and gives off a low rumbling snicker.
plains_orc_scout	arrival	A plains orc scout swaggers in, glances around and sneers disdainfully.
plains_orc_scout	arrival	A plains orc scout swaggers in, glances around and cackles.
plains_orc_scout	arrival	A plains orc scout swaggers in, glances around and shrugs {pronoun} massive shoulders.
plains_orc_shaman	death	A plains orc shaman mutters belaboring {pronoun} fate and then dies.
plains_orc_shaman	flee	A plains orc shaman traipses {direction}.
plains_orc_shaman	decay	A plains orc shaman decays leaving nothing but a pile of bones and bits of teeth.
plains_orc_warrior	flee	A plains orc warrior struts {direction}.
plains_orc_warrior	flee	A plains orc warrior hunches over and limps {direction}.
plains_orc_warrior	arrival	A plains orc warrior limps in all hunched over.
plumed_cockatrice	death	The plumed cockatrice rolls over on its back, emits a final screech and dies.
plumed_cockatrice	flee	A plumed cockatrice thunders {direction}.
plumed_cockatrice	arrival	A plumed cockatrice just arrived!
plumed_cockatrice	decay	A plumed cockatrice decays into a useless pile of scales and feathers.
polar_bear	death	The polar bear collapses heavily into a heap on the ground and dies.
polar_bear	death	The polar bear lets out a blood-curdling roar and dies.
polar_bear	flee	A polar bear trundles {direction}.
polar_bear	arrival	A polar bear trundles into the area!
polar_bear	arrival	A polar bear trundles in!
polar_bear	decay	A polar bear decays into a compost of fangs, fur and claws.
pra_eda	death	The pra'eda falls to the ground motionless.
pra_eda	death	The pra'eda cries out one last time and lies still.
pra_eda	flee	A pra'eda runs {direction}.
pra_eda	flee	A pra'eda limps {direction}.
pra_eda	decay	A pra'eda decays away, leaving nothing behind.
puma	death	The puma lets out a final caterwaul and dies.
puma	death	The puma crumples to the ground and dies.
puma	flee	A puma scampers {direction}.
puma	flee	A puma scampers {direction}, mewling in pain.
puma	arrival	A puma scampers in!
puma	arrival	A puma pounces to the ground in front of you!
puma	decay	A puma decays into a compost of fangs, fur and claws.
putrefied_citadel_herald	death	A putrefied Citadel herald collapses in upon {pronoun}, leaving behind a pile of dust.
putrefied_citadel_herald	death	A spectral howl echoes through the air, resonant with pain and anguish, and then fades into heavy silence.  The scaly veneer covering a putrefied Citadel herald shimmers briefly before melting into {pronoun} skin.
putrefied_citadel_herald	death	A putrefied citadel herald collapses in upon {reflexive}, leaving behind a pile of dust.
putrefied_citadel_herald	arrival	A putrefied Citadel herald strides in confidently.
putrefied_citadel_herald	arrival	A rotting Citadel arbalester strides into the room, {pronoun} crossbow cradled in the crook of an arm.
putrefied_citadel_herald	arrival	A rotting Citadel arbalester strides into the area, {pronoun} crossbow cradled in the crook of an arm.
quivering_sanguine_ooze	flee	A quivering sanguine ooze just went through a pair of colossal red stone pillars.
quivering_sanguine_ooze	flee	A quivering sanguine ooze just went through a break in the trees.
quivering_sanguine_ooze	flee	A quivering sanguine ooze just went through a crumbling red stone maw.
quivering_sanguine_ooze	flee	A quivering sanguine ooze just went through a ragged acid-pocked gash.
quivering_sanguine_ooze	flee	A quivering sanguine ooze just went through a pocked red stone arch.
quivering_sanguine_ooze	arrival	A quivering sanguine ooze just came through a break in the trees.
quivering_sanguine_ooze	arrival	A quivering sanguine ooze just came through a pocked red stone arch.
quivering_sanguine_ooze	arrival	A quivering sanguine ooze just came through a ragged acid-pocked gash.
quivering_sanguine_ooze	arrival	A quivering sanguine ooze glides in, leaving a slick trail behind {pronoun}.
quivering_sanguine_ooze	decay	A quivering sanguine ooze rapidly coagulates, the air sucking the moisture from {pronoun} shape. What remains of the ooze flakes into a pile of reddish-black grit.
rabid_guard_dog	death	The guard dog falls to the ground and dies.
rabid_guard_dog	death	The guard dog rolls over and dies.
rabid_guard_dog	flee	A rabid guard dog rushes {direction}!
rabid_guard_dog	flee	A rabid guard dog whimpers as {pronoun} slowly backs away, {pronoun} teeth bared.
rabid_guard_dog	decay	A rabid guard dog decays into a compost of fangs and fur.
rabid_squirrel	death	The rabid squirrel twitches its tail one last time and dies.
rabid_squirrel	flee	A rabid squirrel scampers {direction}.
rabid_squirrel	flee	A rabid squirrel chatters as {pronoun} slowly backs away.
rabid_squirrel	arrival	A rabid squirrel scampers in, foam dripping from its mouth!
rabid_squirrel	arrival	A rabid squirrel scampers in!
rabid_squirrel	decay	A rabid squirrel decays into a pile of hair and bone.
radiant_eyed_goliath_auramancer	death	A radiant-eyed goliath auramancer's eyes roll up into {pronoun} head as {pronoun} body goes limp on the ground.
raider_orc	death	A raider orc screams {pronoun} defiance skyward one last time and dies.
raider_orc	death	A raider orc screams {pronoun} defiance silently skyward one last time and dies.
raider_orc	flee	A raider orc trots {direction}.
raider_orc	flee	A raider orc trots {direction}, {pronoun} gaze sweeping the area for danger.
raider_orc	arrival	A raider orc saunters in looking for something to pillage.
raider_orc	decay	A raider orc withers away until {pronoun} is no more.
raving_lunatic	death	The raving lunatic twitches violently, then dies.
red_bear	death	The red bear collapses heavily into a heap on the ground and dies.
red_bear	death	The red bear lets out a blood-curdling roar and dies.
red_bear	flee	A red bear lumbers {direction}.
red_bear	flee	A red bear slowly lumbers {direction}, growling in pain.
red_bear	flee	A red bear slowly backs away, {pronoun} teeth bared.
red_bear	arrival	A red bear lumbers in!
red_bear	arrival	A red bear slowly lumbers in, growling in pain!
red_bear	arrival	A red bear lumbers noisily into the area drooling hungrily!
red_bear	decay	A red bear decays into a compost of fangs, fur and claws.
red_scaled_thrak	death	The red-scaled thrak falls back into a heap and dies.
red_scaled_thrak	death	The red-scaled thrak hisses one last time and dies.
red_scaled_thrak	death	The red-scaled thrak twitches violently, then dies.
red_scaled_thrak	flee	A red-scaled thrak darts {direction}.
red_scaled_thrak	decay	A red-scaled thrak decays into compost.
red_tsark	death	The red tsark goes limp and {pronoun} falls over as the fire slowly fades from {pronoun} eyes.
red_tsark	flee	A red tsark darts {direction}.
red_tsark	flee	A red tsark slowly trundles {direction}.
reiver	death	The reiver takes one last breath, then dies.
reiver	death	The reiver falls to the ground motionless.
reiver	flee	A reiver heads {direction}.
reiver	flee	A reiver limps {direction}.
reiver	flee	A reiver just went through a red door.
reiver	arrival	A reiver just arrived.
reiver	arrival	A reiver just arrived, limping.
reiver	arrival	A reiver just came through a red door.
reiver	decay	A reiver turns to dust.
relnak	death	The relnak falls back into a heap and dies.
relnak	death	The relnak hisses one last time and dies.
relnak	flee	The relnak scampers {direction}.
relnak	arrival	A relnak scampers in.
relnak	decay	A relnak decays into compost.
revenant	death	The revenant slowly settles to the ground and begins to dissipate.
revenant	arrival	Out of thin air, a shadowy figure takes shape before your eyes and materializes into a revenant!
revenant	arrival	A revenant just arrived.
revenant	decay	A revenant vanishes into thin air, leaving no trace behind.
ridge_orc	death	A ridge orc gives a last gasp and dies.
ridge_orc	flee	A ridge orc flees {direction}.
ridge_orc	arrival	A ridge orc rushes in, howling with rage!
ridge_orc	decay	A ridge orc decays into compost.
ridgeback_boar	death	The ridgeback boar collapses to the ground, emits a final squeal, and dies.
ridgeback_boar	death	The ridgeback boar lets out a final agonized squeal and dies.
ridgeback_boar	death	The ridgeback boar silently lets out a final agonized squeal and dies.
ridgeback_boar	death	The ridgeback boar collapses to the ground, emits a final silent squeal, and dies.
ridgeback_boar	flee	A ridgeback boar crawls {direction}.
ridgeback_boar	flee	A ridgeback boar grunts and barrels {direction}.
ridgeback_boar	flee	A ridgeback boar trots {direction}, grunting noisily!
ridgeback_boar	flee	A ridgeback boar trots {direction}, grunting noisily.
ridgeback_boar	flee	A ridgeback boar grunts as {pronoun} slowly backs away.
ridgeback_boar	arrival	A ridgeback boar charges in, grunting an angry challenge!
ridgeback_boar	arrival	A ridgeback boar barrels in!
ridgeback_boar	decay	A ridgeback boar decays into a pile of fur and bone.
roa_ter	death	The roa'ter rolls over and dies.
roa_ter	flee	A roa'ter slithers {direction}.
roa_ter	flee	The roa'ter warily backs away.
roa_ter	decay	A roa'ter decays into compost.
roa_ter_wormling	death	The wormling rolls over and dies.
roa_ter_wormling	flee	A roa'ter wormling slithers {direction}.
roa_ter_wormling	flee	A flashy roa'ter wormling slithers {direction}.
roa_ter_wormling	flee	A dazzling roa'ter wormling slithers {direction}.
roa_ter_wormling	flee	The roa'ter wormling warily backs away.
roa_ter_wormling	decay	A roa'ter wormling decays into compost.
roa_ter_wormling	decay	A combative roa'ter wormling decays into compost.
roa_ter_wormling	decay	A belligerent roa'ter wormling decays into compost.
roa_ter_wormling	decay	A dazzling roa'ter wormling decays into compost.
roa_ter_wormling	decay	A flashy roa'ter wormling decays into compost.
rock_troll_zombie	death	The troll zombie tears off a piece of {pronoun} flesh, gnawing upon the decayed meat in a vain attempt to nourish {pronoun} continued tormented existence.  With the attempt failing, the troll zombie slumps to the ground motionless.
rock_troll_zombie	death	The troll zombie tears off a piece of {pronoun} flesh, gnawing upon the decayed meat in a vain attempt to nourish {pronoun} continued tormented existence.  With the attempt failing, the troll zombie topples to the ground motionless.
rock_troll_zombie	flee	A rock troll zombie lumbers {direction}.
rock_troll_zombie	flee	A rock troll zombie lumbers {direction} with a slight limp.
rock_troll_zombie	flee	A rock troll zombie grimaces and slowly limps {direction}.
rock_troll_zombie	flee	A rock troll zombie lumbers {direction}, limping slightly!
rock_troll_zombie	arrival	A rock troll zombie lumbers in!
rock_troll_zombie	arrival	A rock troll zombie lumbers in, limping slightly!
rock_troll_zombie	arrival	A rock troll zombie limps in with a scowl upon {pronoun} brow!
roiling_crimson_angargeist	flee	A roiling crimson angargeist flows {direction}, {pronoun} amorphous bulk sprouting appendages and hideous features at random.
roiling_crimson_angargeist	flee	A roiling crimson angargeist just went through a crumbling red stone maw.
roiling_crimson_angargeist	flee	A roiling crimson angargeist just went through a breached red stone wall.
roiling_crimson_angargeist	flee	A roiling crimson angargeist just went through a pocked red stone arch.
roiling_crimson_angargeist	flee	A roiling crimson angargeist just went through a pair of colossal red stone pillars.
roiling_crimson_angargeist	flee	A roiling crimson angargeist sends questing tentacles of ectoplasm toward the shadows, but {pronoun} find nothing and retreat, quivering anxiously.
roiling_crimson_angargeist	arrival	A roiling crimson angargeist just came through a pocked red stone arch.
roiling_crimson_angargeist	arrival	A roiling crimson angargeist just came through a breached red stone wall.
roiling_crimson_angargeist	decay	A roiling crimson angargeist dissolves into a pool of ectoplasm that roils over you, snapping with toothless mouths and grasping with desperate fingers before reforming on the other side.
rolton	death	The rolton collapses to the ground, emits a final bleat, and dies.
rolton	death	The rolton collapses to the ground, emits a final silent bleat, and dies.
rolton	death	The rolton lets out a final agonized bleat and dies.
rolton	flee	A rolton trots {direction}.
rolton	flee	A rolton just went through some reinforced wooden gates.
rolton	flee	A rolton bleats as {pronoun} slowly backs away.
rolton	arrival	A rolton trots in!
rolton	arrival	A rolton ambles in.
rolton	decay	A rolton decays into a pile of fur and bone.
rotting_chimera	death	A rotting chimera collapses into a pile of skin and bones.
rotting_chimera	death	A rotting chimera slumps wearily to the ground and ceases to move.
rotting_chimera	flee	A rotting chimera crawls {direction}.
rotting_chimera	flee	A rotting chimera lowers its head and stomps {direction}.
rotting_chimera	arrival	A rotting chimera stomps in.
rotting_chimera	arrival	A rotting chimera arrives, dragging {reflexive} in and sobbing slightly from pain.
rotting_chimera	decay	A rotting chimera collapses into a pile of skin and bones.
rotting_citadel_arbalester	death	A rotting Citadel arbalester collapses motionless to the floor.
rotting_citadel_arbalester	death	A rotting Citadel arbalester collapses motionless to the ground.
rotting_citadel_arbalester	death	A putrefied Citadel herald collapses in upon {pronoun}, leaving behind a pile of dust.
rotting_citadel_arbalester	flee	A rotting Citadel arbalester strides {direction}.
rotting_citadel_arbalester	arrival	A rotting Citadel arbalester strides into the room, {pronoun} crossbow cradled in the crook of an arm.
rotting_citadel_arbalester	arrival	A rotting Citadel arbalester strides in.
rotting_citadel_arbalester	arrival	A rotting Citadel arbalester strides into the area, {pronoun} crossbow cradled in the crook of an arm.
rotting_corpse	death	The rotting corpse wails in terrifying pain one last time and lies still.
rotting_corpse	flee	A rotting corpse shambles {direction}.
rotting_corpse	arrival	A rotting corpse shambles in!
rotting_corpse	decay	A rotting corpse rots away, leaving nothing behind.
rotting_farmhand	death	The rotting farmhand twitches violently, then dies.
rotting_farmhand	death	The rotting farmhand wails in terrifying pain one last time and lies still.
rotting_farmhand	flee	A rotting farmhand shambles {direction}.
rotting_farmhand	flee	A rotting farmhand wails madly as {pronoun} limps {direction}.
rotting_farmhand	arrival	A rotting farmhand shambles in!
rotting_farmhand	decay	A rotting farmhand rots away, leaving nothing behind.
rotting_krolvin_pirate	death	The krolvin pirate spits out one last curse and lies still.
rotting_krolvin_pirate	death	The krolvin pirate vainly struggles to rise, then goes still.
rotting_krolvin_pirate	flee	A rotting krolvin pirate swaggers {direction}.
rotting_krolvin_pirate	flee	A rotting krolvin pirate limps as he staggers {direction}.
rotting_krolvin_pirate	arrival	A rotting krolvin pirate swaggers in.
rotting_krolvin_pirate	decay	The krolvin pirate decays into a pile of compost, releasing a stench of rotting seaweed.
rotting_woodsman	death	The rotting woodsman falls to the ground, a lifeless lump of flesh.
rotting_woodsman	flee	A rotting woodsman crawls {direction}.
rotting_woodsman	flee	A rotting woodsman wails madly as he limps {direction}.
rotting_woodsman	flee	A rotting woodsman shambles {direction}.
rotting_woodsman	arrival	A robust rotting woodsman shambles in!
rotting_woodsman	arrival	A rotting woodsman shambles in!
sabre_tooth_tiger	death	The sabre-tooth tiger crumples to the ground and dies.
sabre_tooth_tiger	death	The sabre-tooth tiger lets out a final caterwaul and dies.
sabre_tooth_tiger	flee	A sabre-tooth tiger prowls {direction}.
sabre_tooth_tiger	flee	A shielded sabre-tooth tiger prowls {direction}.
sabre_tooth_tiger	arrival	A sabre-tooth tiger prowls in!
sabre_tooth_tiger	arrival	A shining sabre-tooth tiger prowls in!
sabre_tooth_tiger	arrival	A sparkling sabre-tooth tiger prowls in!
sabre_tooth_tiger	arrival	A shadowy sabre-tooth tiger prowls in!
sabre_tooth_tiger	arrival	A shielded sabre-tooth tiger prowls in!
sabre_tooth_tiger	decay	A sabre-tooth tiger decays into a compost of fangs, fur and claws.
sabre_tooth_tiger	decay	A dazzling sabre-tooth tiger decays into a compost of fangs, fur and claws.
sabre_tooth_tiger	decay	A steadfast sabre-tooth tiger decays into a compost of fangs, fur and claws.
sabre_tooth_tiger	decay	A shining sabre-tooth tiger decays into a compost of fangs, fur and claws.
sabre_tooth_tiger	decay	A sparkling sabre-tooth tiger decays into a compost of fangs, fur and claws.
sabre_tooth_tiger	decay	A tenebrous sabre-tooth tiger decays into a compost of fangs, fur and claws.
sabre_tooth_tiger	decay	A shadowy sabre-tooth tiger decays into a compost of fangs, fur and claws.
sacristan_spirit	death	A sacristan spirit fades into oblivion.
sacristan_spirit	decay	A sacristan spirit fades into oblivion.
sand_beetle	death	The sand beetle falls to the ground and lies twitching for a moment before going still.
sand_beetle	death	The sand beetle kicks a leg one last time and lies still.
sand_beetle	flee	A sand beetle meanders {direction}.
sand_beetle	decay	A sand beetle's legs shrivel up beneath it as it decays into dust.
sand_devil	death	The sand devil screams one last time and dies.
sand_devil	death	The sand devil falls to the ground and dies.
sand_devil	arrival	A sand devil charges in.
savage_fork-tongued_wendigo	death	Rage flickers in the wendigo's eyes as it collapses, bloody maw still working hungrily until the last hint of life goes out of its form.
savage_fork-tongued_wendigo	flee	Heedless of its grievous wounds, a savage fork-tongued wendigo stalks {direction}.
savage_fork-tongued_wendigo	flee	A savage fork-tongued wendigo gets down on all fours and sprints {direction} at unnatural speed.
savage_fork-tongued_wendigo	flee	A savage fork-tongued wendigo's luminous eyes flare with unnatural light as it turns and stalks {direction}.
savage_fork-tongued_wendigo	flee	A savage fork-tongued wendigo just went through a break in the trees.
savage_fork-tongued_wendigo	flee	A savage fork-tongued wendigo just went into a thatched timber smithy.
savage_fork-tongued_wendigo	flee	A savage fork-tongued wendigo just went down a shrouded path.
savage_fork-tongued_wendigo	flee	A savage fork-tongued wendigo just went into a huge hoarbeam longhouse.
savage_fork-tongued_wendigo	flee	A savage fork-tongued wendigo just went into a huge hut.
savage_fork-tongued_wendigo	flee	A savage fork-tongued wendigo just went through a crumbling red stone maw.
savage_fork-tongued_wendigo	arrival	A savage fork-tongued wendigo steps in, eyes like luminous pools searching the surroundings.
savage_fork-tongued_wendigo	arrival	A savage fork-tongued wendigo steps in, luminous eyes hungrily eyeing the surroundings despite its grievous wounds.
savage_fork-tongued_wendigo	arrival	Eyes like twin pools of ghostly light materialize through the falling snow, illuminating the abominable shape of a savage fork-tongued wendigo.  The creature races forward with unnatural speed, mouth opening unnaturally wide as it bares rows of shark-like teeth.
savage_fork-tongued_wendigo	arrival	A savage fork-tongued wendigo stalks in, eyes like luminous pools searching the surroundings.
savage_fork-tongued_wendigo	arrival	A savage fork-tongued wendigo just arrived.
savage_fork-tongued_wendigo	arrival	A savage fork-tongued wendigo just came through a break in the trees.
savage_fork-tongued_wendigo	decay	Rot sets into a savage fork-tongued wendigo's body with unnatural speed, skin sloughing away to reveal greying muscle and rampant suppuration.  In moments, all that remain are yellowing bones and stinking effluvia.
scaly_burgee	flee	A scaly burgee grunts and waddles {direction}.
scaly_burgee	arrival	A scaly burgee waddles in and sniffs about.
scaly_burgee	decay	A scaly burgee decays away, leaving behind little more than dust.
scaly_needle_toothed_trenchling	flee	A scaly needle-toothed trenchling lifts her head, cocking it as if hearing something in the distance.  She abruptly flees, eyes glowing fiercely!
scaly_needle_toothed_trenchling	flee	A scaly needle-toothed trenchling lifts his head, cocking it as if hearing something in the distance.  He abruptly flees, eyes glowing fiercely!
scaly_needle_toothed_trenchling	flee	A scaly needle-toothed trenchling charges southwest on rawboned legs, {pronoun} webbed feet slapping the ground.
scaly_needle_toothed_trenchling	flee	A scaly needle-toothed trenchling charges south on rawboned legs, {pronoun} webbed feet slapping the ground.
scaly_needle_toothed_trenchling	flee	A scaly needle-toothed trenchling charges northeast on rawboned legs, {pronoun} webbed feet slapping the ground.
scaly_needle_toothed_trenchling	flee	A scaly needle-toothed trenchling limps south on rawboned legs, {pronoun} webbed feet slapping the ground.
scaly_needle_toothed_trenchling	arrival	A scaly needle-toothed trenchling charges in on rawboned legs, {pronoun} webbed feet slapping the ground.
scaly_needle_toothed_trenchling	arrival	A scaly needle-toothed trenchling limps in on rawboned legs, {pronoun} webbed feet slapping the ground.
sea_nymph	death	The sea nymph falls to the ground and dies.
sea_nymph	death	The sea nymph screams one last time and dies.
sea_nymph	flee	A sea nymph draped in seaweed and a wet, clinging robe slithers {direction} of a crevice.
sea_nymph	flee	A sea nymph heads {direction}.
sea_nymph	arrival	A sea nymph just arrived.
sea_nymph	decay	A sea nymph decays into compost.
seeker	death	The seeker mutters, "...the Eye, the Eye..." and lies still.
seeker	flee	A seeker moans as she shuffles {direction}.
seething_pestilent_vision	flee	A seething pestilent vision just went to some lichen-clad dark wooden docks.
seething_pestilent_vision	flee	A seething pestilent vision just went through a pair of inlaid bronze doors.
seething_pestilent_vision	flee	A seething pestilent vision just went up a warped oaken gangplank.
seething_pestilent_vision	flee	A seething pestilent vision just went through a sculpted stone arch.
seething_pestilent_vision	flee	A seething pestilent vision just went across a vine-covered wood suspension bridge.
seething_pestilent_vision	flee	A seething pestilent vision just went to a torchlit overgrown grotto.
seething_pestilent_vision	flee	A seething pestilent vision just went down a warped oaken gangplank.
seething_pestilent_vision	arrival	A seething pestilent vision just arrived from some lichen-clad dark wooden docks.
seething_pestilent_vision	arrival	A seething pestilent vision just arrived from a torchlit overgrown grotto.
seething_pestilent_vision	arrival	A seething pestilent vision just came through a sculpted stone arch.
seething_pestilent_vision	arrival	A seething pestilent vision just came through a pair of inlaid bronze doors.
seraceris	death	A seraceris fades into oblivion.
seraceris	flee	A seraceris glides {direction}.
shadow_mare	death	The shadow mare falls to the ground motionless.
shadow_mare	death	The shadow mare ceases all attempts at movement.
shadow_mare	flee	A shadow mare trots {direction}.
shadow_mare	flee	A shadow mare gallops {direction}.
shadow_mare	flee	A shadow mare runs {direction}.
shadow_mare	decay	A shadow mare's eyes go dim as she dissolves into the shadows.
shadow_steed	death	A shadow steed fades into oblivion.
shadow_steed	decay	A shadow steed fades into oblivion.
shambling_lurk	arrival	A shambling lurk just arrived.
shambling_lurk	arrival	Vital fluids seeping from its orifices, a shambling lurk shambles in with a piteous moan.
shambling_lurk	arrival	A shambling lurk totters in with a famished moan.
shambling_lurk	arrival	A shambling lurk just came through a polished acacia archway.
shambling_lurk	arrival	A shambling lurk just came through a pair of high bronze double doors.
shambling_lurk	arrival	A shambling lurk just came through a towering black ora gate.
shambling_lurk	decay	Decay rapidly races over a shambling lurk's form as it collapses into foul-smelling compost.
shan_bardess	death	The shan bard yips in pain as he falls to the ground motionless.
shan_bardess	death	A shan bard's body shimmers slightly.  Suddenly, his features cave in, falling grotesquely into a haunting visage of decay, before abruptly fraying to a pile of fur and fangs that marks the spot of his death like a silhouette.
shan_bardess	death	The shan bard howls out one last time and dies.
shan_bardess	flee	A shan bardess pads {direction}.
shan_bardess	flee	A shan bard pads {direction}.
shan_bardess	flee	A shan bardess limps {direction}.
shan_bardess	flee	A shan bardess just went into a decrepit gazebo.
shan_bardess	flee	A shan bardess just went into a dark tunnel.
shan_bardess	flee	A shan bardess just went through a rotting gate leading down to a vineyard.
shan_bardess	flee	A shan bardess just went through a rotting gate leading up to the overlook.
shan_bardess	arrival	A shan bardess arrives barking a rhythmic verse!
shan_bardess	arrival	A shan bard just arrived.
shan_bardess	arrival	A shan bard arrives barking a rhythmic verse!
shan_bardess	arrival	A shan bardess just arrived.
shan_bardess	arrival	A shan bardess just came through a rotting gate leading up to the overlook.
shan_bardess	decay	A small, green cloud of smelly gas rises from the body of a big ugly kobold as {pronoun} decays into compost.
shan_bardess	decay	The thick skin of a minotaur warrior falls in upon itself as his enormous form decays into a fine dust.
shan_cleric	death	The shan cleric howls out one last time and dies.
shan_cleric	death	The shan cleric yips in pain as {pronoun} falls to the ground motionless.
shan_cleric	death	A shan cleric's body shimmers slightly.  Suddenly, {pronoun} features cave in, falling grotesquely into a haunting visage of decay, before abruptly fraying to a pile of fur and fangs that marks the spot of {pronoun} death like a silhouette.
shan_cleric	flee	A shan cleric pads {direction}.
shan_cleric	flee	A shan cleric limps {direction}.
shan_empath	death	The shan empath howls out one last time and dies.
shan_empath	death	The shan empath yips in pain as {pronoun} falls to the ground motionless.
shan_empath	death	A shan empath's body shimmers slightly.  Suddenly, {pronoun} features cave in, falling grotesquely into a haunting visage of decay, before abruptly fraying to a pile of fur and fangs that marks the spot of {pronoun} death like a silhouette.
shan_empath	flee	A shan empath pads {direction}.
shan_empath	flee	A shan empath limps {direction}.
shan_empath	flee	A shan empath just went into a decrepit gazebo.
shan_empath	flee	A shan empath just went through a rotting gate leading down to a vineyard.
shan_empath	flee	A shan empath just went into a dark tunnel.
shan_empath	flee	A shan empath just went through a rotting gate leading up to the overlook.
shan_empath	arrival	A shan empath just arrived.
shan_empath	arrival	A shan empath plods in snarling to the spirits!
shan_empath	arrival	A shan empath just came through a rotting gate leading down to a vineyard.
shan_ranger	death	The shan ranger howls out one last time and dies.
shan_ranger	death	The shan ranger yips in pain as {pronoun} falls to the ground motionless.
shan_ranger	death	A shan ranger's body shimmers slightly.  Suddenly, {pronoun} features cave in, falling grotesquely into a haunting visage of decay, before abruptly fraying to a pile of fur and fangs that marks the spot of {pronoun} death like a silhouette.
shan_ranger	flee	A shan ranger pads {direction}.
shan_ranger	flee	A shan ranger limps {direction}.
shan_rogue	death	The shan rogue yips in pain as {pronoun} falls to the ground motionless.
shan_rogue	death	The shan rogue howls out one last time and dies.
shan_rogue	death	A shan rogue's body shimmers slightly.  Suddenly, {pronoun} features cave in, falling grotesquely into a haunting visage of decay, before abruptly fraying to a pile of fur and fangs that marks the spot of {pronoun} death like a silhouette.
shan_rogue	flee	A shan rogue pads {direction}.
shan_shaman	death	The shan shaman yips in pain as {pronoun} falls to the ground motionless.
shan_shaman	death	The shan shaman howls out one last time and dies.
shan_shaman	death	The shan shaman shudders and falls to the ground motionless.
shan_shaman	death	A shan shaman's body shimmers slightly.  Suddenly, {pronoun} features cave in, falling grotesquely into a haunting visage of decay, before abruptly fraying to a pile of fur and fangs that marks the spot of {pronoun} death like a silhouette.
shan_shaman	flee	A shan shaman pads {direction}.
shan_shaman	arrival	A shan shaman wanders in chanting an orison!
shan_sorceress	death	The shan sorcerer yips in pain as he falls to the ground motionless.
shan_sorceress	death	The shan sorceress yips in pain as she falls to the ground motionless.
shan_sorceress	death	The shan sorcerer howls out one last time and dies.
shan_sorceress	death	A shan sorcerer's body shimmers slightly.  Suddenly, his features cave in, falling grotesquely into a haunting visage of decay, before abruptly fraying to a pile of fur and fangs that marks the spot of his death like a silhouette.
shan_sorceress	flee	A shan sorcerer pads {direction}.
shan_sorceress	flee	A shan sorceress pads {direction}.
shan_sorceress	flee	A shan sorceress just went into a dark tunnel.
shan_sorceress	flee	A shan sorceress just went into a decrepit gazebo.
shan_sorceress	flee	A shan sorceress just went through a rotting gate leading down to a vineyard.
shan_sorceress	arrival	A shan sorceress saunters in growling phrases of magic!
shan_sorceress	arrival	A shan sorcerer saunters in growling phrases of magic!
shan_sorceress	arrival	A shan sorceress just arrived.
shan_sorceress	arrival	A shan sorceress just came through a rotting gate leading up to the overlook.
shan_sorceress	arrival	A shan sorceress just came through a rotting gate leading down to a vineyard.
shan_warrior	death	The shan warrior howls out one last time and dies.
shan_warrior	death	The shan warrior yips in pain as {pronoun} falls to the ground motionless.
shan_warrior	death	A shan warrior's body shimmers slightly.  Suddenly, {pronoun} features cave in, falling grotesquely into a haunting visage of decay, before abruptly fraying to a pile of fur and fangs that marks the spot of {pronoun} death like a silhouette.
shan_warrior	flee	A shan warrior pads {direction}.
shan_warrior	flee	A shan warrior limps {direction}.
shan_warrior	flee	A shan warrior whimpers as {pronoun} slowly backs away, {pronoun} teeth bared.
shan_wizard	death	The shan wizard twitches violently, then dies.
shan_wizard	death	The shan wizard yips in pain as {pronoun} falls to the ground motionless.
shan_wizard	death	The shan wizard howls out one last time and dies.
shan_wizard	death	A shan wizard's body shimmers slightly.  Suddenly, {pronoun} features cave in, falling grotesquely into a haunting visage of decay, before abruptly fraying to a pile of fur and fangs that marks the spot of {pronoun} death like a silhouette.
shan_wizard	flee	A shan wizard pads west.
shan_wizard	arrival	A shan wizard ambles in muttering arcane phrases of magic!
shelfae_assailant	death	The shelfae assailant falls to the ground and dies.
shelfae_assailant	death	The shelfae assailant screams one last time and dies.
shelfae_assailant	flee	A shelfae assailant runs {direction}.
shelfae_assailant	flee	A shelfae assailant limps {direction}.
shelfae_assailant	arrival	A shelfae assailant just arrived.
shelfae_assailant	decay	An assailant crumbles into dust.
shelfae_chieftain	death	The shelfae chieftain falls to the ground and dies.
shelfae_chieftain	death	The shelfae chieftain screams one last time and dies.
shelfae_chieftain	death	The shelfae chieftain twitches violently, then dies.
shelfae_chieftain	flee	A shelfae chieftain runs {direction}.
shelfae_chieftain	arrival	A shelfae chieftain just arrived.
shelfae_chieftain	decay	A chieftain crumbles into dust.
shelfae_guard	death	The shelfae guard falls to the ground and dies.
shelfae_guard	death	The shelfae guard screams one last time and dies.
shelfae_guard	flee	A shelfae guard runs {direction}.
shelfae_guard	arrival	A shelfae guard just arrived.
shelfae_guard	decay	A guard crumbles into dust.
shelfae_soldier	death	The shelfae soldier falls to the ground and dies.
shelfae_soldier	death	The shelfae soldier screams one last time and dies.
shelfae_soldier	flee	A shelfae soldier runs {direction}.
shelfae_soldier	arrival	A shelfae soldier just arrived.
shelfae_soldier	decay	A soldier crumbles into dust.
shelfae_warlord	death	The shelfae warlord falls to the ground and dies.
shelfae_warlord	death	The shelfae warlord screams one last time and dies.
shelfae_warlord	arrival	A shelfae warlord just arrived.
shelfae_warlord	decay	A warlord crumbles into dust.
sheruvian_harbinger	death	The Sheruvian harbinger collapses on the ground and lies still.
sheruvian_harbinger	death	The Sheruvian harbinger releases a horrible wail then lies still.
sheruvian_harbinger	arrival	A Sheruvian harbinger just arrived, limping badly.
sheruvian_harbinger	arrival	A Sheruvian harbinger just arrived.
sheruvian_initiate	death	A Sheruvian initiate lunges at you, exclaiming, "I've seen children put up a better fight than this fool!  Now he dies!"
sheruvian_initiate	death	The Sheruvian initiate screams emotionlessly one last time and lies still.
sheruvian_initiate	death	The Sheruvian initiate falls to the ground and lies still.
sheruvian_initiate	arrival	A Sheruvian initiate just came through a sculpted black vaalin arch.
sheruvian_initiate	arrival	A Sheruvian initiate just came through a polished engraved maoral door.
sheruvian_initiate	arrival	A Sheruvian initiate just came through a small wooden door.
sheruvian_initiate	arrival	A Sheruvian initiate just came through a sturdy iron-bound door.
sheruvian_initiate	arrival	A Sheruvian initiate just came through a curtained polished ivory arch.
sheruvian_monk	death	The Sheruvian monk screams emotionlessly one last time and lies still.
sheruvian_monk	death	The Sheruvian monk falls to the ground and lies still.
sheruvian_monk	arrival	A Sheruvian monk just arrived.
sheruvian_monk	arrival	A Sheruvian monk just came through a sculpted black vaalin arch.
sheruvian_monk	arrival	A Sheruvian monk just came through a polished engraved maoral door.
sheruvian_monk	arrival	A Sheruvian monk just came through an iron-bound heavy modwir door.
sheruvian_monk	arrival	A Sheruvian monk just came through some polished maoral double doors.
sheruvian_monk	arrival	A Sheruvian monk just came through a curtained polished ivory arch.
sheruvian_monk	arrival	A Sheruvian monk just came through an ornate black marble arch.
shining_winged_disir	flee	A shining winged disir withdraws, disengaging from {target}.
shining_winged_disir	flee	A shining winged disir just went through a crumbling red stone maw.
shining_winged_disir	flee	A shining winged disir just went through a breached red stone wall.
shining_winged_disir	flee	A shining winged disir just went through a pocked red stone arch.
shining_winged_disir	flee	A shining winged disir just went through a pair of colossal red stone pillars.
shining_winged_disir	flee	A shining winged disir stalks west, {pronoun} radiant wings illuminating the way before {pronoun}.
shining_winged_disir	flee	A shining winged disir stalks south, {pronoun} radiant wings illuminating the way before {pronoun}.
shining_winged_disir	flee	A shining winged disir stalks north, {pronoun} radiant wings illuminating the way before {pronoun}.
shining_winged_disir	flee	A shining winged disir stalks east, {pronoun} radiant wings illuminating the way before {pronoun}.
shining_winged_disir	arrival	A shining winged disir just came through a pocked red stone arch.
shining_winged_disir	arrival	A shining winged disir just came through a breached red stone wall.
shrickhen	death	A shrickhen's arms, legs and head separate from {pronoun} torso as the dissimilar parts finally fall still.
shrickhen	arrival	A shrickhen rushes in, snarling and gibbering!
shrickhen	arrival	A shrickhen rushes in, {pronoun} form weaving and shaking as {pronoun} parts attempt to work together.
shrickhen	decay	A shrickhen's parts decay away.
shriveled_icy_creeper	death	A shriveled icy creeper collapses to the ground, twitches one last time and dies.
shriveled_icy_creeper	death	A shriveled icy creeper twitches one last time and dies.
shriveled_icy_creeper	flee	A shriveled icy creeper creeps {direction}.
sidewinder	flee	A white sidewinder cuts a winding path across the floor as it slithers {direction}.
sidewinder	arrival	A white sidewinder slithers in, silent as a pale shadow.
silverback_orc	death	A silverback orc curls up in the snow and dies.
silverback_orc	death	A silverback orc curls up and dies.
silverback_orc	flee	A silverback orc runs {direction}.
silverback_orc	arrival	A silverback orc barrels in, {pronoun} face contorted in anger.
siren	death	The siren gives a plaintive wail before she slumps to her side and dies.
siren	flee	A siren just went up a spiral staircase.
siren	flee	A siren just went down some descending stairs.
siren	flee	A siren just went down a carved marble staircase leading to the submerged dais.
siren	arrival	A siren arrives, warbling softly.
siren	arrival	A siren just arrived.
siren	arrival	A siren just came through a crumbling arch.
siren	decay	A siren decays into compost.
siren	decay	The siren's soft aura fades and her flesh crumbles to reveal the corpse of a hideous scaled creature, which then quickly decays away.
siren	decay	A deft siren decays into compost.
siren	decay	A sickly green siren decays into compost.
siren_lizard	death	The siren lizard falls to the ground and dies.
siren_lizard	death	The siren lizard hisses one last time and dies.
siren_lizard	death	The siren lizard twitches violently, then dies.
siren_lizard	flee	A siren lizard heads {direction}.
siren_lizard	flee	A siren lizard just went across a footbridge.
siren_lizard	flee	A siren lizard just went into a storage building.
siren_lizard	flee	A siren lizard just went into a warehouse.
siren_lizard	arrival	A siren lizard just arrived.
siren_lizard	arrival	A siren lizard charges in.
siren_lizard	decay	A siren lizard decays into compost.
skayl	death	The skayl goes limp and it falls over as the fire slowly fades from its eyes.
skayl	arrival	A skayl rises from a pool of steaming liquid glaes!
skayl	arrival	A skayl rises from a pool of steaming liquid glaes rumbling in pain!
skayl	decay	Bright orange lava oozes out of the skayl before it crumbles into a lifeless pile of glaes.
skeletal_giant	death	A skeletal giant falls to the ground in a clattering, motionless heap.
skeletal_giant	flee	A skeletal giant runs {direction}.
skeletal_giant	arrival	A skeletal giant just arrived.
skeletal_giant	decay	A skeletal giant turns to dust.
skeletal_ice_troll	death	The ice troll falls to the ground motionless.
skeletal_ice_troll	death	The ice troll screams evilly one last time and goes still.
skeletal_ice_troll	flee	A skeletal ice troll runs {direction}.
skeletal_ice_troll	arrival	A skeletal ice troll just arrived.
skeletal_lord	death	The skeletal lord falls to the ground motionless.
skeletal_lord	death	The skeletal lord wails in terrifying pain one last time and lies still.
skeletal_lord	death	The skeletal lord falls to the floor dead, {pronoun} calcified bones still pulsating with a blinding white hue.
skeletal_lord	flee	A skeletal lord shambles {direction}.
skeletal_lord	flee	A skeletal lord wails madly as it limps {direction}.
skeletal_lord	flee	A skeletal lord just went through some barn doors.
skeletal_lord	flee	A skeletal lord just went through a stout wooden door.
skeletal_lord	flee	A skeletal lord just went through a stone arch.
skeletal_lord	arrival	A skeletal lord shambles in!
skeletal_soldier	death	The skeletal soldier struggles to rise to its feet, but soon lies still.
skeletal_soldier	death	The skeletal soldier falls to the ground dead, {pronoun} calcified bones still pulsating with a blinding white hue.
skeletal_soldier	flee	A skeletal soldier clatters {direction}.
skeletal_soldier	flee	A skeletal soldier backs away.
skeletal_soldier	flee	A skeletal soldier backs away with {pronoun} iron morning star dragging along the ground in front of {pronoun}.
skeletal_soldier	flee	A skeletal soldier backs away with {pronoun} {weapon} dragging along the ground in front of {pronoun}.
skeletal_soldier	decay	A skeletal soldier crumbles to a fine white powder.
skeletal_warhorse	death	The skeletal warhorse falls to the ground motionless.
skeletal_warhorse	death	The skeletal warhorse wails in terrifying pain one last time and lies still.
skeletal_warhorse	death	The skeletal warhorse falls to the ground dead, {pronoun} calcified bones still pulsating with a blinding white hue.
skeletal_warhorse	flee	A skeletal warhorse gallops {direction}.
skeletal_warhorse	flee	A skeletal warhorse just went through a soot-stained wooden door.
skeletal_warhorse	flee	A skeletal warhorse just went through some barn doors.
skeletal_warhorse	flee	A skeletal warhorse just went through a stout wooden door.
skeletal_warhorse	flee	A skeletal warhorse slowly trots east, whinnying in pain.
skeletal_warhorse	arrival	A skeletal warhorse just arrived.
skeleton	death	The skeleton falls to the ground motionless.
skeleton	death	The skeleton screams evilly one last time and goes still.
skeleton	arrival	A skeleton just arrived!
skeleton	arrival	A skeleton just arrived.
skeleton	decay	A skeleton turns to dust.
sleek_black_kiramon_stalker	death	A sleek black kiramon stalker goes still, and for a moment {pronoun} seems to blend with the surrounding shadows.
sleek_black_kiramon_stalker	flee	A sleek black kiramon stalker skitters up to your corpse on silent, chitinous legs, prodding you to see if you will move.
sleek_black_kiramon_stalker	arrival	A sleek black kiramon stalker creeps in on stick-like legs, making nary a sound.
slimy_little_grub	death	The grub rolls over and dies.
slimy_little_grub	flee	A slimy little grub slithers {direction}.
slimy_little_grub	arrival	A slimy little grub crawls in, leaving a trail of slime in its wake.
slimy_little_grub	decay	A slimy little grub decays into compost.
smouldering_skeletal_dreadsteed	flee	A smouldering skeletal dreadsteed limps visibly as {pronoun} charges north.
smouldering_skeletal_dreadsteed	flee	A smouldering skeletal dreadsteed limps visibly as {pronoun} charges east.
smouldering_skeletal_dreadsteed	flee	A smouldering skeletal dreadsteed limps visibly as {pronoun} charges west.
smouldering_skeletal_dreadsteed	arrival	A smouldering skeletal dreadsteed just came through a wrought black iron gate.
smouldering_skeletal_dreadsteed	arrival	A smouldering skeletal dreadsteed just came through a heavy steel portcullis.
smouldering_skeletal_dreadsteed	arrival	A smouldering skeletal dreadsteed just came through some vaulting grey stone doors.
smouldering_skeletal_dreadsteed	arrival	A smouldering skeletal dreadsteed charges in, carrying {target}.
smouldering_skeletal_dreadsteed	arrival	A smouldering skeletal dreadsteed charges in, limping visibly.
smouldering_skeletal_dreadsteed	arrival	A smouldering skeletal dreadsteed canters in, ridden by an infernal death knight.
smouldering_skeletal_dreadsteed	arrival	A smouldering skeletal dreadsteed limps in, {pronoun} ossified legs wobbling with the effort of carrying an infernal death knight.
smouldering_skeletal_dreadsteed	arrival	A smouldering skeletal dreadsteed canters in, azure sparks flying from {pronoun} fiery mane.
snow_crone	death	The snow crone cries out in cold agony one last time and dies.
snow_crone	death	The snow crone falls to the ground motionless.
snow_leopard	death	The snow leopard lets out a final caterwaul and dies.
snow_leopard	death	The snow leopard crumples to the ground and dies.
snow_leopard	flee	A snow leopard bounds {direction}.
snow_leopard	arrival	A snow leopard just arrived.
snow_leopard	decay	A snow leopard decays into a compost of fangs, fur and claws.
snow_madrinol	death	The snow madrinol flips onto its back, kicks several times and dies.
snow_madrinol	death	The snow madrinol rolls over onto its back, kicks several times and dies.
snow_madrinol	flee	A snow madrinol lumbers {direction}, grumbling in pain.
snow_madrinol	flee	A snow madrinol rumbles {direction}.
snow_madrinol	arrival	A snow madrinol lumbers in pushing a fetid unwashed odor before it!
snow_madrinol	arrival	A snow madrinol lumbers in, grumbling in pain.
snow_spectre	death	The snow spectre falls to the ground motionless.
snow_spectre	death	The snow spectre screams evilly one last time and goes still.
snow_spectre	arrival	A snow spectre just arrived.
snow_spectre	decay	A snow spectre turns to dust.
snowy_cockatrice	death	The snowy cockatrice rolls over on its back, emits a final screech and dies.
snowy_cockatrice	flee	A snowy cockatrice thunders {direction}.
snowy_cockatrice	arrival	A snowy cockatrice just arrived!
snowy_cockatrice	decay	A snowy cockatrice decays into a useless pile of scales and feathers.
soldier_ant	death	The soldier ant feebly twitches a feeler one last time and dies.
soldier_ant	death	The soldier ant falls to the ground and dies, its feelers twitching.
soldier_ant	arrival	A soldier ant just arrived.
soldier_ant	decay	A soldier ant decays into compost.
soul_golem	death	The soul golem falls to the floor dead, {pronoun} husk still pulsating with a blinding white hue.
spectacled_bear	death	The spectacled bear collapses heavily into a heap on the ground and dies.
spectacled_bear	death	The spectacled bear lets out a blood-curdling roar and dies.
spectacled_bear	flee	A spectacled bear lumbers {direction}.
spectacled_bear	flee	A spectacled bear slowly lumbers {direction}, growling in pain.
spectacled_bear	flee	A spectacled bear slowly backs away, {pronoun} teeth bared.
spectacled_bear	flee	A spectacled bear shudders and lumbers south, snarling in agony.
spectacled_bear	flee	A spectacled bear shudders and lumbers east, snarling in agony.
spectacled_bear	arrival	A spectacled bear lumbers in!
spectacled_bear	arrival	A spectacled bear slowly lumbers in, growling in pain!
spectacled_bear	arrival	A spectacled bear lumbers noisily into the area drooling hungrily!
spectacled_bear	arrival	A spectacled bear shudders and lumbers in, snarling in agony!
spectacled_bear	decay	A spectacled bear decays into a compost of fangs, fur and claws.
spectral_fisherman	death	The spectral fisherman falls to the ground motionless.
spectral_fisherman	arrival	A spectral fisherman just arrived!
spectral_fisherman	arrival	A spectral fisherman just arrived.
spectral_fisherman	decay	A spectral fisherman turns to dust.
spectral_lord	death	A spectral lord dissipates into ethereal wisps.
spectral_lord	flee	A spectral lord floats {direction}.
spectral_miner	death	The spectral miner falls to the ground motionless.
spectral_miner	death	The spectral miner ceases all attempts at movement.
spectral_miner	flee	A spectral miner heads {direction}.
spectral_miner	flee	A ready spectral miner heads {direction}.
spectral_miner	arrival	A spectral miner just arrived.
spectral_miner	arrival	A ready spectral miner just arrived.
spectral_miner	decay	A spectral miner quickly crumbles into the ground in front of your eyes.
spectral_monk	death	A spectral monk fades into oblivion.
spectral_monk	decay	A spectral monk fades into oblivion.
spectral_shade	death	A spectral shade fades into oblivion.
spectral_shade	flee	A spectral shade floats {direction}.
spectral_shade	decay	A spectral shade fades into oblivion.
spectral_triton_defender	death	The triton defender fades into transparency, {pronoun} remnants rapidly dissolving into the air.
spectral_triton_defender	death	The spectral form of the triton defender tenses in agony as {pronoun} begins to dissolve from the bottom up!
spectral_triton_defender	flee	A spectral triton defender just went through a crumbling arch.
spectral_triton_defender	flee	A spectral triton defender just went down some short descending stairs.
spectral_triton_defender	flee	A spectral triton defender just went across a wide stone causeway.
spectral_triton_defender	flee	A spectral triton defender hurtles {reflexive} at you with great speed, but flies slightly off center of {pronoun} target and tumbles to the water with a splash!
spectral_triton_defender	arrival	A spectral triton defender just arrived.
spectral_triton_defender	arrival	A spectral triton defender just came through a crumbling arch.
spectral_triton_defender	arrival	A spectral triton defender rushes in with powerful strides, {pronoun} slender tail flickering behind {pronoun}!
spectral_triton_defender	decay	The siren's soft aura fades and her flesh crumbles to reveal the corpse of a hideous scaled creature, which then quickly decays away.
spectral_triton_protector	death	The triton protector fades into transparency, {pronoun} remnants rapidly dissolving into the air.
spectral_triton_protector	death	A spectral triton protector goes limp as the last of {pronoun} life is crushed from {pronoun} by {target} unyielding bearhug!
spectral_triton_protector	death	A spectral triton protector goes limp as the last of {pronoun} energy is crushed from {pronoun} by {target} unyielding bearhug!
spectral_triton_protector	death	A spectral triton protector falls to the ground and rolls, trying to smother the flames that surround {pronoun}.
spectral_triton_protector	flee	A spectral triton protector heads {direction}.
spectral_triton_protector	arrival	A spectral triton protector just arrived.
spectral_triton_protector	arrival	A spectral triton protector rushes in with powerful strides, {pronoun} slender tail flickering behind {pronoun}!
spectral_warrior	death	A spectral warrior dissipates into ethereal wisps.
spectral_warrior	flee	A spectral warrior strides {direction}!
spectral_warrior	arrival	A spectral warrior strides in!
spectral_woodsman	death	A spectral woodsman fades into oblivion.
spectral_woodsman	flee	A spectral woodsman floats {direction}.
spectral_woodsman	decay	A spectral woodsman fades into oblivion.
spectre	death	The spectre falls to the ground motionless.
spectre	death	The shadowy spectre falls to the ground motionless.
spectre	flee	A luminous spectre floats {direction}.
spectre	arrival	A spectre just arrived.
spectre	arrival	A shadowy spectre just arrived.
spectre	decay	A spectre turns to dust.
spectre	decay	A shadowy spectre turns to dust.
spiked_cavern_urchin	decay	Spines litter the ground as the cavern urchin crumbles into a pile of splinters and skin.
spiked_cavern_urchin	decay	A spiked cavern urchin simply withers away, bits of grayish dust scattered about in its wake.
spotted_gak	death	The spotted gak collapses to the ground, emits a final bellow, and dies.
spotted_gak	death	The spotted gak lets out a final agonized bellow and dies.
spotted_gak	flee	A spotted gak gallops {direction}.
spotted_gak	flee	A spotted gak snorts as {pronoun} slowly backs away.
spotted_gak	arrival	A spotted gak charges in, flaring {pronoun} nostrils angrily!
spotted_gak	decay	A spotted gak decays into a pile of fur and bone.
spotted_gnarp	death	The spotted gnarp collapses to the ground, emits a final cry, and dies.
spotted_gnarp	death	The spotted gnarp lets out a final agonized cry and dies.
spotted_gnarp	death	The spotted gnarp collapses to the ground, emits a final silent cry, and dies.
spotted_gnarp	flee	A spotted gnarp trots {direction}.
spotted_gnarp	flee	A spotted gnarp just went through the barn door.
spotted_gnarp	flee	A spotted gnarp snorts as {pronoun} slowly backs away.
spotted_gnarp	arrival	A spotted gnarp springs in and lands with a clatter of hooves.
spotted_gnarp	arrival	A spotted gnarp just came through the barn door.
spotted_gnarp	arrival	A spotted gnarp trots in!
spotted_gnarp	decay	A spotted gnarp decays into a pile of fur and bone.
spotted_leaper	death	The spotted leaper collapses to the ground, emits a final snarl, and dies.
spotted_leaper	death	The spotted leaper twitches and dies.
spotted_leaper	death	The spotted leaper collapses to the ground, emits a final silent snarl, and dies.
spotted_leaper	flee	A spotted leaper bounds {direction}.
spotted_leaper	flee	A spotted leaper growls as {pronoun} slowly backs away.
spotted_leaper	decay	A spotted leaper decays into a pile of hair and bone.
spotted_lynx	death	The spotted lynx crumples to the ground and dies.
spotted_lynx	death	The spotted lynx lets out a final caterwaul and dies.
spotted_lynx	flee	A spotted lynx darts {direction}.
spotted_lynx	decay	A spotted lynx decays into a compost of fangs, fur and claws.
squamous_reptilian_mutant	death	A squamous reptilian mutant collapses, reaching out one clawed hand to the heavens. A look of sorrow crosses {pronoun} face as death claims {pronoun} and the misshapen hand falls to {pronoun} side.
squamous_reptilian_mutant	flee	A squamous reptilian mutant just went through a pair of colossal red stone pillars.
squamous_reptilian_mutant	flee	A squamous reptilian mutant just went through a ragged acid-pocked gash.
squamous_reptilian_mutant	flee	A squamous reptilian mutant just went through a pocked red stone arch.
squamous_reptilian_mutant	flee	A squamous reptilian mutant scuttles east, claws clenched over {pronoun} belly.
squamous_reptilian_mutant	arrival	A squamous reptilian mutant crawls in before rising into a lopsided crouch.
squamous_reptilian_mutant	arrival	A squamous reptilian mutant scuttles in, a pained expression further twisting {pronoun} disfigured features.
squamous_reptilian_mutant	arrival	A squamous reptilian mutant just came through a break in the trees.
squamous_reptilian_mutant	arrival	A squamous reptilian mutant just came through a pocked red stone arch.
steam_dervish	death	The steam dervish falls to the ground, leaking steam profusely.
steam_dervish	death	The steam dervish fumes with rage as she crumples to the ground!  Hot steam sprays out from her severed right leg thrashing on the ground!
steam_dervish	death	The steam dervish fumes with rage as he crumples to the ground!  Hot steam sprays out from his severed left leg thrashing on the ground!
steam_dervish	death	The steam dervish exhales {pronoun} last breath directly at you!
steam_dervish	decay	Thin blue lines of magical energy crackle over the body of a phantasmal bestial swordsman before he dissolves, leaving a puddle of liquid and the smell of ozone in the air.
steam_dervish	decay	The thick skin of a minotaur warrior falls in upon itself as his enormous form decays into a fine dust.
steam_dervish	decay	A steam dervish evaporates away.
steel_golem	death	A steel golem freezes completely before falling to the floor in pieces.
steel_golem	arrival	A steel golem arrives, emitting a horrible screeching noise.
steel_golem	arrival	A steel golem strides in, head swiveling and gears twirling rapidly.
stone_gargoyle	death	The stone gargoyle falls to the ground dead, {pronoun} stone hide still pulsating with a blinding white hue.
stone_gargoyle	flee	A stone gargoyle heads {direction}.
stone_gargoyle	flee	A stone gargoyle limps {direction}.
stone_gargoyle	arrival	A stone gargoyle just arrived.
stone_gargoyle	decay	A stone gargoyle crumbles to dust.
stone_giant	death	The stone giant rumbles in agony and goes still.
stone_giant	death	The stone giant shudders and goes still.
stone_giant	death	The stone giant falls to the floor dead, {pronoun} stone hide still pulsating with a blinding white hue.
stone_giant	flee	A stone giant crawls {direction}.
stone_giant	flee	A stone giant sinks into the ground and tunnels {direction}.
stone_giant	arrival	A stone giant just arrived.
stone_giant	arrival	The ground shakes as an enraged stone giant stomps in!
stone_giant	arrival	A stone giant just came through an enormous arched doorway.
stone_giant	decay	A stone giant sinks into the ground, leaving nothing behind.
stone_mastiff	death	The stone mastiff falls to the ground and dies.
stone_mastiff	death	The stone mastiff rolls over and dies.
stone_mastiff	flee	A stone mastiff barrels {direction}.
stone_mastiff	flee	A stone mastiff crawls {direction}.
stone_mastiff	flee	A stone mastiff whimpers as {pronoun} slowly backs away, {pronoun} teeth bared.
stone_mastiff	arrival	A stone mastiff just came through an enormous arched doorway.
stone_mastiff	arrival	A stone mastiff barrels into the area, drooling hungrily!
stone_mastiff	arrival	A stone mastiff barrels in!
stone_mastiff	decay	A stone mastiff crumbles into a pile of rubble.
stone_sentinel	flee	A stone sentinel heads {direction}.
stone_sentinel	arrival	A stone sentinel just arrived.
stone_sentinel	decay	A stone sentinel crumbles to dust.
stone_troll	death	The stone troll topples to the ground motionless.
stone_troll	death	The stone troll shudders violently for a moment, then goes still.
stone_troll	flee	There is a loud rumbling as a stone troll crawls out of the ground!
stone_troll	arrival	The ground shakes as an enraged stone troll stomps in!
stone_troll	decay	A stone troll sinks into the ground, leaving nothing behind.
stooped_being	flee	A stooped being looks around, then hobbles {direction}.
stooped_being	flee	A stooped being hobbles {direction}, looking about carefully.
stooped_being	arrival	A stooped being hobbles in, looking about carefully.
stooped_being	arrival	A stooped being stumbles in, the face in {pronoun} chest grinning wickedly.
stooped_titan_stormcaller	death	A ragged gasp fills a stooped titan stormcaller's lungs with a last breath that wooshes out as {pronoun} dies.
stooped_titan_stormcaller	arrival	A gust of wind and a flash of lightning herald the arrival of a stooped titan stormcaller as {pronoun} lumbers in.
stooped_titan_stormcaller	arrival	A stooped titan stormcaller strides in, each step like a peal of thunder.
stooped_titan_stormcaller	arrival	A stooped titan stormcaller stiffly strides in, each step like a peal of thunder.
storm_giant	death	The storm giant howls in agony one last time and dies.
storm_giant	death	The storm giant twitches violently, then dies.
storm_giant	death	The storm giant crumples to the ground motionless.
storm_giant	flee	A storm giant lumbers {direction}, surrounded by a raging storm!
storm_giant	flee	A storm giant lumbers {direction}, surrounded by a raging storm.
storm_giant	arrival	A storm giant lumbers in, surrounded by a raging storm!
storm_griffin	death	The storm griffin writhes in agony, its wings flapping fruitlessly as it dies.
storm_griffin	death	The storm griffin crashes to the ground, motionless.
storm_griffin	flee	A storm griffin flies {direction}.
storm_griffin	arrival	A storm griffin just arrived.
storm_griffin	decay	The storm griffin decays into a pile of feathers and fur.
storm_hound	death	The storm hound lets out one last whimpering sigh of sparks and blue mist and dies.
storm_hound	flee	A storm hound pads {direction}, a static-charged blue mist puffing from {pronoun} nostrils.
storm_hound	decay	A storm hound decays into a compost of fur and fangs.
striped_gak	death	The striped gak collapses to the ground, emits a final bellow, and dies.
striped_gak	death	The striped gak lets out a final agonized bellow and dies.
striped_gak	death	The striped gak collapses to the ground, emits a final silent bellow, and dies.
striped_gak	flee	A striped gak gallops {direction}.
striped_gak	flee	A striped gak snorts as {pronoun} slowly backs away.
striped_gak	arrival	A striped gak charges in, flaring {pronoun} nostrils angrily!
striped_gak	decay	A striped gak decays into a pile of fur and bone.
striped_relnak	death	The striped relnak hisses one last time and dies.
striped_relnak	death	The striped relnak falls back into a heap and dies.
striped_relnak	flee	The relnak scampers {direction}.
striped_relnak	arrival	A striped relnak scampers in.
striped_relnak	arrival	A striped relnak charges into the area!
striped_relnak	decay	A striped relnak decays into compost.
striped_warcat	death	The striped warcat lets out a final caterwaul and dies.
striped_warcat	death	The striped warcat crumples to the ground and dies.
striped_warcat	flee	A striped warcat stalks {direction}.
striped_warcat	arrival	A striped warcat stalks in!
striped_warcat	decay	A striped warcat decays into a compost of fangs, fur and claws.
stunted_halfling_bloodspeaker	death	A stunted halfling bloodspeaker's eyes bulge as {pronoun} stares toward the heavens, mouthing a gurgling prayer as {pronoun} succumbs to death.
stunted_halfling_bloodspeaker	death	A stunted halfling bloodspeaker's body collapses in upon itself as if everything solid within has turned to liquid, the sanguine remains oozing out of the remaining folds of skin.
stunted_halfling_bloodspeaker	flee	Ebon eyes darting about in paranoia, a stunted halfling bloodspeaker hurries {direction}.
stunted_halfling_bloodspeaker	flee	A stunted halfling bloodspeaker just went into a thatched timber smithy.
stunted_halfling_bloodspeaker	arrival	A stunted halfling bloodspeaker hurries in, ebon eyes darting about in paranoia.
stunted_halfling_bloodspeaker	arrival	A stunted halfling bloodspeaker just arrived.
stunted_halfling_bloodspeaker	arrival	A stunted halfling bloodspeaker just came through a break in the trees.
stunted_halfling_bloodspeaker	arrival	A stunted halfling bloodspeaker just came through a cracked black granite arch.
stunted_halfling_bloodspeaker	decay	A stunted halfling bloodspeaker's body collapses in upon itself as if everything solid within has turned to liquid, the sanguine remains oozing out of the remaining folds of skin.
supple_ivasian_inciter	death	The Ivasian inciter twitches violently, then dies.
supple_ivasian_inciter	death	A supple ivasian inciter begins to mouth a desperate prayer, but death stifles {pronoun}.
supple_ivasian_inciter	flee	A supple Ivasian inciter just went across a vine-covered wood suspension bridge.
supple_ivasian_inciter	flee	A supple Ivasian inciter just went to a torchlit overgrown grotto.
supple_ivasian_inciter	flee	A supple Ivasian inciter just went to some lichen-clad dark wooden docks.
supple_ivasian_inciter	flee	A supple Ivasian inciter just went through a pair of inlaid bronze doors.
supple_ivasian_inciter	flee	A supple Ivasian inciter just went up a warped oaken gangplank.
supple_ivasian_inciter	flee	A supple Ivasian inciter just went down a warped oaken gangplank.
supple_ivasian_inciter	flee	A supple Ivasian inciter just went through a sculpted stone arch.
supple_ivasian_inciter	arrival	A supple Ivasian inciter arrives in a sleek swirl of robes, {pronoun} tattoos flaring a toxic green before settling into an uneven pulsing pattern reminiscent of an erratic heartbeat.
supple_ivasian_inciter	arrival	A supple Ivasian inciter strides in with a smooth, rolling gait.
supple_ivasian_inciter	arrival	A supple Ivasian inciter strides in with a stiff but rolling gait, his face tight with pain.
supple_ivasian_inciter	arrival	A supple Ivasian inciter just arrived from some lichen-clad dark wooden docks.
supple_ivasian_inciter	arrival	A supple Ivasian inciter just arrived.
supple_ivasian_inciter	arrival	A supple Ivasian inciter just came through a sculpted stone arch.
swamp_hag	flee	A swamp hag hobbles {direction}.
swamp_hag	arrival	A swamp hag trudges in, a weary mask set on {pronoun} face!
swamp_troll	death	The swamp troll falls to the ground and dies.
swamp_troll	death	The swamp troll screams one last time and dies.
swamp_troll	flee	A swamp troll heads {direction}.
swamp_troll	arrival	A swamp troll just arrived!
swamp_troll	decay	A swamp troll decays into compost.
swirling_spectre	flee	A swirling spectre floats {direction}.
swirling_spectre	arrival	The wind manifests into a swirling spectre!
tattooed_gigas_berserker	death	A tattooed gigas berserker's fists tense with impotent rage as {pronoun} surrenders to death.
tattooed_gigas_berserker	death	A grim gigas skald raises a hand as if to grasp for support as {pronoun} collapses, life going out of {pronoun} form.
tattooed_gigas_berserker	death	The tattooed gigas berserker slumps to the ground.
tattooed_gigas_berserker	death	A tattooed gigas berserker's eyes roll up into {pronoun} head as {pronoun} body goes limp on the ground.
tattooed_gigas_berserker	flee	A tattooed gigas berserker just went into a thatched timber smithy.
tattooed_gigas_berserker	flee	A tattooed gigas berserker just went into a huge hut.
tattooed_gigas_berserker	flee	A tattooed gigas berserker charges {direction}, driven by battle-lust.
tattooed_gigas_berserker	flee	A tattooed gigas berserker just went into a huge hoarbeam longhouse.
tattooed_gigas_berserker	flee	A tattooed gigas berserker just went into a long timber hall.
tattooed_gigas_berserker	flee	A tattooed gigas berserker rides {target} out, swaying with every heavy footfall.
tattooed_gigas_berserker	arrival	Preceded by a mournful dirge, a grim gigas skald stalks in, {pronoun} song accompanied by the clacking of the crude jeweled beads adorning the ceremonial garb that {pronoun} wears.
tattooed_gigas_berserker	arrival	A tattooed gigas berserker charges in, madness twisting {pronoun} features.
tattooed_gigas_berserker	arrival	A tattooed gigas berserker barrels in, bellowing a mad battlecry that shakes the ground with {pronoun} intensity!
tattooed_gigas_berserker	arrival	A tattooed gigas berserker rides {target} in, swaying with every heavy footfall.
tattooed_gigas_berserker	arrival	A tattooed gigas berserker rides {target} in, {target} limping with every great step.
tattooed_gigas_berserker	arrival	A tattooed gigas berserker just came through a breached red stone wall.
tattooed_gigas_berserker	decay	Creeping decay races across a tattooed gigas berserker's prone form, swiftly consuming the body despite its colossal size.
tawny_armor_clad_pegasus	death	A tawny armor-clad pegasus's eyes roll up into {pronoun} head as {pronoun} body goes limp on the ground.
tawny_armor_clad_pegasus	flee	A tawny armor-clad pegasus hurtles down from on high, hooves outstretched!
tawny_armor_clad_pegasus	flee	A tawny armor-clad pegasus canters {direction} with elegant ease, hooves leaving behind fading pools of colored light.
tawny_armor_clad_pegasus	arrival	A tawny armor-clad pegasus soars in on wings aglow with all of the hues of a breaking dawn, throwing back {pronoun} majestic head to tousel a mane seeming spun from threads of sunlight.
tawny_armor_clad_pegasus	arrival	A tawny armor-clad pegasus trots in with elegant ease, hooves leaving behind fading pools of colored light.
tawny_brindlecat	death	The tawny brindlecat's tail twitches feebly as {pronoun} dies.
tawny_brindlecat	flee	A tawny brindlecat bounds {direction}.
tawny_brindlecat	arrival	A tawny brindlecat stalks in!
tawny_brindlecat	arrival	A tawny brindlecat pounces to the ground in front of you!
tawny_brindlecat	decay	A tawny brindlecat decays into a compost of fangs, fur and claws.
tegursh_sentry	death	A tegursh sentry rasps a final scream and dies.
tegursh_sentry	death	A tegursh sentry silently rasps a final scream and dies.
tegursh_sentry	flee	A tegursh sentry backs away, the expression on {pronoun} scaly face a mixture of fear and loathing.
thrak	death	The thrak falls back into a heap and dies.
thrak	death	The thrak hisses one last time and dies.
thrak	flee	The thrak scampers {direction}.
thrak	arrival	A thrak scampers in.
thrak	decay	A thrak decays into compost.
three_toed_tegu	death	The three-toed tegu arches its back in a tortured spasm and dies.
three_toed_tegu	death	The three-toed tegu stumbles and falls to the ground, twitches and dies.
three_toed_tegu	flee	A three-toed tegu slithers {direction}.
three_toed_tegu	flee	A three-toed tegu crashes out of the undergrowth!
three_toed_tegu	arrival	A three-toed tegu slithers in.
three_toed_tegu	arrival	A three-toed tegu charges in, {pronoun} tail whipping furiously side-to-side!
three_toed_tegu	decay	A three-toed tegu's leathered hide and scaly armor collapses into dust.
thunder_troll	death	The thunder troll howls in agony one last time and dies.
thunder_troll	death	A thunder troll dissipates into the air, leaving nothing behind.
thunder_troll	death	The thunder troll crumples to the ground motionless.
thunder_troll	flee	A thunder troll runs {direction}.
thunder_troll	arrival	A thunder troll just arrived!
thyril	death	The thyril falls to the ground and dies.
thyril	death	The thyril screams one last time and dies.
thyril	flee	A thyril heads {direction}.
thyril	flee	A thyril limps {direction}.
thyril	arrival	A thyril just arrived.
thyril	arrival	A thyril just arrived, limping.
thyril	decay	A thyril decays into compost.
thyril	decay	A small, green cloud of smelly gas rises from the body of a big ugly kobold as he decays into compost.
titan_tempest_tyrant	death	A titan tempest tyrant stretches a hand skyward, fumbling for something unseen as {pronoun} surrenders to death.
titan_tempest_tyrant	death	An odor of burnt ozone fills the air as a titan tempest tyrant's body collapses in upon itself, drying into fine-grained dust that fills the air with grit.
titan_tempest_tyrant	death	A ragged gasp fills a stooped titan stormcaller's lungs with a last breath that wooshes out as {pronoun} dies.
titan_tempest_tyrant	arrival	A gust of wind and a flash of lightning herald the arrival of a stooped titan stormcaller as {pronoun} lumbers in.
titan_tempest_tyrant	arrival	A titan tempest tyrant charges in, electricity crackling down {pronoun} forearms!
titan_tempest_tyrant	arrival	A titan tempest tyrant thunders in, rage roiling in {pronoun} glowing eyes.
titan_tempest_tyrant	arrival	A titan tempest tyrant thunders in, pain and rage warring in {pronoun} glowing eyes.
tomb_troll	death	A low sigh fills the air and the tomb troll fades to nothing.
tomb_troll	death	A tomb troll blinks in astonishment, then collapses in a motionless heap.
tomb_troll	flee	A tomb troll lopes {direction}.
tomb_troll	flee	A tomb troll limps {direction}.
tomb_troll	arrival	A tomb troll lopes into the room, swinging {pronoun} long arms wildly.
tomb_troll	arrival	A tomb troll lopes into the room, swinging {pronoun} {weapon}.
tomb_troll_necromancer	death	A tomb troll necromancer glares forward, then collapses in a motionless heap.
tomb_troll_necromancer	flee	A tomb troll necromancer lopes {direction}.
tomb_troll_necromancer	flee	A tomb troll necromancer limps {direction}.
tomb_troll_necromancer	arrival	A tomb troll necromancer lopes into the room, sweeping {pronoun} head back and forth.
tomb_troll_necromancer	decay	A tomb troll necromancer decays into a pile of skin and bones.
tomb_wight	death	The tomb wight falls to the ground motionless.
tomb_wight	death	The tomb wight screams evilly one last time and goes still.
tomb_wight	flee	A tomb wight runs {direction}.
tomb_wight	flee	A tomb wight limps {direction}.
tomb_wight	arrival	A tomb wight just arrived.
tomb_wight	arrival	A tomb wight just arrived, limping.
tomb_wight	arrival	A tomb wight just arrived, limping badly.
tomb_wight	decay	A tomb wight crumbles to dust.
translucent_kiramon_strandweaver	death	A translucent kiramon strandweaver collapses to the ground, her ghostly pale legs kicking spastically before abruptly stilling as she dies.
translucent_kiramon_strandweaver	arrival	The faint, unearthly glow wicking off of a translucent kiramon strandweaver's translucent carapace precedes her as she crawls in uncertainly, antennae twitching.
translucent_kiramon_strandweaver	arrival	A translucent kiramon strandweaver skitters in awkwardly, hunching over {pronoun} wounds.
translucent_kiramon_strandweaver	arrival	A translucent kiramon strandweaver scuttles in, {pronoun} wounds aglow with restorative ichor.
tree_spirit	death	The tree spirit slowly settles to the ground and begins to dissipate.
tree_spirit	flee	A tree spirit heads {direction}.
tree_spirit	arrival	A tree spirit just arrived.
tree_viper	death	The tree viper twists and coils violently in its death throes, finally going still.
tree_viper	death	The tree viper writhes in {pronoun} death throes, {pronoun} violent writhing causing {pronoun} to fall from {pronoun} perch.
tree_viper	flee	A tree viper slithers {direction}.
tree_viper	flee	A tree viper drops from overhead and slithers {direction}.
tree_viper	flee	A tree viper darts up a tree and slithers through the canopy, heading {direction}.
tree_viper	arrival	A tree viper slithers in, hissing in warning!
tree_viper	arrival	A tree viper slithers in.
tree_viper	decay	A tree viper decays into a pile of scales and flesh.
treekin_druid	death	The druid teeters and then topples to the ground!
treekin_druid	flee	A treekin druid lumbers {direction}.
treekin_druid	flee	A treekin druid lumbers {direction}, leaving a trail of leaves of behind it.
treekin_druid	flee	A treekin druid shudders and lumbers {direction}, leaving a trail of sap and leaves of behind it.
treekin_druid	flee	A treekin druid lumbers {direction}, leaving a path of leaves behind {pronoun}!
treekin_druid	arrival	With a rustle of leaves, a treekin druid lumbers in!
treekin_druid	arrival	A treekin druid lumbers in!
treekin_druid	arrival	A treekin druid lumbers in, leaving a path of leaves behind it!
treekin_druid	decay	The layer of bark on a treekin druid hardens and absorbs the attack!  The bark crackles as it crumbles to dust.
treekin_druid	decay	The layer of bark on a treekin druid hardens and absorbs the magical energy!  The bark crackles as it crumbles to dust.
treekin_druid	decay	A treekin druid decays into compost.
treekin_druid	decay	The treekin druid crumbles to the ground!
treekin_sapling	flee	A treekin sapling lumbers {direction}.
treekin_sapling	arrival	A treekin sapling lumbers in!
treekin_warrior	death	The warrior teeters and then topples to the ground!
treekin_warrior	flee	A treekin warrior shudders and lumbers {direction}, leaving a trail of sap and leaves of behind it.
treekin_warrior	flee	A treekin warrior lumbers {direction}.
treekin_warrior	flee	A treekin warrior lumbers {direction}, leaving a trail of leaves of behind it.
treekin_warrior	flee	A treekin warrior lumbers {direction}, leaving a path of leaves behind {pronoun}!
treekin_warrior	arrival	With a rustle of leaves, a treekin warrior lumbers in!
treekin_warrior	arrival	A treekin warrior lumbers in!
treekin_warrior	arrival	A treekin warrior shudders as it lumbers in, leaving a path of sap and leaves behind it!
treekin_warrior	arrival	A treekin warrior lumbers in, leaving a path of leaves behind it!
treekin_warrior	decay	A treekin warrior decays into compost.
treekin_warrior	decay	The layer of bark on a treekin warrior hardens and absorbs the attack!  The bark crackles as it crumbles to dust.
treekin_warrior	decay	The treekin warrior crumbles to the ground!
triton_assassin	death	The triton assassin gurgles once and goes still, a wrathful look on {pronoun} face.
triton_assassin	death	The triton assassin collapses, gurgling once with a wrathful look on {pronoun} face before expiring.
triton_assassin	arrival	A triton assassin stalks in silently, {pronoun} cold eyes gleaming with hatred.
triton_assassin	arrival	A triton assassin slips into hiding.
triton_assassin	decay	A triton assassin's slick skin begins to rapidly desiccate and dissolve away, leaving nothing behind.
triton_brawler	death	The triton brawler gurgles once and goes still, a wrathful look on {pronoun} face.
triton_brawler	death	A triton brawler's dreamy gaze goes lifeless.
triton_brawler	death	A triton brawler slumps slowly, {pronoun} skin growing darker from lack of air.
triton_brawler	death	A triton brawler's eyes roll up into {pronoun} head as {pronoun} body goes limp on the ground.
triton_brawler	death	The triton brawler collapses, gurgling once with a wrathful look on {pronoun} face before expiring.
triton_brawler	flee	A triton brawler heads {direction}.
triton_brawler	arrival	A triton brawler just arrived.
triton_brawler	arrival	A triton brawler just arrived, limping badly.
triton_brawler	arrival	A tough triton brawler just arrived, limping badly.
triton_brawler	arrival	A triton brawler just arrived, limping.
triton_brawler	arrival	A triton brawler charges briskly into the area!
triton_brawler	arrival	A triton brawler just arrived, crawling along the ground.
triton_brawler	decay	A triton brawler's slick skin begins to rapidly desiccate and dissolve away, leaving nothing behind.
triton_combatant	death	The triton combatant gurgles once and goes still, a wrathful look on {pronoun} face.
triton_combatant	death	The triton combatant collapses to the floor with a splash, gurgling once with a wrathful look on {pronoun} face before expiring.
triton_combatant	death	The triton combatant collapses to the ground with a splash, gurgling once with a wrathful look on {pronoun} face before expiring.
triton_combatant	death	The triton combatant collapses, gurgling once with a wrathful look on {pronoun} face before expiring.
triton_combatant	flee	A triton combatant just went up some short ascending stairs.
triton_combatant	flee	A triton combatant just went through a crumbling arch.
triton_combatant	flee	A triton combatant hurtles {reflexive} at you with great speed, but flies slightly off center of {pronoun} target and tumbles to the water with a splash!
triton_combatant	flee	A triton combatant sweeps {pronoun} pale green trident out in an arc behind {pronoun}, {pronoun} eyes darting around as if seeking out {pronoun} next opponent.
triton_combatant	flee	A triton combatant sweeps {pronoun} rusted steel hatchet out in an arc behind {pronoun}, {pronoun} eyes darting around as if seeking out {pronoun} next opponent.
triton_combatant	arrival	A triton combatant strides in, a wary look on {pronoun} face.
triton_combatant	arrival	A triton combatant strides in, gliding swiftly through the water with a wary look on {pronoun} face.
triton_combatant	arrival	A triton combatant just arrived.
triton_combatant	arrival	A triton combatant charges briskly into the area, casting wide ripples in {pronoun} wake!
triton_combatant	arrival	A triton combatant charges briskly into the area!
triton_combatant	decay	A triton combatant's slick skin begins to rapidly desiccate and dissolve away, leaving nothing behind.
triton_dissembler	death	The triton dissembler gurgles once and goes still, a wrathful look on {pronoun} face.
triton_dissembler	death	The triton dissembler collapses to the floor with a splash, gurgling once with a wrathful look on {pronoun} face before expiring.
triton_dissembler	flee	A triton dissembler just went down some descending stairs.
triton_dissembler	flee	A triton dissembler just went down a carved marble staircase leading to the submerged dais.
triton_dissembler	arrival	A triton dissembler arrives, striding forth with {pronoun} robes trailing behind {pronoun}.
triton_dissembler	arrival	A triton dissembler strides in, a wary look on {pronoun} face.
triton_dissembler	arrival	A triton dissembler strides in, gliding swiftly through the water with a wary look on her face.
triton_dissembler	arrival	A triton dissembler just arrived.
triton_dissembler	decay	The siren's soft aura fades and her flesh crumbles to reveal the corpse of a hideous scaled creature, which then quickly decays away.
triton_executioner	death	The triton executioner gurgles once and goes still, a wrathful look on {pronoun} face.
triton_executioner	death	The triton executioner collapses to the floor with a splash, gurgling once with a wrathful look on {pronoun} face before expiring.
triton_executioner	death	The triton executioner collapses, gurgling once with a wrathful look on {pronoun} face before expiring.
triton_executioner	flee	A triton executioner hurtles {reflexive} at you with great speed, but flies slightly off center of {pronoun} target and tumbles to the water with a splash!
triton_executioner	arrival	A triton executioner stalks in silently, {pronoun} cold eyes gleaming with hatred.
triton_executioner	arrival	A triton executioner strides in, a wary look on {pronoun} face.
triton_executioner	arrival	A triton executioner strides in, gliding swiftly through the water with a wary look on his face.
triton_executioner	arrival	A triton executioner just arrived.
triton_executioner	arrival	A triton executioner slips into hiding.
triton_executioner	decay	A triton executioner's slick skin begins to rapidly desiccate and dissolve away, leaving nothing behind.
triton_fanatic	death	The triton fanatic gurgles once and goes still, a wrathful look on {pronoun} face.
triton_fanatic	death	A triton fanatic goes limp as the last of {pronoun} life is crushed from {pronoun} by {target} unyielding bearhug!
triton_fanatic	death	The triton fanatic collapses, gurgling once with a wrathful look on {pronoun} face before expiring.
triton_fanatic	flee	A triton fanatic heads {direction}.
triton_fanatic	flee	A triton fanatic limps {direction}.
triton_fanatic	flee	A triton fanatic withdraws, disengaging from you.
triton_fanatic	arrival	A triton fanatic just arrived.
triton_fanatic	arrival	A triton fanatic just arrived, limping.
triton_fanatic	arrival	A triton fanatic just arrived, looking terrified.
triton_fanatic	arrival	A triton fanatic just arrived, crawling along the ground.
triton_fanatic	decay	A triton fanatic's slick skin begins to rapidly desiccate and dissolve away, leaving nothing behind.
triton_magus	death	The triton magus gurgles once and goes still, a wrathful look on {pronoun} face.
triton_magus	death	The triton magus collapses to the floor with a splash, gurgling once with a wrathful look on {pronoun} face before expiring.
triton_magus	death	The triton magus collapses to the ground with a splash, gurgling once with a wrathful look on {pronoun} face before expiring.
triton_magus	arrival	A triton magus just arrived.
triton_magus	arrival	A triton magus slips into hiding.
triton_magus	arrival	A triton magus staggers in, dragging {reflexive} along with labored breaths.
triton_radical	death	The triton radical gurgles once and goes still, a wrathful look on {pronoun} face.
triton_radical	death	The triton radical collapses to the floor with a splash, gurgling once with a wrathful look on {pronoun} face before expiring.
triton_radical	death	The triton radical collapses to the ground with a splash, gurgling once with a wrathful look on {pronoun} face before expiring.
triton_radical	death	The triton radical collapses, gurgling once with a wrathful look on {pronoun} face before expiring.
triton_radical	flee	A triton radical just went through a crumbling arch.
triton_radical	flee	A triton radical just went across a wide stone causeway.
triton_radical	arrival	A triton radical strides in, a wary look on {pronoun} face.
triton_radical	arrival	A triton radical strides in, gliding swiftly through the water with a wary look on {pronoun} face.
triton_radical	arrival	A triton radical just arrived.
triton_radical	arrival	A triton radical just came through a crumbling arch.
triton_radical	arrival	A triton radical staggers in, dragging {reflexive} along with labored breaths.
triton_radical	decay	The siren's soft aura fades and her flesh crumbles to reveal the corpse of a hideous scaled creature, which then quickly decays away.
triton_radical	decay	A triton radical's slick skin begins to rapidly desiccate and dissolve away, leaving nothing behind.
triton_warden	death	The triton warden gurgles once and goes still, a wrathful look on {pronoun} face.
triton_warden	death	The triton warden collapses, gurgling once with a wrathful look on {pronoun} face before expiring.
triton_warden	flee	A triton warden heads {direction}.
triton_warden	flee	A triton warden limps {direction}.
triton_warden	arrival	A triton warden just arrived.
triton_warden	arrival	A triton warden slips into hiding.
triton_warden	decay	A triton warden's slick skin begins to rapidly desiccate and dissolve away, leaving nothing behind.
triton_warlock	death	The triton warlock gurgles once and goes still, a wrathful look on her face.
triton_warlock	death	The triton warlock collapses, gurgling once with a wrathful look on {pronoun} face before expiring.
triton_warlock	flee	A triton warlock limps {direction}.
triton_warlock	flee	A triton warlock heads {direction}.
triton_warlock	arrival	A triton warlock arrives, striding forth with her robes trailing behind her.
triton_warlock	arrival	A glowing triton warlock just arrived.
triton_warlock	arrival	A triton warlock just arrived.
triton_warlock	arrival	An unyielding triton warlock just arrived.
triton_warlock	arrival	A triton warlock just arrived, limping badly.
triton_warlock	decay	A triton warlock's slick skin begins to rapidly desiccate and dissolve away, leaving nothing behind.
troglodyte	death	The troglodyte falls to the ground and dies.
troglodyte	death	The troglodyte screams one last time and dies.
troglodyte	flee	A troglodyte heads {direction}.
troglodyte	flee	A troglodyte limps {direction}.
troglodyte	arrival	A troglodyte just arrived.
troglodyte	decay	A troglodyte decays into compost.
troll_chieftain	death	The troll chieftain bellows in rage one last time and dies.
troll_chieftain	death	The troll chieftain snarls {pronoun} defiance before collapsing and going still.
troll_chieftain	death	The troll chieftain snarls {pronoun} defiance one last time before going still.
troll_chieftain	flee	A troll chieftain runs {direction}.
troll_chieftain	arrival	A troll chieftain just arrived!
troll_chieftain	arrival	A troll chieftain just arrived.
troll_chieftain	decay	A troll chieftain decays into compost.
troll_wraith	death	A troll wraith slumps to the ground, lying completely motionless.  A last minute twitch causes the wraith's arm to spasm up into the air before falling limply back to {pronoun} side.
troll_wraith	death	A troll wraith falls to the ground, lying completely motionless. A last minute twitch causes the wraith's arm to spasm up into the air before falling limply back to {pronoun} side.
troll_wraith	flee	A troll wraith drifts {direction}.
tundra_giant	death	The tundra giant cries out in cold agony one last time and dies.
tundra_giant	death	The tundra giant falls to the ground motionless.
tundra_giant	flee	A tundra giant lumbers {direction}, followed by a swirling snowstorm.
tundra_giant	arrival	A tundra giant lumbers in, followed by a swirling snowstorm!
tusked_ursian	death	The tusked ursian collapses heavily into a heap on the ground and dies.
tusked_ursian	death	The tusked ursian lets out a blood-curdling roar and dies.
tusked_ursian	flee	A tusked ursian slowly lumbers {direction}, growling in pain.
tusked_ursian	flee	A tusked ursian lumbers {direction}.
tusked_ursian	arrival	A tusked ursian lumbers in!
twisted_being	flee	A twisted being stoops low and darts {direction}.
twisted_being	flee	A twisted being quickly limps {direction}.
twisted_being	arrival	A twisted being stalks in, its tail swishing back and forth menacingly.
twisted_being	arrival	A twisted being comes darting in.
undertaker_bat	death	The undertaker bat twitches violently, then dies.
undertaker_bat	death	The undertaker bat flaps its wings in a last ditch effort to ascend from the ground, but fails and finally lies still.
undertaker_bat	death	As the strength drains out of the undertaker bat's wings, it falls to the ground in a motionless heap.
undertaker_bat	flee	An undertaker bat wafts {direction}.
undertaker_bat	flee	An undertaker bat haphazardly glides {direction}.
undertaker_bat	decay	The undertaker bat decays into a tuft of matted hair and leathery wings.
urgh	death	The urgh collapses to the ground, emits a final squeal, and dies.
urgh	death	The urgh lets out a final agonized squeal and dies.
urgh	flee	An urgh trots {direction}.
urgh	flee	An urgh squeals as {pronoun} slowly backs away.
urgh	arrival	An urgh charges in, squealing an angry challenge!
urgh	decay	An urgh decays into a pile of fur and bone.
vaespilon	death	The vaespilon falls to the ground motionless.
vaespilon	death	The vaespilon wails in terrifying pain one last time and lies still.
vaespilon	arrival	A vaespilon crawls in, wailing in pain!
vaespilon	decay	All the malice and magic that once held the vaespilon together dissipates, leaving nothing but a husk which crumbles to dust.
vapor_hound	death	The vapor hound lets out one last whimpering sigh of chartreuse vapors and dies.
vapor_hound	flee	A vapor hound pads {direction}, a fog of green vapor puffing from {pronoun} nostrils.
vapor_hound	decay	A vapor hound decays into a compost of fur and fangs.
velnalin	death	The velnalin collapses to the ground, emits a final sigh, and dies.
velnalin	death	The velnalin lets out a final agonized sigh and dies.
velnalin	death	The velnalin collapses to the ground, emits a final silent sigh, and dies.
velnalin	flee	A velnalin trots {direction}.
velnalin	flee	A velnalin trots {direction}, snorting to announce {pronoun} arrival!
velnalin	flee	A velnalin snorts as {pronoun} slowly backs away.
velnalin	decay	A velnalin decays into a pile of fur and bone.
vesperti	death	The vesperti twitches violently, then dies.
vesperti	death	The vesperti's wings splay out as {pronoun} goes still.
vesperti	flee	With a flurry of her wings, a lustrous vesperti flies {direction}.
vesperti	flee	With a flurry of {pronoun} wings, a vesperti flies {direction}.
vesperti	arrival	With a flurry of {pronoun} wings, a vesperti flies in!
veteran_reiver	death	The reiver takes one last breath, then dies.
veteran_reiver	death	The veteran reiver falls to the ground motionless.
veteran_reiver	flee	A veteran reiver heads {direction}.
veteran_reiver	arrival	A veteran reiver just arrived.
veteran_reiver	arrival	A veteran reiver just came through a red door.
veteran_reiver	decay	A veteran reiver turns to dust.
vourkha	death	The vourkha slumps to the ground as the light departs {pronoun} eyes.
vourkha	flee	An evil hiss fills the air as a vourkha stalks {direction}.
vourkha	flee	A vourkha totters momentarily and then heads {direction}.
vourkha	arrival	An evil hiss fills the air as a vourkha stalks in!
vvrael_destroyer	death	The Vvrael destroyer crumples to the ground motionless.
vvrael_destroyer	death	The body of the destroyer twists and distorts until he shatters and dissipates into aether.
vvrael_destroyer	death	The Vvrael destroyer crumples to the floor motionless.
vvrael_destroyer	death	The Vvrael destroyer writhes in black agony and dies.
vvrael_destroyer	death	The Vvrael destroyer wails with rage as he crumples to the ground!  A viscous black liquid sprays out from his severed left leg thrashing on the ground!
vvrael_destroyer	flee	A Vvrael destroyer strides {direction}.
vvrael_destroyer	arrival	A Vvrael destroyer strides in!
vvrael_destroyer	arrival	A Vvrael destroyer just arrived!
vvrael_warlock	death	The Vvrael warlock writhes in black agony and dies.
vvrael_warlock	death	The Vvrael warlock crumples to the floor motionless.
vvrael_warlock	death	The Vvrael warlock crumples to the ground motionless.
vvrael_warlock	death	The Vvrael warlock wails with rage as he crumples to the ground!  A viscous black liquid sprays out from his severed right leg thrashing on the ground!
vvrael_warlock	death	The Vvrael warlock wails with rage as he crumples to the ground!  A viscous black liquid sprays out from his severed left leg thrashing on the ground!
vvrael_warlock	flee	A Vvrael warlock strides {direction}.
vvrael_warlock	arrival	The air becomes deathly cold as a Vvrael warlock strides into view!
vvrael_warlock	arrival	A Vvrael warlock strides in!
vvrael_warlock	arrival	A flickering Vvrael warlock strides in!
vvrael_witch	death	The Vvrael witch writhes in black agony and dies.
vvrael_witch	death	The Vvrael witch wails with rage as she crumples to the ground!  A viscous black liquid sprays out from her severed left leg thrashing on the ground!
vvrael_witch	death	The Vvrael witch crumples to the ground motionless.
vvrael_witch	death	The Vvrael witch wails with rage as she crumples to the ground!  A viscous black liquid sprays out from her severed right leg thrashing on the ground!
vvrael_witch	death	The Vvrael witch crumples to the floor motionless.
vvrael_witch	flee	A Vvrael witch glides {direction}.
vvrael_witch	flee	A Vvrael witch withdraws, disengaging from {target}.
waern	death	The waern rolls over and dies.
waern	death	The waern falls to the ground and dies.
waern	flee	A waern runs {direction}.
waern	flee	A waern just went through an iron door.
waern	flee	A waern whimpers as {pronoun} slowly backs away, {pronoun} teeth bared.
waern	arrival	A waern just arrived.
waern	arrival	A waern pads into the area, slavering hungrily!
waern	arrival	A waern just came through an iron door.
waern	arrival	A waern just came through a tall archway.
waern	decay	A waern decays into a compost of fangs and fur.
waern	decay	A muculent waern decays into a compost of fangs and fur.
waern	decay	A slimy waern decays into a compost of fangs and fur.
wall_guardian	death	The wall guardian vainly tries to shout a warning, then goes still.
wall_guardian	arrival	A wall guardian marches in.
wall_guardian	arrival	A wall guardian rushes in with a shout!
wall_guardian	decay	The wall guardian decays into a grisly pile of armor, blood, and bone.
war_griffin	death	The war griffin writhes in agony, its wings flapping fruitlessly as it dies.
war_griffin	death	The war griffin crashes to the ground, motionless.
war_griffin	flee	A war griffin flies {direction}.
war_griffin	decay	The war griffin decays into a pile of feathers and fur.
war_troll	death	The war troll falls to the ground and dies.
war_troll	death	The war troll screams one last time and dies.
war_troll	flee	A war troll limps {direction}.
war_troll	flee	A war troll pounds {direction}.
war_troll	arrival	A war troll pounds in!
war_troll	decay	A war troll decays into compost.
warped_tree_spirit	death	The tree spirit slowly settles to the ground and begins to dissipate.
warped_tree_spirit	flee	A warped tree spirit heads {direction}.
warped_tree_spirit	arrival	A warped tree spirit just arrived.
warrior_shade	arrival	A warrior shade just arrived.
warrior_shade	arrival	A warrior shade strides out of the surrounding mist!
warthog	death	The warthog collapses to the ground, emits a final snuffle, and dies.
warthog	death	The warthog lets out a final agonized snuffle and dies.
warthog	flee	A warthog grunts and barrels {direction}.
warthog	flee	A warthog trots {direction}, grunting noisily.
warthog	flee	A warthog trots {direction}, grunting noisily!
warthog	flee	A warthog snuffles as {pronoun} slowly backs away.
warthog	arrival	A warthog just arrived.
warthog	arrival	A warthog crashes into view!
warthog	decay	A warthog decays into a pile of fur and bone.
wasp_nest	decay	The wasp nest collapses into a pile of rubble.
wasp_nest	decay	A wasp nest decays into dust.
water_elemental	death	The water elemental falls to the floor dead, {pronoun} still pulsating with a blinding white hue.
water_elemental	flee	A water elemental just went down some descending stairs.
water_elemental	flee	A water elemental just went down a carved marble staircase leading to the submerged dais.
water_elemental	arrival	A water elemental just arrived.
water_elemental	arrival	A water elemental just came through a crumbling arch.
water_elemental	decay	The glimmer of a white dreamstone catches your eye as the water elemental gurgles eerily and collapses into a puddle of water.
water_elemental	decay	The glimmer of a red spinel catches your eye as the water elemental gurgles eerily and collapses into the water.
water_elemental	decay	The glimmer of an uncut emerald catches your eye as the water elemental gurgles eerily and collapses into the water.
water_elemental	decay	The glimmer of some polished pink coral catches your eye as the water elemental gurgles eerily and collapses into the water.
water_elemental	decay	The glimmer of a pink topaz catches your eye as the water elemental gurgles eerily and collapses into the water.
water_elemental	decay	The glimmer of some polished red coral catches your eye as the water elemental gurgles eerily and collapses into the water.
water_elemental	decay	The water elemental gurgles eerily and collapses into a puddle of water.
water_elemental	decay	The water elemental gurgles eerily and collapses into the water.
water_elemental	decay	The glimmer of a cats-eye moonstone catches your eye as the water elemental gurgles and collapses into the small puddle on the floor.
water_elemental	decay	The glimmer of a piece of citrine quartz catches your eye as the water elemental gurgles eerily and collapses into the water.
water_elemental	decay	The glimmer of a black deathstone catches your eye as the water elemental gurgles and collapses into the small puddle on the floor.
water_elemental	decay	The glimmer of a green garnet catches your eye as the water elemental gurgles eerily and collapses into the water.
water_elemental	decay	The glimmer of a green sapphire catches your eye as the water elemental gurgles eerily and collapses into a puddle of water.
water_elemental	decay	The glimmer of some asterfire quartz catches your eye as the water elemental gurgles eerily and collapses into the water.
water_elemental	decay	The glimmer of a green sapphire catches your eye as the water elemental gurgles eerily and collapses into the water.
water_elemental	decay	The glimmer of a pink peridot catches your eye as the water elemental gurgles eerily and collapses into a puddle of water.
water_elemental	decay	The glimmer of a white dreamstone catches your eye as the water elemental gurgles eerily and collapses into the water.
water_elemental	decay	The glimmer of a green starstone catches your eye as the water elemental gurgles eerily and collapses into the water.
water_elemental	decay	The glimmer of a red starstone catches your eye as the water elemental gurgles eerily and collapses into the water.
water_elemental	decay	The glimmer of a grey moonstone catches your eye as the water elemental gurgles eerily and collapses into the water.
water_elemental	decay	The glimmer of a dragonsbreath sapphire catches your eye as the water elemental gurgles eerily and collapses into the water.
water_elemental	decay	The glimmer of a large grey pearl catches your eye as the water elemental gurgles eerily and collapses into a puddle of water.
water_elemental	decay	The glimmer of a blue moonstone catches your eye as the water elemental gurgles eerily and collapses into the water.
water_elemental	decay	The glimmer of an uncut ruby catches your eye as the water elemental gurgles eerily and collapses into a puddle of water.
water_elemental	decay	The glimmer of a blue starstone catches your eye as the water elemental gurgles eerily and collapses into the water.
water_elemental	decay	The glimmer of some asterfire quartz catches your eye as the water elemental gurgles eerily and collapses into a puddle of water.
water_elemental	decay	The glimmer of a black moonstone catches your eye as the water elemental gurgles eerily and collapses into the water.
water_elemental	decay	The glimmer of a blue moonstone catches your eye as the water elemental gurgles eerily and collapses into a puddle of water.
water_elemental	decay	The glimmer of a yellow zircon catches your eye as the water elemental gurgles eerily and collapses into a puddle of water.
water_elemental	decay	The glimmer of a blue peridot catches your eye as the water elemental gurgles eerily and collapses into the water.
water_elemental	decay	The glimmer of a black deathstone catches your eye as the water elemental gurgles eerily and collapses into the water.
water_elemental	decay	The glimmer of a star sapphire catches your eye as the water elemental gurgles eerily and collapses into the water.
water_elemental	decay	The glimmer of a yellow zircon catches your eye as the water elemental gurgles eerily and collapses into the water.
water_elemental	decay	The glimmer of a red spinel catches your eye as the water elemental gurgles eerily and collapses into a puddle of water.
water_elemental	decay	A water elemental decays into compost.
water_elemental	decay	The glimmer of a white sunstone catches your eye as the water elemental gurgles eerily and collapses into the water.
water_elemental	decay	The glimmer of a green tourmaline catches your eye as the water elemental gurgles eerily and collapses into the water.
water_elemental	decay	The glimmer of a white opal catches your eye as the water elemental gurgles eerily and collapses into the water.
water_elemental	decay	The glimmer of a medium grey pearl catches your eye as the water elemental gurgles eerily and collapses into the water.
water_elemental	decay	The glimmer of a turquoise stone catches your eye as the water elemental gurgles eerily and collapses into a puddle of water.
water_elemental	decay	The glimmer of a violet sapphire catches your eye as the water elemental gurgles eerily and collapses into the water.
water_elemental	decay	The glimmer of a black dreamstone catches your eye as the water elemental gurgles eerily and collapses into the water.
water_elemental	decay	The glimmer of a pink peridot catches your eye as the water elemental gurgles eerily and collapses into the water.
water_elemental	decay	The glimmer of a green malachite stone catches your eye as the water elemental gurgles eerily and collapses into a puddle of water.
water_elemental	decay	The glimmer of some dragonfire quartz catches your eye as the water elemental gurgles eerily and collapses into the water.
water_elemental	decay	The glimmer of a blue dreamstone catches your eye as the water elemental gurgles eerily and collapses into the water.
water_elemental	decay	The glimmer of a cats-eye moonstone catches your eye as the water elemental gurgles eerily and collapses into the water.
water_elemental	decay	The glimmer of a yellow dreamstone catches your eye as the water elemental gurgles eerily and collapses into the water.
water_elemental	decay	The glimmer of a blue peridot catches your eye as the water elemental gurgles eerily and collapses into a puddle of water.
water_elemental	decay	The glimmer of a pink dreamstone catches your eye as the water elemental gurgles eerily and collapses into the water.
water_elemental	decay	The glimmer of a violet spinel catches your eye as the water elemental gurgles eerily and collapses into the water.
water_elemental	decay	The glimmer of a dragonfire opal catches your eye as the water elemental gurgles eerily and collapses into the water.
water_elemental	decay	The glimmer of a golden moonstone catches your eye as the water elemental gurgles eerily and collapses into the water.
water_elemental	decay	The glimmer of a star sapphire catches your eye as the water elemental gurgles eerily and collapses into a puddle of water.
water_elemental	decay	The glimmer of a yellow sapphire catches your eye as the water elemental gurgles eerily and collapses into the water.
water_elemental	decay	The glimmer of a pink rhodochrosite stone catches your eye as the water elemental gurgles eerily and collapses into the water.
water_elemental	decay	The glimmer of a light pink morganite stone catches your eye as the water elemental gurgles eerily and collapses into the water.
water_hound	death	The water hound lets out one last whimpering sigh of water droplets and dies.
water_hound	flee	A water hound pads {direction}, a dense mist puffing from {pronoun} nostrils.
water_hound	arrival	A water hound arrives, shaking droplets of water from {pronoun} {weapon}, blue fur ruff!
water_hound	arrival	A water hound arrives, shaking droplets of water from {pronoun} slick, blue fur ruff!
water_hound	decay	A water hound decays into a compost of fur and fangs.
water_moccasin	flee	A water moccasin slithers {direction}.
water_moccasin	arrival	A water moccasin slithers in!
water_moccasin	decay	A water moccasin decays into compost.
water_witch	death	The water witch falls to the ground motionless.
water_witch	death	The water witch screams evilly one last time and goes still.
water_witch	arrival	A water witch just arrived.
water_witch	decay	A water witch turns to dust.
water_wyrd	decay	The water wyrd gurgles eerily and collapses into a puddle of water.
water_wyrd	decay	The glimmer of a Solhaven Bay scallop shell catches your eye as the water wyrd gurgles eerily and collapses into a puddle of water.
water_wyrd	decay	The glimmer of a turquoise stone catches your eye as the water wyrd gurgles eerily and collapses into a puddle of water.
water_wyrd	decay	The glimmer of a lump of grey ambergris catches your eye as the water wyrd gurgles eerily and collapses into a puddle of water.
water_wyrd	decay	The glimmer of a light pink morganite stone catches your eye as the water wyrd gurgles eerily and collapses into a puddle of water.
water_wyrd	decay	The glimmer of a large grey pearl catches your eye as the water wyrd gurgles eerily and collapses into a puddle of water.
water_wyrd	decay	The glimmer of a dovesnail shell catches your eye as the water wyrd gurgles eerily and collapses into a puddle of water.
water_wyrd	decay	The glimmer of some blue lapis lazuli catches your eye as the water wyrd gurgles eerily and collapses into a puddle of water.
water_wyrd	decay	The glimmer of a split-back pink conch shell catches your eye as the water wyrd gurgles eerily and collapses into a puddle of water.
water_wyrd	decay	The glimmer of a yellow zircon catches your eye as the water wyrd gurgles eerily and collapses into a puddle of water.
water_wyrd	decay	The glimmer of an angulate wentletrap shell catches your eye as the water wyrd gurgles eerily and collapses into a puddle of water.
water_wyrd	decay	The glimmer of a black helmet shell catches your eye as the water wyrd gurgles eerily and collapses into a puddle of water.
water_wyrd	decay	The glimmer of a star sapphire catches your eye as the water wyrd gurgles eerily and collapses into a puddle of water.
water_wyrd	decay	The glimmer of a white gryphon's wing shell catches your eye as the water wyrd gurgles eerily and collapses into a puddle of water.
water_wyrd	decay	The glimmer of a leopard cowrie shell catches your eye as the water wyrd gurgles eerily and collapses into a puddle of water.
water_wyrd	decay	The glimmer of a black tourmaline catches your eye as the water wyrd gurgles and collapses into the small puddle on the floor.
water_wyrd	decay	The glimmer of a pink rhodochrosite stone catches your eye as the water wyrd gurgles eerily and collapses into a puddle of water.
water_wyrd	decay	The glimmer of a purple-cap cowrie shell catches your eye as the water wyrd gurgles eerily and collapses into a puddle of water.
water_wyrd	decay	The glimmer of a ruby-lined nassa shell catches your eye as the water wyrd gurgles eerily and collapses into a puddle of water.
water_wyrd	decay	The glimmer of a white opal catches your eye as the water wyrd gurgles eerily and collapses into a puddle of water.
water_wyrd	decay	The glimmer of a snow cowrie shell catches your eye as the water wyrd gurgles eerily and collapses into a puddle of water.
water_wyrd	decay	The glimmer of a crown-of-Charl shell catches your eye as the water wyrd gurgles eerily and collapses into a puddle of water.
water_wyrd	decay	The glimmer of a tiger cowrie shell catches your eye as the water wyrd gurgles eerily and collapses into a puddle of water.
water_wyrd	decay	The glimmer of a green tourmaline catches your eye as the water wyrd gurgles eerily and collapses into a puddle of water.
water_wyrd	decay	The glimmer of a black opal catches your eye as the water wyrd gurgles eerily and collapses into a puddle of water.
water_wyrd	decay	The glimmer of a selanthan bloodjewel catches your eye as the water wyrd gurgles eerily and collapses into a puddle of water.
water_wyrd	decay	The water wyrd gurgles and collapses into the large puddle on the floor.
water_wyrd	decay	The water wyrd gurgles and collapses into the small puddle on the floor.
water_wyrd	decay	The glimmer of a polished green abalone shell catches your eye as the water wyrd gurgles eerily and collapses into a puddle of water.
water_wyrd	decay	The glimmer of a smoky topaz catches your eye as the water wyrd gurgles eerily and collapses into a puddle of water.
water_wyrd	decay	The glimmer of a white opal catches your eye as the water wyrd gurgles and collapses into the small puddle on the floor.
water_wyrd	decay	The glimmer of an uncut ruby catches your eye as the water wyrd gurgles and collapses into the small puddle on the floor.
water_wyrd	decay	The glimmer of a red helmet shell catches your eye as the water wyrd gurgles and collapses into the small pool on the floor.
water_wyrd	decay	The glimmer of an amethyst clam shell catches your eye as the water wyrd gurgles eerily and collapses into a puddle of water.
water_wyrd	decay	The glimmer of a blue spinel catches your eye as the water wyrd gurgles eerily and collapses into a puddle of water.
water_wyrd	decay	The glimmer of a crown conch shell catches your eye as the water wyrd gurgles and collapses into the small pool on the floor.
water_wyrd	decay	The water wyrd gurgles and collapses into the small pool on the floor.
water_wyrd	decay	The glimmer of a Solhaven Bay scallop shell catches your eye as the water wyrd gurgles and collapses into the small pool on the floor.
water_wyrd	decay	The glimmer of a selanthan bloodjewel catches your eye as the water wyrd gurgles and collapses into the large pool on the floor.
water_wyrd	decay	The glimmer of a tiger cowrie shell catches your eye as the water wyrd gurgles and collapses into the large pool on the floor.
water_wyrd	decay	The glimmer of a violet sapphire catches your eye as the water wyrd gurgles and collapses into the large pool on the floor.
water_wyrd	decay	The glimmer of a pink sapphire catches your eye as the water wyrd gurgles and collapses into the small puddle on the floor.
water_wyrd	decay	The glimmer of a black-spined conch shell catches your eye as the water wyrd gurgles eerily and collapses into a puddle of water.
water_wyrd	decay	The water wyrd gurgles and collapses into the large pool on the floor.
water_wyrd	decay	The glimmer of a leopard cowrie shell catches your eye as the water wyrd gurgles and collapses into the large pool on the floor.
water_wyrd	decay	The glimmer of an iridescent tempest shell catches your eye as the water wyrd gurgles eerily and collapses into a puddle of water.
water_wyrd	decay	The glimmer of some polished pink coral catches your eye as the water wyrd gurgles eerily and collapses into a puddle of water.
water_wyrd	decay	The glimmer of a pink rhodochrosite stone catches your eye as the water wyrd gurgles and collapses into the small puddle on the floor.
water_wyrd	decay	The glimmer of a selanthan bloodjewel catches your eye as the water wyrd gurgles and collapses into the small puddle on the floor.
water_wyrd	decay	The glimmer of a pearl nautilus shell catches your eye as the water wyrd gurgles eerily and collapses into a puddle of water.
water_wyrd	decay	The glimmer of a queen helmet shell catches your eye as the water wyrd gurgles eerily and collapses into a puddle of water.
water_wyrd	decay	The glimmer of a large black pearl catches your eye as the water wyrd gurgles eerily and collapses into a puddle of water.
water_wyrd	decay	The glimmer of a scintillating fishscale catches your eye as the water wyrd gurgles and collapses into the small puddle on the floor.
water_wyrd	decay	The glimmer of a translucent golden spiral shell catches your eye as the water wyrd gurgles eerily and collapses into a puddle of water.
water_wyrd	decay	A water wyrd decays into compost.
water_wyrd	decay	The glimmer of a brilliant fire pearl catches your eye as the water wyrd gurgles eerily and collapses into a puddle of water.
water_wyrd	decay	The glimmer of a giant paper nautilus shell catches your eye as the water wyrd gurgles eerily and collapses into a puddle of water.
water_wyrd	decay	The glimmer of a piece of iridescent mother-of-pearl catches your eye as the water wyrd gurgles eerily and collapses into a puddle of water.
water_wyrd	decay	The glimmer of a pink-banded coquina shell catches your eye as the water wyrd gurgles eerily and collapses into a puddle of water.
water_wyrd	decay	The glimmer of a three-lined nassa shell catches your eye as the water wyrd gurgles and collapses into the small puddle on the floor.
water_wyrd	decay	The glimmer of a blue sapphire catches your eye as the water wyrd gurgles eerily and collapses into a puddle of water.
water_wyrd	decay	The glimmer of a lump of black ambergris catches your eye as the water wyrd gurgles and collapses into the small puddle on the floor.
water_wyrd	decay	The glimmer of a golden triton shell catches your eye as the water wyrd gurgles eerily and collapses into a puddle of water.
water_wyrd	decay	The glimmer of some polished pink coral catches your eye as the water wyrd gurgles and collapses into the small puddle on the floor.
water_wyrd	decay	The glimmer of a piece of blue ridge coral catches your eye as the water wyrd gurgles and collapses into the small puddle on the floor.
water_wyrd	decay	The glimmer of a green garnet catches your eye as the water wyrd gurgles eerily and collapses into a puddle of water.
water_wyrd	decay	The glimmer of a piece of golden amber catches your eye as the water wyrd gurgles and collapses into the small puddle on the floor.
water_wyrd	decay	The glimmer of a snake-head cowrie shell catches your eye as the water wyrd gurgles and collapses into the small puddle on the floor.
water_wyrd	decay	The glimmer of a pink tourmaline catches your eye as the water wyrd gurgles eerily and collapses into a puddle of water.
water_wyrd	decay	The glimmer of a sparkling silvery conch shell catches your eye as the water wyrd gurgles and collapses into the small puddle on the floor.
water_wyrd	decay	The glimmer of a lavender nassa shell catches your eye as the water wyrd gurgles eerily and collapses into a puddle of water.
water_wyrd	decay	The glimmer of a scintillating fishscale catches your eye as the water wyrd gurgles eerily and collapses into a puddle of water.
water_wyrd	decay	The glimmer of some polished red coral catches your eye as the water wyrd gurgles eerily and collapses into a puddle of water.
water_wyrd	decay	The glimmer of a pink tourmaline catches your eye as the water wyrd gurgles and collapses into the large puddle on the floor.
water_wyrd	decay	The glimmer of a blue-banded coquina shell catches your eye as the water wyrd gurgles eerily and collapses into a puddle of water.
water_wyrd	decay	The glimmer of a red helmet shell catches your eye as the water wyrd gurgles eerily and collapses into a puddle of water.
water_wyrd	decay	The glimmer of a medium pink pearl catches your eye as the water wyrd gurgles and collapses into the small puddle on the floor.
water_wyrd	decay	The glimmer of a piece of cat's-paw coral catches your eye as the water wyrd gurgles and collapses into the small puddle on the floor.
water_wyrd	decay	The glimmer of a purple-cap cowrie shell catches your eye as the water wyrd gurgles and collapses into the small puddle on the floor.
water_wyrd	decay	The glimmer of a lump of black ambergris catches your eye as the water wyrd gurgles eerily and collapses into a puddle of water.
water_wyrd	decay	The glimmer of a green sapphire catches your eye as the water wyrd gurgles eerily and collapses into a puddle of water.
water_wyrd	decay	The glimmer of a small grey pearl catches your eye as the water wyrd gurgles and collapses into the small puddle on the floor.
water_wyrd	decay	The glimmer of a three-lined nassa shell catches your eye as the water wyrd gurgles eerily and collapses into a puddle of water.
water_wyrd	decay	The glimmer of a pink-banded coquina shell catches your eye as the water wyrd gurgles and collapses into the small puddle on the floor.
water_wyrd	decay	The glimmer of a violet spinel catches your eye as the water wyrd gurgles eerily and collapses into a puddle of water.
water_wyrd	decay	The glimmer of a pink spinel catches your eye as the water wyrd gurgles and collapses into the large puddle on the floor.
water_wyrd	decay	The glimmer of a spiny siren's-comb shell catches your eye as the water wyrd gurgles and collapses into the small pool on the floor.
water_wyrd	decay	The glimmer of a spiny siren's-comb shell catches your eye as the water wyrd gurgles eerily and collapses into a puddle of water.
werebear	death	A werebear growls one last time, and crumples to the ground in a heap.
werebear	flee	A werebear lumbers {direction} of the underbrush, uttering a weird, half-human cry!
werebear	flee	A werebear lumbers {direction}, uttering a weird half-human cry!
werebear	arrival	A werebear lumbers in, uttering a weird half-human cry!
werebear	arrival	A werebear just arrived.
werebear	arrival	A werebear lumbers out of the underbrush, uttering a weird, half-human cry!
werebear	decay	A werebear turns to dust.
wharf_rat	death	The wharf rat collapses to the ground, emits a final squeal, and dies.
wharf_rat	death	The wharf rat twitches and dies.
wharf_rat	death	The wharf rat collapses to the ground, emits a final silent squeal, and dies.
wharf_rat	flee	A wharf rat scampers {direction}.
wharf_rat	arrival	A choking fetid odor heralds the arrival of a wharf rat!
wharf_rat	arrival	A wharf rat scampers in!
wharf_rat	decay	A wharf rat decays into a pile of mangy hair and bone.
whiptail	death	The whiptail falls back and dies.
whiptail	death	The whiptail hisses one last time and dies.
whiptail	flee	A whiptail scurries {direction}.
whiptail	decay	A whiptail decays into compost.
white_vysan	death	The white vysan falls to the ground motionless.
white_vysan	death	The white vysan screams evilly one last time and goes still.
wind_witch	death	The wind witch howls in agony one last time and dies.
wind_witch	death	A wind witch dissipates into the air, leaving nothing behind.
wind_witch	death	The wind witch crumples to the ground motionless.
wind_witch	flee	A wind witch glides {direction}.
wind_wraith	death	A wind wraith releases a groan of mingled ecstasy and relief as it fades away.
wind_wraith	death	A flexile wind wraith releases a groan of mingled ecstasy and relief as it fades away.
wind_wraith	death	A sinuous wind wraith releases a groan of mingled ecstasy and relief as it fades away.
wind_wraith	death	A dazzling wind wraith releases a groan of mingled ecstasy and relief as it fades away.
wind_wraith	death	A flashy wind wraith releases a groan of mingled ecstasy and relief as it fades away.
wind_wraith	death	A robust wind wraith releases a groan of mingled ecstasy and relief as it fades away.
wind_wraith	flee	A wind wraith drifts {direction}.
wind_wraith	flee	A flexile wind wraith drifts {direction}.
wind_wraith	flee	A dazzling wind wraith drifts {direction}.
wind_wraith	flee	A flashy wind wraith drifts {direction}.
wind_wraith	flee	A wind wraith storms about, causing small tornado-like spirals to break off from {pronoun} form in various directions.
winged_viper	death	The winged viper crashes to the ground, motionless.
winged_viper	death	The winged viper dissolves as the acidic poison consumes it from within.
winged_viper	flee	A winged viper flies {direction}.
winged_viper	decay	The winged viper dissolves as the acidic poison consumes it from within.
withered_shadow-cloaked_draugr	flee	A withered shadow-cloaked draugr just went through a crumbling red stone maw.
withered_shadow-cloaked_draugr	flee	A withered shadow-cloaked draugr just went through a breached red stone wall.
withered_shadow-cloaked_draugr	flee	A withered shadow-cloaked draugr just went through a pocked red stone arch.
withered_shadow-cloaked_draugr	flee	A withered shadow-cloaked draugr lumbers {direction}, swathed in darkness.
withered_shadow-cloaked_draugr	flee	A withered shadow-cloaked draugr lumbers {direction}, desiccated tendons in {pronoun} legs popping as {pronoun} goes.
withered_shadow-cloaked_draugr	arrival	A withered shadow-cloaked draugr lurches in, {pronoun} unliving body on the verge of collapse.
withered_shadow-cloaked_draugr	arrival	A withered shadow-cloaked draugr just came through a breached red stone wall.
withered_shadow-cloaked_draugr	arrival	A withered shadow-cloaked draugr unsteadily lumbers in, swathed in darkness.
wolfshade	death	The wolfshade falls back into a heap and dies.
wolfshade	death	The wolfshade hisses one last time and dies.
wolfshade	flee	The wolfshade scampers {direction}.
wolfshade	arrival	A wolfshade scampers in.
wolfshade	decay	A wolfshade decays into compost.
wolverine	death	The wolverine falls back into a heap and dies.
wolverine	death	The wolverine hisses one last time and dies.
wolverine	death	The wolverine twitches violently, then dies.
wolverine	flee	The wolverine scampers {direction}.
wolverine	arrival	A wolverine scampers in.
wolverine	decay	A wolverine decays into compost.
wood_sprite	death	The wood sprite's eyes grow dim as {pronoun} lifeforce fades away.
wood_sprite	flee	A wood sprite glances around and then wanders {direction}!
wood_sprite	arrival	Seemingly from nowhere, a wood sprite wanders in!
wood_sprite	decay	A wood sprite crumbles into a pile of dry splinters.
wood_wight	death	The wood wight screams evilly one last time and goes still.
wood_wight	flee	A wood wight runs {direction}.
wood_wight	flee	A wood wight limps {direction}.
wood_wight	arrival	A wood wight just arrived.
wood_wight	arrival	A wood wight just arrived, limping badly.
wood_wight	decay	A wood wight crumbles to dust.
wooly_mammoth	flee	A wooly mammoth lumbers {direction}.
wooly_mammoth	flee	A wooly mammoth lumbers {direction}, trumpeting in pain.
wooly_mammoth	flee	A wooly mammoth slowly lumbers {direction}, trumpeting in agony.
wooly_mammoth	flee	A wooly mammoth slowly backs away, shaking {pronoun} enormous head.
wooly_mammoth	arrival	A wooly mammoth trumpets loudly announcing {pronoun} arrival as {pronoun} lumbers in!
wooly_mammoth	arrival	A wooly mammoth lumbers in!
wooly_mammoth	arrival	A wooly mammoth lumbers in, trumpeting in pain!
wraith	death	The wraith falls to the ground motionless.
wraith	death	The wraith screams evilly one last time and goes still.
wraith	death	A troll wraith slumps to the ground, lying completely motionless.  A last minute twitch causes the wraith's arm to spasm up into the air before falling limply back to {pronoun} side.
wraith	arrival	A wraith just arrived.
wraith	decay	A wraith turns to dust.
writhing_frost_glazed_vine	arrival	A writhing frost-glazed vine slithers in grasping and twisting as it arrives.
writhing_icy_bush	death	A writhing icy bush collapses to the ground, shakes one last time and dies.
writhing_icy_bush	arrival	A writhing icy bush just arrived!
writhing_icy_bush	arrival	A writhing icy bush hops in and plants {pronoun} roots.
yeti	death	The mass of hair and bone that was the yeti finally goes still.
yeti	death	The yeti collapses into a pile of hair and bones and goes still.
yeti	flee	A yeti spins around and retreats as far as it can.
yeti	flee	A yeti stomps {direction}.
yeti	flee	A yeti moans as it stomps {direction}.
yeti	flee	A yeti roars in pain as it stomps {direction}.
yeti	flee	A canny yeti stomps {direction}.
yeti	arrival	A giant shadow towers over the area as a yeti stomps in!
yeti	arrival	A yeti stomps in!
yeti	arrival	A yeti moans as it stomps in!
yeti	arrival	A yeti roars in pain as it stomps in!
yeti	arrival	A yeti just arrived.
yeti	arrival	A giant shadow darkens the room as a yeti stomps in!
yeti	arrival	A keen yeti stomps in!
yeti	decay	The yeti collapses into a pile of hair and bones and goes still.
yeti	decay	The siren's soft aura fades and her flesh crumbles to reveal the corpse of a hideous scaled creature, which then quickly decays away.
young_grass_snake	flee	A young grass snake slithers {direction}.
young_grass_snake	decay	A young grass snake decays into compost.
zombie	death	The zombie falls to the ground, a lifeless lump of flesh.
zombie	flee	A zombie wails madly as {pronoun} limps {direction}.
zombie	flee	A zombie shambles {direction}.
zombie	arrival	A zombie shambles in!
zombie_rolton	death	The zombie rolton falls back into a heap and dies.
zombie_rolton	death	The zombie rolton hisses one last time and dies.
zombie_rolton	flee	The rolton scampers {direction}.
zombie_rolton	arrival	A zombie rolton scampers in.
zombie_rolton	decay	A zombie rolton decays into compost.
