creature_id	category	name	as	as_raw	cs	cs_raw	note	type
agresh_bear	physical	Claw	144..179					
agresh_bear	physical	Bite	174					
agresh_troll_chieftain	physical	Flail	247					
agresh_troll_chieftain	physical	Military pick	227					
agresh_troll_chieftain	maneuver	+40 AS boost						
agresh_troll_chieftain	maneuver	Pounce						
agresh_troll_scout	physical	War hammer	171					
agresh_troll_scout	physical	Ensnare						
agresh_troll_scout	physical	Pound						
agresh_troll_scout	physical	Stomp						
agresh_troll_warrior	physical	War hammer	165					
agresh_troll_warrior	physical	Fist	115					
aivren	physical	Bite (attack)	398					
aivren	physical	Claw (attack)	378					
aivren	physical	Bite	403					
aivren	physical	Massive beak	358					
aivren	physical	Razor-sharp claw	410					
aivren	physical	Swoop	410					
aivren	maneuver	Wing Buffet						
albino_tomb_spider	physical	Claw	106..116					
albino_tomb_spider	physical	Pincer (attack)	116					
albino_tomb_spider	physical	Pincer	116					
albino_tomb_spider	maneuver	Web						
albino_tomb_spider	special_ability	Web						
algae_draped_merrow_oracle	maneuver	Lash						
ancient_ghoul_master	physical	Battle axe	147					
ancient_ghoul_master	warding_spell	Torment (718)			127			
ancient_ghoul_master	maneuver	Gas cloud						
ancient_ghoul_master	maneuver	Gesture						
animated_slush	physical	Pound						
animated_slush	physical	Icy appendage	263..267					
animated_slush	physical	Stream of water	243					
animated_slush	bolt_spell	Minor Water (903)	291					
animated_slush	warding_spell	Torment (718)			127			
animated_slush	maneuver	Elemental Wave (410)						
animated_slush	maneuver	Major Elemental Wave						
animated_slush	maneuver	Slush wall						
animated_slush	maneuver	Tail Swipe						
animated_slush	maneuver	Ethereal Wave						
arachne_acolyte	physical	War hammer	161					
arachne_acolyte	warding_spell	Frenzy (216)			118			
arachne_acolyte	warding_spell	Web (118)			118			
arachne_acolyte	offensive_spell	Spirit Strike (117)						
arachne_acolyte	maneuver	Disarm						
arachne_acolyte	maneuver	Tackle						
arachne_acolyte	maneuver	Pounce						
arachne_priest	physical	Broadsword	219					
arachne_priest	physical	Scimitar	294					
arachne_priest	physical	Short sword	266					
arachne_priest	warding_spell	Web (118)			118			
arachne_priest	offensive_spell	Spirit Strike (117)						
arachne_priest	offensive_spell	Heroism (215)						
arachne_priest	offensive_spell	Benediction (307)						
arachne_priest	maneuver	Point						
arachne_servant	physical	Morning star	150..190					
arch_wight	physical	Scimitar	144..156					
arch_wight	physical	Claw	136					
arch_wight	physical	Twohanded sword	150					
arch_wight	warding_spell	Mind Jolt (706)			123			
arch_wight	warding_spell	Empathy (1108)						
arch_wight	warding_spell	Scimitar			129			
arch_wight	warding_spell	Twohanded sword			117			
arch_wight	offensive_spell	Earthen Fury (917)						
arch_wight	offensive_spell	Gas cloud						
arch_wight	maneuver	Gesture						
arch_wight	maneuver	Web						
arctic_manticore	physical	Bite	194					
arctic_manticore	physical	Claw	194					
arctic_puma	physical	Claw	168					
arctic_puma	physical	Bite	168					
arctic_puma	maneuver	Pounce						
arctic_titan	physical	Handaxe	262					
arctic_titan	physical	Closed fist	242					
arctic_titan	physical	Stomp (attack)	232					
arctic_titan	bolt_spell	Major Shock (910)	185					
arctic_titan	warding_spell	Weapon Fire (915)			184			
arctic_titan	maneuver	Stomp						
arctic_titan	maneuver	Ground Slam						
arctic_wolverine	physical	Bite	155..194					
arctic_wolverine	physical	Claw	184..204					
arctic_wolverine	physical	(quarantine-recovered)	238					
ash_guardian	physical	Falchion	402					
ash_guardian	physical	Ensnare	346					
ash_guardian	physical	Jagged shard of obsidian	406					
ash_guardian	physical	Sharp beak	295					
ash_guardian	physical	Beak	375					
ash_guardian	maneuver	Feint						
ash_guardian	maneuver	Dirtkick						
ash_guardian	maneuver	Shield Bash						
ash_guardian	maneuver	Dust Kick						
ash_hag	physical	Slap	210					
ash_hag	physical	Bite (attack)	180					
ash_hag	bolt_spell	Minor Fire (906)	200					
ash_hag	warding_spell	Immolation (519)			183			
ash_hag	offensive_spell	Elemental Wave (410)						
ash_hag	offensive_spell	Fire Storm						
ashen_patrician_vampire	physical	Rapier		566 to				
ashen_patrician_vampire	physical	Charge	530					
ashen_patrician_vampire	warding_spell	Blind			455			
ashen_patrician_vampire	maneuver	Disarm Weapon						
ashen_patrician_vampire	maneuver	Feint						
ashen_patrician_vampire	maneuver	Pounce						
ashen_patrician_vampire	special_ability	Mstrike						
ashen_patrician_vampire	special_ability	Cripple						
athletic_dark_eyed_incubus	physical	Ensnare		(lunge) 245-276				
athletic_dark_eyed_incubus	warding_spell	Song of Depression (1015)			300			
athletic_dark_eyed_incubus	warding_spell	Repel (Fear)						
athletic_dark_eyed_incubus	offensive_spell	Earthen Fury (917)						
athletic_dark_eyed_incubus	maneuver	Spellsong						
baesrukha	physical	Claw	247..273					
baesrukha	physical	Bite	187..262					
baesrukha	physical	Roaring ball of fire	220					
baesrukha	bolt_spell	Major Fire (908)	220					
baesrukha	warding_spell	Cold Snap (512)						
baesrukha	warding_spell	Elemental Blast (409)			212			
banded_rattlesnake	physical	Bite	182					
banded_rattlesnake	physical	(quarantine-recovered)	163					
banded_rattlesnake	special_ability	Coil Strike						
bandit	maneuver	Cheapshots						
bandit	maneuver	Cutthroat						
bandit	maneuver	Feint						
bandit	maneuver	Shield Bash						
bandit	maneuver	Subdual Strike						
bandit	maneuver	Sweep						
banshee	physical	Claw (attack)	275					
banshee	physical	Claw	265..275					
banshee	warding_spell	Scream			230			
banshee	warding_spell	Claw			230			
barbed_cavern_urchin	physical	Barbed spines	176					
barbed_cavern_urchin	maneuver	Spine Barrage						
barghest	physical	Charge (attack)	229					
barghest	physical	Bite	197..234					
barghest	physical	Charge	206..214					
battle_worn_empyrean_captain	bolt_spell	???		???				
battle_worn_empyrean_captain	warding_spell	???				???		
battle_worn_empyrean_captain	offensive_spell	???						
battle_worn_empyrean_captain	maneuver	Eviscerate						
battle_worn_empyrean_captain	maneuver	Garrote						
battle_worn_empyrean_captain	maneuver	Coup de Grace						
battle_worn_empyrean_captain	maneuver	Cheapshot						
battle_worn_empyrean_captain	maneuver	Slippery Mind						
battle_worn_empyrean_captain	maneuver	Spell Thieve						
battle_worn_empyrean_captain	special_ability	Telekinetic Choke						
battle_worn_empyrean_captain	special_ability	Aura Shift						
behemothic_gorefrost_golem	physical	closed fist	480..500					
behemothic_gorefrost_golem	physical	pound	445					
behemothic_gorefrost_golem	physical	stomp	495..505					
behemothic_gorefrost_golem	physical	Colossal fist of ice	502..527					
behemothic_gorefrost_golem	physical	Charge	529					
behemothic_gorefrost_golem	physical	Clawed fists	475					
behemothic_gorefrost_golem	physical	Huge hooves	521					
behemothic_gorefrost_golem	physical	Tusks	519					
behemothic_gorefrost_golem	bolt_spell	minor cold (1709)	410					
behemothic_gorefrost_golem	warding_spell	cold snap (512)			444			
behemothic_gorefrost_golem	offensive_spell	major elemental wave (435)						
behemothic_gorefrost_golem	maneuver	haymaker						
behemothic_gorefrost_golem	maneuver	headbutt						
behemothic_gorefrost_golem	maneuver	heat leaching						
behemothic_gorefrost_golem	maneuver	colossal fist						
behemothic_gorefrost_golem	maneuver	Charge						
behemothic_gorefrost_golem	special_ability	topple						falls on you and ruins your day
bent_being	physical	Stomp	386					
bent_being	physical	Claw	356					
bent_being	physical	Foot	386					
bent_being	bolt_spell	Major Shock (910)	374					
big_ugly_kobold	physical	Short sword	55					
big_ugly_kobold	physical	Unknown	62					
bighorn_sheep	physical	Impale	168..183					
black_bear	physical	Bite (attack)	180					
black_bear	physical	Claw (attack)	190					
black_bear	physical	Charge (attack)	190					
black_bear	physical	Bite	150					
black_bear	physical	Claw	171					
black_bear	special_ability	Pounce						
black_boar	physical	Bite	153..171					
black_boar	physical	Charge (attack)	181					
black_boar	maneuver	Charge						
black_boar	special_ability	Charge						
black_forest_ogre	physical	DharaDhara (Rogues)	340					
black_forest_ogre	physical	Closed fistClosed fist (Wizards)	294					
black_forest_ogre	physical	Closed fist	273					
black_forest_ogre	physical	Rust-covered dhara	336					
black_forest_ogre	bolt_spell	Hand of Tonis (505)	379					
black_forest_ogre	bolt_spell	Minor Acid (904)	379					
black_forest_ogre	bolt_spell	Minor Fire (906)	379					
black_forest_ogre	bolt_spell	Major Cold (907)	379					
black_forest_ogre	warding_spell	Cold Snap (512)			222			
black_forest_ogre	offensive_spell	Elemental Dispel (417)						
black_forest_ogre	offensive_spell	Tremors (909)						
black_forest_ogre	offensive_spell	Call Wind (912)						
black_forest_ogre	offensive_spell	Elemental Focus (513)						
black_forest_ogre	offensive_spell	Elemental Targeting (425)						
black_forest_ogre	maneuver	Cheapshots						
black_forest_ogre	maneuver	Swiftkick						
black_forest_ogre	maneuver	Stomp						
black_forest_ogre	special_ability	Familiar Gate (930)						
black_forest_ogre	special_ability	Foam						
black_forest_viper	physical	Bite	340					
black_forest_viper	maneuver	Venomous spit						
black_forest_viper	maneuver	Spit						
black_leopard	physical	Claw	134..168					
black_leopard	physical	Bite	128..168					
black_leopard	maneuver	Pounce						
black_leopard	maneuver	Leap						
black_rolton	physical	Bite	23					
black_rolton	physical	Unknown	36					
black_winged_daggerbeak	physical	Bite	36					
black_winged_daggerbeak	physical	Unknown	36					
blackened_decaying_tumbleweed	physical	Stinger (attack)						
blackened_decaying_tumbleweed	physical	Stinger	252					
blackened_decaying_tumbleweed	maneuver	Tumbleweed roll						
blazing_red_phoenix	physical	Claw (attack)	330..390					
blazing_red_phoenix	physical	Bite (attack)	380					
blazing_red_phoenix	physical	Beak	375					
blazing_red_phoenix	physical	Beak of flame	393					
blazing_red_phoenix	physical	Flaming maw	396					
blazing_red_phoenix	physical	Lash	402					
blazing_red_phoenix	physical	Roaring ball of fire	357					
blazing_red_phoenix	physical	Sharp beak	377					
blazing_red_phoenix	physical	Stream of fire	361					
blazing_red_phoenix	bolt_spell	Major Fire (908)	345					
blazing_red_phoenix	warding_spell	Immolation (519)			377			
blazing_red_phoenix	offensive_spell	Firestorm (1715)						
blazing_red_phoenix	offensive_spell	Major Elemental Wave (435)						
blazing_red_phoenix	maneuver	Ethereal Wave						
blazing_red_phoenix	maneuver	Shield Bash						
bloated_kiramon_broodtender	physical	Barbed stinger	557					
bloated_kiramon_broodtender	physical	Bladed forelegs	523					
bloated_kiramon_broodtender	maneuver	Leap						
blood_eagle	physical	Claw	100					
blood_eagle	physical	Bite						
blood_eagle	physical	Pound						
blood_eagle	physical	Ensnare	96					
blood_eagle	physical	Black fists	86					
blood_eagle	special_ability	Carry and drop prey while in flight						
bloody_halfling_cannibal	physical	bite	474					
bloody_halfling_cannibal	physical	grimy little fists	464..544					
bloody_halfling_cannibal	physical	hurtle	327..564					
bloody_halfling_cannibal	physical	wiry arms	464..544					
bloody_halfling_cannibal	physical	Clawed fists	475..585					
bloody_halfling_cannibal	physical	Feras mattock	489					
bloody_halfling_cannibal	physical	Twisted obsidian dagger	584..606					
bloody_halfling_cannibal	physical	Charge	529					
bloody_halfling_cannibal	physical	Huge hooves	525					
bloody_halfling_cannibal	physical	Shark-like teeth	505..573					
bloody_halfling_cannibal	physical	Tusks	531..544					
bloody_halfling_cannibal	physical	Lunge	520					
bloody_halfling_cannibal	maneuver	cannibalize						
bloody_halfling_cannibal	special_ability	hunger					+80 AS	
bloody_halfling_cannibal	special_ability	frenzy						
blubbery_humpbacked_merrow	special_ability	Charm Toxin						
blubbery_humpbacked_merrow	special_ability	Reactive Spines						
blubbery_humpbacked_merrow	special_ability	Regenerate						
bobcat	physical	Bite (attack)	80					
bobcat	physical	Claw (attack)	90					
bobcat	physical	Charge (attack)	90					
bobcat	physical	Bite	72					
bobcat	physical	Claw	81					
bobcat	maneuver	Leap						
bog_spectre	physical	Claw	242..269					
bog_spectre	physical	Ensnare	220..275					
bog_spectre	warding_spell	Corrupt Essence (703)			226			
bog_spectre	warding_spell	Disintegrate (705)						
bog_spectre	warding_spell	Grasp of the Grave (709)						
bog_spectre	special_ability	Gaze Attack						
bog_troll	physical	Thick Wooden Knurl	244..314					
bog_troll	physical	Claw	234					
bog_wight	physical	Bite	270..274					
bog_wight	physical	Claw	204..284					
bog_wraith	physical	Claw	216					
bog_wraith	physical	Ensnare	94..239					
bog_wraith	warding_spell	Ensnare			206			
bog_wraith	maneuver	Lash						
bone_golem	physical	Ensnare	97					
bone_golem	physical	Pound	107					
bone_golem	physical	Skeletal fist	97					
bone_golem	maneuver	Tail sweep						
bone_golem	maneuver	Tail Swipe						
bony_tenthsworn_occultist	warding_spell	Blood Burst (701)			274..283			
bony_tenthsworn_occultist	offensive_spell	Condemn (309)						
bony_tenthsworn_occultist	offensive_spell	Grasp of the Grave (709)						
bony_tenthsworn_occultist	maneuver	Crimson Smoke						
brackish_bilge_mass	physical	Huge black alloy greatsword	592					
branded_goliath_diviner	warding_spell	Mana Burst (1414)			369..396			
branded_goliath_diviner	warding_spell	Thought Lash (1210)			384..390			
branded_goliath_diviner	offensive_spell	Mystic Impedance (1708)						
branded_goliath_diviner	special_ability	Runestone						
branded_goliath_diviner	special_ability	Fate Shadows						
branded_goliath_diviner	special_ability	Doom Sign						
branded_goliath_diviner	special_ability	Force Burst						
branded_goliath_diviner	special_ability	Time Spike						
brawny_gigas_shield-maiden	physical	shield strike	525..566					
brawny_gigas_shield-maiden	physical	spear	525..590					
brawny_gigas_shield-maiden	physical	Charge	529					
brawny_gigas_shield-maiden	physical	Enormous tusks	529..538					
brawny_gigas_shield-maiden	physical	Golden targe	536..590					
brawny_gigas_shield-maiden	physical	Immense fel-hafted handaxe	540..566					
brawny_gigas_shield-maiden	physical	Lunge	524..570					
brawny_gigas_shield-maiden	warding_spell	aura of the arkati (1614)			440..482			
brawny_gigas_shield-maiden	warding_spell	judgment (1630)			443..482			
brawny_gigas_shield-maiden	warding_spell	Shield Bash			443			
brawny_gigas_shield-maiden	maneuver	shield bash						
brawny_gigas_shield-maiden	maneuver	shield push						
brawny_gigas_shield-maiden	maneuver	shield trample						
bresnahanini_rolton	physical	Bite (attack)	60					
bresnahanini_rolton	physical	Charge (attack)	70					
bresnahanini_rolton	physical	Bite	48..50					
bresnahanini_rolton	physical	Charge	63					
bristly_black_tapir	physical	Bite	184..232					
bristly_black_tapir	physical	Charge (attack)	194..242					
bristly_black_tapir	maneuver	Charge						
bristly_black_tapir	special_ability	Charge						
brown_boar	physical	Bite	121..171					
brown_boar	physical	Charge (attack)	187					
brown_boar	physical	Charge	151					
brown_boar	special_ability	Charge						
brown_gak	physical	Impale	48					
brown_gak	physical	Tusk	43					
brown_spinner	physical	Claw						
brown_spinner	physical	Pincer (attack)						
brown_spinner	physical	Pincer	107					
brown_spinner	maneuver	Web						
brown_spinner	special_ability	Web						
burly_goliath_engineer	offensive_spell	Interference (212)						
burly_goliath_engineer	maneuver	Bearhug						
burly_goliath_engineer	maneuver	Sucker Punch						
burly_goliath_engineer	special_ability	Hand Cannon						
burly_goliath_engineer	special_ability	Mech Vine						
burly_goliath_engineer	special_ability	Shard Bomb						
burly_goliath_engineer	special_ability	Bombing Run						
burly_reiver	physical	Steel dirk	232					
cadaverous_tatterdemalion_ghast	physical	Claw (attack)	484					
cadaverous_tatterdemalion_ghast	physical	Pound (attack)	484					
cadaverous_tatterdemalion_ghast	physical	Bite	524..555					
cadaverous_tatterdemalion_ghast	physical	Fist	484..519					
cadaverous_tatterdemalion_ghast	physical	Kick	530					
cadaverous_tatterdemalion_ghast	physical	Charge	565					
cadaverous_tatterdemalion_ghast	maneuver	Tackle						
cadaverous_tatterdemalion_ghast	maneuver	Swiftkick						
cadaverous_tatterdemalion_ghast	maneuver	Pounce						
cadaverous_tatterdemalion_ghast	special_ability	Leap						
caedera	physical	Bite	369..411					
caedera	physical	Charge (attack)						
caedera	physical	Ensnare (attack)						
caedera	physical	Charge	421					
caedera	physical	Ensnare	421					
caedera	maneuver	Burrow						
caedera	maneuver	Burrow Ambush						
carceris	physical	Major Cold (907)	160					
carceris	physical	Major Fire (908)	160					
carceris	physical	Major Shock (910)	160					
carceris	physical	Bite	189					
carceris	physical	Claw	139					
carceris	offensive_spell	Elemental Wave (410)						
carceris	offensive_spell	Earthen Fury (917)						
carceris	maneuver	Gesture						
caribou	physical	Charge	238					
caribou	physical	Kick	232					
caribou	physical	(quarantine-recovered)	238					
caribou	physical	Antlers	238					
carrion_worm	physical	Charge	39					
carrion_worm	physical	Bite	29					
carrion_worm	physical	Unknown	29					
cave_bear	physical	Claw	217..227					
cave_bear	physical	Bite	202..225					
cave_gnoll	physical	Scimitar	58..68					
cave_gnoll	physical	Unknown	73					
cave_gnoll	physical	Closed fist	52					
cave_gnome	physical	Cudgel	52					
cave_gnome	physical	Handaxe	52					
cave_gnome	physical	Short sword	46..52					
cave_gnome	physical	Unknown	52					
cave_gnome	physical	Closed fist	42					
cave_lizard	physical	Claw	183..203					
cave_lizard	physical	Bite	189					
cave_lizard	maneuver	Tail Sweep						
cave_lizard	maneuver	Tail Swipe						
cave_nipper	physical	Charge	43..63					
cave_nipper	physical	Unknown	53					
cave_nipper	physical	Claw	53					
cave_troll	physical	Short sword	191					
cave_troll	physical	Spear	191					
cave_troll	physical	Pitted battle axe	191					
cave_troll	physical	Unknown	191					
cave_troll	maneuver	Web						
cave_worm	physical	Ensnare	139					
cave_worm	physical	Bite	129					
cave_worm	physical	Charge (attack)	139					
cave_worm	physical	Charge	119					
centaur	physical	Longsword	208					
centaur	physical	Greatsword	208					
centaur	physical	Scimitar	166					
centaur	maneuver	Kick						
centaur	maneuver	Bull Rush						
centaur	maneuver	Charge						
centaur	maneuver	Tail Swipe						
centaur_ranger	physical	Long bow	208					
centaur_ranger	physical	Plain wooden arrow	209					
centaur_ranger	offensive_spell	Call Swarm (615)						
centaur_ranger	offensive_spell	Sounds (607)						
centaur_ranger	offensive_spell	Tangleweed (610)						
centaur_ranger	maneuver	Kick						
chitinous_kiramon_myrmidon	physical	Bite						
chitinous_kiramon_myrmidon	physical	Pincer (attack)						
chitinous_kiramon_myrmidon	physical	Bladed forelegs	532..541					
chitinous_kiramon_myrmidon	maneuver	Feint						
chitinous_kiramon_myrmidon	maneuver	Headbutt						
chitinous_kiramon_myrmidon	maneuver	Crowd Press						
chitinous_kiramon_myrmidon	maneuver	Charge						
chitinous_kiramon_myrmidon	special_ability	Kiramon lunge						
chitinous_kiramon_myrmidon	special_ability	Durable Carapace						
chitinous_kiramon_myrmidon	special_ability	Chitin Disarm						
cinder_wasp	physical	Stinger (attack)	276					
cinder_wasp	physical	Stinger	276					
cinereous_chthonian_sybil	bolt_spell	Astral Spear (1408)	569					
cinereous_chthonian_sybil	warding_spell	Dark Catalyst (719)			557			
cinereous_chthonian_sybil	warding_spell	Mindwipe (1225)			536			
cinereous_chthonian_sybil	offensive_spell	Condemn (309)						
cinereous_chthonian_sybil	offensive_spell	Meteor Swarm (525)						
cloud_sprite_bully	physical	Mace	185..235					
cloud_sprite_bully	maneuver	Groin Kick						
cloud_sprite_bully	maneuver	Kneebash						
cloud_sprite_bully	maneuver	Footstomp						
cloud_sprite_bully	maneuver	Kick						
cloud_sprite_meddler	physical	Short bow	216					
cloud_sprite_meddler	physical	Wooden mace	209					
cloud_sprite_meddler	warding_spell	Sleep (501)			149			
cloud_sprite_meddler	warding_spell	Slow (504)			149			
cloud_sprite_meddler	warding_spell	Unknown			149			
cloud_sprite_meddler	offensive_spell	Sounds (607)						
cloud_sprite_meddler	offensive_spell	Call Swarm (615)						
cobra	physical	Bite	68					
cockatrice	physical	Claw (attack)	99					
cockatrice	physical	Pincer (attack)	99					
cockatrice	physical	Charge (attack)	109					
cockatrice	physical	Strike	80..99					
cockatrice	maneuver	Dust Kick						
coconut_crab	physical	Claw	43					
coconut_crab	physical	Unknown	53					
cold_guardian	physical	Closed fist	240					
cold_guardian	physical	Charge	220					
cold_guardian	bolt_spell	Major Cold (907)	193					
colossal_boreal_undansormr	physical	Crush	594..624					
colossus_vulture	physical	Bite	235					
colossus_vulture	physical	Claw	220..245					
colossus_vulture	physical	Impale	235					
colossus_vulture	physical	Swoop	220..245					
colossus_vulture	physical	Beak	211					
colossus_vulture	maneuver	Wing Buffet						
colossus_vulture	special_ability	Wing buffet						
cook_s_assistant	physical	Quarterstaff	208					
cook_s_assistant	physical	Cleaver	188					
cook_s_assistant	bolt_spell	Minor Acid (904)	194					
cook_s_assistant	offensive_spell	Call Wind (912)						
cook_s_assistant	offensive_spell	Elemental Dispel (417)						
cook_s_assistant	offensive_spell	Elemental Wave (410)						
cook_s_assistant	offensive_spell	Gas cloud						
corpulent_kresh_ravager	physical	Bladed forelegs	532					
corpulent_kresh_ravager	special_ability	Keening Cry						
corpulent_kresh_ravager	special_ability	Acid Blood						
corpulent_kresh_ravager	special_ability	Giant Fall						
cougar	physical	Bite	196..203					
cougar	physical	Claw	208					
cougar	maneuver	Charge						
cougar	maneuver	Kick						
cougar	maneuver	Leap						
coyote	physical	Bite	76..95					
coyote	physical	Charge	85..95					
crackling_lightning_fiend	physical	Lightning Torrent(?)						
crackling_lightning_fiend	physical	Crackling blue and golden spark	317					
crackling_lightning_fiend	maneuver	Jagged Jolt(?)						
crackling_lightning_fiend	maneuver	Charge						
crackling_lightning_fiend	maneuver	Ethereal Wave						
crackling_lightning_fiend	maneuver	Ground Slam						
crazed_canine	physical	Bite	94..118					
crazed_canine	physical	Charge (attack)	128					
crazed_canine	physical	Charge	128					
crazed_canine	special_ability	Leap maneuver						
crazed_zombie	physical	Bite	181..202					
crazed_zombie	physical	Claw	202					
crested_basilisk	physical	Bite	206..220					
crested_basilisk	physical	Claw	221					
crested_basilisk	special_ability	Paralyzing Gaze						
crocodile	physical	Charge (attack)	137					
crocodile	physical	Bite	127					
crocodile	physical	Charge	70..137					
crocodile	special_ability	Disease (on hit)						
crystal_crab	physical	Ensnare	109..122					
crystal_crab	physical	Claw	100..112					
crystal_golem	physical	Ensnare	140					
crystal_golem	physical	Pound	134					
crystal_golem	physical	Stomp	144					
crystal_golem	physical	Crystalline fist	117					
crystal_golem	maneuver	Foot stomp						
crystal_golem	maneuver	Ground Slam						
csetairi	physical	Scimitar	369..417					
csetairi	bolt_spell	Major Fire (908)	352					
csetairi	warding_spell	Web (118)			329			
csetairi	warding_spell	Bind (214)			329			
csetairi	warding_spell	Frenzy (216)			329			
csetairi	offensive_spell	Bravery (211)						
csetairi	offensive_spell	Heroism (215)						
csetairi	maneuver	Multi-strike						
csetairi	maneuver	Dispel						
csetairi	maneuver	Point						
csetairi	maneuver	Air Blast						
cyclops	physical	Cudgel	238					
cyclops	physical	Pound (attack)	238					
cyclops	physical	Stomp (attack)	238					
cyclops	physical	Splintered tree trunk	187					
cyclops	physical	Fist	175					
dark_apparition	physical	Bite	48					
dark_apparition	physical	Claw	58					
dark_apparition	warding_spell	Blood Burst (701)			46			
dark_apparition	warding_spell	Mana Disruption (702)			46			
dark_apparition	warding_spell	Bite			46			
dark_apparition	warding_spell	Claw			46			
dark_frosty_plant	physical	ranged: frosty seed	260					
dark_frosty_plant	physical	Frost-covered crystalline flower	138..260					
dark_frosty_plant	physical	melee: stab	260					
dark_frosty_plant	physical	Stinger	242					
dark_frosty_plant	maneuver	Point						
dark_orc	physical	Halberd	147..157					
dark_orc	physical	Scimitar	157					
dark_orc	physical	Morning star	157					
dark_orc	physical	Falchion	157					
dark_panther	physical	Claw	178..198					
dark_panther	physical	Bite	198					
dark_panther	maneuver	Leap						
dark_shambler	physical	Two-handed sword	175					
dark_shambler	physical	Immense dark steel bidenhander	165					
dark_shambler	physical	Twohanded sword	175					
dark_shambler	physical	Broadsword	175					
dark_vortece	warding_spell	Unknown			224			
dark_vysan	physical	Ensnare	54					
dark_vysan	physical	Pound	44					
dark_vysan	physical	Charge (attack)	54					
dark_vysan	physical	Fist	44					
dark_vysan	physical	Unknown	44					
dark_vysan	physical	Charge	54					
darkly_inked_fetish_master	warding_spell	Silence (210)						
darkly_inked_fetish_master	warding_spell	Unbalance (110)			455			
darkly_inked_fetish_master	offensive_spell	Sounds (607)						
darkly_inked_fetish_master	offensive_spell	Spike Thorn (616)						
darkwoode	physical	Claw	127					
darkwoode	physical	Ensnare	137					
darkwoode	bolt_spell	Minor Water (903)	125					
darkwoode	bolt_spell	Major Shock (910)	125					
darkwoode	offensive_spell	Call Wind (912)						
darkwoode	offensive_spell	Tremors (909)						
darkwoode	maneuver	Mystic Gesture						
death_dirge	physical	Closed fist	98					
death_dirge	physical	Black scimitar	98					
death_dirge	warding_spell	Calm (201)			53			
death_dirge	warding_spell	Closed fist			49			
deathsworn_fanatic	physical	Major Fire	462					
deathsworn_fanatic	physical	Bronze cutlass	549					
deathsworn_fanatic	physical	Ensnare	413					
deathsworn_fanatic	physical	Heel of his hand	420					
deathsworn_fanatic	physical	Strike	459					
deathsworn_fanatic	warding_spell	Finger (Pestilence?)			431			
deathsworn_fanatic	warding_spell	Corrupt Essence (703)						
deathsworn_fanatic	warding_spell	Dark Catalyst (719)						
deathsworn_fanatic	warding_spell	Ensnare			443			
deathsworn_fanatic	maneuver	Disarm						
deathsworn_fanatic	maneuver	Strike						
decaying_citadel_guardsman	physical	Hammer of Kai	327					
decaying_citadel_guardsman	maneuver	Charge						
decaying_citadel_guardsman	maneuver	Trip						
decaying_citadel_guardsman	maneuver	Polearm Plant						
deranged_sentry	physical	Halberd	167					
deranged_sentry	maneuver	Disarm Weapon						
deranged_sentry	maneuver	Tackle						
deranged_sentry	maneuver	Trip						
deranged_sentry	maneuver	Halberd Sweep						
desiccated_half_krolvin_strigoi	physical	Closed fist						
desiccated_half_krolvin_strigoi	physical	Ensnare (attack)						
desiccated_half_krolvin_strigoi	special_ability	Vampire bite?						
dhu_goleras	physical	Dagger	379..387					
dhu_goleras	bolt_spell	Balefire (713)	364					
dhu_goleras	warding_spell	Bind (214)			342			
dhu_goleras	warding_spell	Blood Burst (701)			353			
dhu_goleras	warding_spell	Calm (201)			342			
dhu_goleras	warding_spell	Corrupt Essence (703)			353			
dhu_goleras	warding_spell	Curse (715)			353			
dhu_goleras	warding_spell	Dark Catalyst (719)			353			
dhu_goleras	warding_spell	Disintegrate (705)			353			
dhu_goleras	warding_spell	Limb Disruption (708)			353			
dhu_goleras	maneuver	Energy Maelstrom (710)						
dhu_goleras	maneuver	Quake (709)						
direbear	physical	Bite (attack)	349					
direbear	physical	Claw (attack)	340..355					
direbear	physical	Bite	270..280					
direbear	offensive_spell	Bertrandt's Bellow						
direbear	offensive_spell	Gerrelle's Growl						
direbear	offensive_spell	Red eyes (AS boost)						
direbear	maneuver	Bearhug						
direbear	maneuver	Charge						
disfigured_hive_thrall	physical	Charge						
disfigured_hive_thrall	physical	Claw						
disfigured_hive_thrall	physical	Barbed stinger	557					
disfigured_hive_thrall	bolt_spell	Major Acid						
disfigured_hive_thrall	bolt_spell	Web bolt						
disfigured_hive_thrall	warding_spell	Wild Entropy						
disfigured_hive_thrall	warding_spell	Charge			447			
disfigured_hive_thrall	offensive_spell	Powersink						
disfigured_hive_thrall	maneuver	Bull Rush						
disfigured_hive_thrall	maneuver	Bearhug						
disfigured_hive_thrall	maneuver	Charge						
disfigured_hive_thrall	special_ability	Spirit Strike						
disfigured_hive_thrall	special_ability	Project Misery						
disfigured_hive_thrall	special_ability	Psychic Assault						
dobrem	physical	Bite						
dobrem	physical	Claw	198..249					
dobrem	maneuver	Canine lunge						
dobrem	maneuver	Lunge						
dreadnought_raptor	physical	Impale	271..274					
dreadnought_raptor	physical	Bite						
dreadnought_raptor	physical	Claw	275..281					
dreadnought_raptor	physical	Swoop	252..281					
dreadnought_raptor	physical	Beak	234					
dreadnought_raptor	maneuver	Wing Buffet						
dreadnought_raptor	special_ability	Buffet						
dybbuk	physical	Length of Rusted Chain	293..298					
earth_elemental	physical	Pound (attack)	401					
earth_elemental	physical	Foot	422					
earth_elemental	physical	Heavy earthen fists	421					
ebon_swine	physical	Bite	158					
ebon_swine	physical	Charge	181					
eidolon	physical	Closed fist	248..307					
eidolon	warding_spell	Pain (711)						
eidolon	warding_spell	Curse (715)						
eidolon	warding_spell	Pestilence (716)						
eidolon	warding_spell	Torment (718)						
eidolon	warding_spell	Repel (fear)			251			
eidolon	warding_spell	Point			272			
elder_ghoul_master	physical	Claidhmore	128					
elder_tree_spirit	physical	Ensnare (attack)						
elder_tree_spirit	physical	Ensnare	182					
elder_tree_spirit	bolt_spell	Major Shock (910)	208..220					
elder_tree_spirit	warding_spell	Unbalance (110)			157..169			
elder_tree_spirit	offensive_spell	Earthen Fury (917)						
elder_tree_spirit	offensive_spell	Call Lightning (125)						
elder_tree_spirit	maneuver	Gesture						
emaciated_hierophant	physical	Espadon	331					
emaciated_hierophant	warding_spell	Unbalance			279			
emaciated_hierophant	offensive_spell	Sounds						
emaciated_hierophant	offensive_spell	Tangle Weed						
emaciated_hierophant	offensive_spell	Spike Thorn						
emaciated_hierophant	offensive_spell	Spirit Strike						
enormous_mosquito	physical	Dive	216					
enormous_mosquito	physical	(quarantine-recovered)	216					
enormous_mosquito	maneuver	Blood drain						
enormous_mosquito	maneuver	Dive						
enormous_rift_crawler	physical	Bite	449..461					
enormous_rift_crawler	physical	Charge (attack)	447					
enormous_rift_crawler	physical	Charge	459..475					
enormous_rift_crawler	maneuver	Burrow						
enormous_rift_crawler	maneuver	Tail slam						
enormous_rift_crawler	maneuver	Tail Swipe						
enormous_rift_crawler	maneuver	Shield Charge						
ethereal_mage_apprentice	physical	Hissing stream of acid	293					
ethereal_mage_apprentice	physical	Large boulder	261					
ethereal_mage_apprentice	physical	Polished black oak runestaff	288					
ethereal_mage_apprentice	physical	Roaring ball of fire	265					
ethereal_mage_apprentice	physical	Stream of fire	288					
ethereal_triton_psionicist	physical	Unarmed combat		390 UAF				
ethereal_triton_psionicist	bolt_spell	Telekinesis (1206)	365					
ethereal_triton_psionicist	bolt_spell	Astral Spear (1408)	365					
ethereal_triton_psionicist	warding_spell	Thought Lash (1210)			448			
ethereal_triton_psionicist	warding_spell	Vertigo (1219)			448			
ethereal_triton_psionicist	warding_spell	Mindwipe (1225)			448			
ethereal_triton_psionicist	warding_spell	Mana Burst (1414)			457			
ethereal_triton_psionicist	warding_spell	Jab			448			
ethereal_triton_psionicist	warding_spell	Lash			448			
ethereal_triton_psionicist	warding_spell	Claw Curse			460			
ethereal_triton_psionicist	maneuver	Claw Curse						
ethereal_triton_sentry	warding_spell	Dark Catalyst (719)			451..457			
ethereal_triton_sentry	warding_spell	Mana Disruption (702)			451..457			
ethereal_triton_sentry	warding_spell	Disintegrate (705)			451..457			
ethereal_triton_sentry	warding_spell	Mind Jolt (706)			451..457			
ethereal_triton_sentry	offensive_spell	Implosion (720)						
ethereal_triton_sentry	offensive_spell	Major Elemental Wave (435)						
ethereal_triton_sentry	maneuver	Claw Curse						
eyeless_black_valravn	physical	Talons	600..620					
eyeless_black_valravn	physical	Dagger-sharp beak	610..620					
eyeless_black_valravn	physical	Yellowed brittle bone cudgel	603					
eyeless_black_valravn	physical	?: Blow raises a welt	582					
eyeless_black_valravn	physical	Crush	614					
eyeless_black_valravn	physical	Huge black alloy greatsword	679					
eyeless_black_valravn	physical	Shining metallic spear	628..657					
eyeless_black_valravn	warding_spell	Yellowed brittle bone cudgel			404			
fallen_crusader	physical	Barbed tentacle	428..450					
fallen_crusader	physical	Gilt-edged steel talon sword	506..515					
fallen_crusader	physical	Gold-spiked black morning star	440..506					
fallen_crusader	warding_spell	Gilt-edged steel talon sword			411			
fallen_crusader	warding_spell	Gold-spiked black morning star			408			
fallen_crusader	maneuver	Charge						
fallen_crusader	maneuver	Feint						
fallen_crusader	maneuver	Shield Charge						
fallen_crusader	maneuver	Tail Swipe						
fallen_crusader	maneuver	Gesture						
fanged_goblin	physical	Handaxe	36..46					
fanged_goblin	physical	Spear	36..46					
fanged_goblin	physical	Unknown	36					
fanged_rodent	physical	Bite	44					
fanged_rodent	physical	Unknown	44					
fanged_viper	physical	Bite	68					
fanged_viper	physical	Unknown	68					
farlook	bolt_spell	Major Shock (910)	347					
farlook	bolt_spell	Hand of Tonis	347					
farlook	offensive_spell	Elemental Wave (410)						
farlook	offensive_spell	Call Wind (912)						
farlook	offensive_spell	Sandstorm (914)						
farlook	offensive_spell	Earthen Fury (917)						
farlook	special_ability	Lightning mote						
fenghai	physical	kris	146..173					
fenghai	physical	Freezing ball of pure cold	200					
fenghai	physical	Hissing stream of acid	206					
fenghai	physical	Large boulder	123					
fenghai	physical	Powerful lightning bolt	208					
fenghai	physical	Scimitar	209					
fenghai	physical	Small surge of electricity	202					
fenghai	physical	Stream of fire	167					
fenghai	physical	Fist	133					
fenghai	bolt_spell	Minor Acid (904)	167					
fenghai	bolt_spell	Major Cold (907)	160..167					
fenghai	bolt_spell	Major Fire (908)	178					
fenghai	bolt_spell	Minor Shock (901)	167					
fenghai	warding_spell	Point			145			
festering_taint	physical	Claw	370..408					
festering_taint	bolt_spell	Fire Spirit (111)	369					
festering_taint	warding_spell	Curse (715)			379			
festering_taint	warding_spell	Dark Catalyst (719)			379			
festering_taint	warding_spell	Disease (716)			379			
festering_taint	warding_spell	Disintegrate (705)			379			
festering_taint	warding_spell	Mind Jolt (706)			379			
festering_taint	warding_spell	Unbalance (110)			366			
festering_taint	warding_spell	Claw			367			
festering_taint	offensive_spell	Elemental Wave (410)						
festering_taint	offensive_spell	Grasp of the Grave (709)						
festering_taint	maneuver	Putrid Air						
festering_taint	maneuver	Point						
fire_ant	physical	Bite	41					
fire_ant	physical	Charge	51					
fire_ant	physical	Unknown	6					
fire_cat	physical	Claw	135..164					
fire_cat	physical	Bite	157..170					
fire_cat	special_ability	Pounce						
fire_elemental	physical	Ensnare	346					
fire_elemental	offensive_spell	Major Elemental Wave						
fire_giant	physical	War mattock	209..262					
fire_giant	bolt_spell	Major Fire (908)	200					
fire_giant	bolt_spell	Minor Fire (906)	200					
fire_guardian	physical	Closed fist	122..152					
fire_guardian	physical	Ensnare (attack)	152					
fire_guardian	physical	Charge (attack)	152					
fire_guardian	bolt_spell	Minor Fire (906)	124					
fire_guardian	bolt_spell	Major Fire (908)	124					
fire_mage	physical	Closed fist	115					
fire_mage	physical	Gnarled black staff	274					
fire_mage	bolt_spell	Major Fire (908)	311					
fire_mage	warding_spell	Earthen Fury						
fire_mage	warding_spell	Firestorm						
fire_mage	warding_spell	Sleep						
fire_mage	warding_spell	Tremors						
fire_mage	warding_spell	Weapon Fire						
fire_mage	warding_spell	Feras mattock			324			
fire_mage	maneuver	Fire Bolt						
fire_ogre	physical	Flail	245					
fire_ogre	bolt_spell	Major Fire (908)	167					
fire_rat	physical	Bite	139..169					
fire_rat	physical	Claw	169					
fire_salamander	physical	Bite	42					
fire_salamander	physical	Charge	52					
fire_salamander	physical	Claw	42					
fire_salamander	physical	Unknown	52					
fire_sprite	physical	Closed fist	294..327					
fire_sprite	bolt_spell	Major Fire						
fire_sprite	offensive_spell	Elemental Dispel						
firebird	physical	Claw (attack)	288..385					
firebird	physical	Bite (attack)	375					
firebird	physical	Impale (attack)	380					
firebird	physical	Beak	375					
firebird	physical	Roaring ball of fire	302					
firebird	physical	Sharp beak	381					
firebird	physical	Stream of fire	322					
firebird	bolt_spell	Major Fire (908)	302					
firebird	maneuver	Wing Buffet						
firebird	maneuver	Screech						
firebird	maneuver	Fire Mote						
firebird	maneuver	Drop						
firebird	maneuver	Fire flares						
firebird	maneuver	Dive						
firebird	maneuver	Ethereal Wave						
firebird	maneuver	Shield Bash						
firephantom	physical	Closed fist	77					
firephantom	bolt_spell	Minor Fire (906)	69					
firephantom	bolt_spell	Major Fire (908)	69					
firethorn_shoot	physical	Ensnare (attack)	244					
firethorn_shoot	physical	Stinger (attack)	254					
firethorn_shoot	physical	Stinger	254					
firethorn_shoot	offensive_spell	Tangleweed (610)						
flayed_gigas_disciple	physical	Gigantic hand	597					
flayed_gigas_disciple	physical	Skinless fist down	587					
flayed_gigas_disciple	bolt_spell	903	521					
flayed_gigas_disciple	warding_spell	1115			521			
flayed_gigas_disciple	warding_spell	719			535			
flayed_gigas_disciple	warding_spell	Point			517			
flayed_gigas_disciple	maneuver	Point						
flesh_golem	physical	Pound (double attack)	300					
flesh_golem	physical	Stomp	300					
flesh_golem	physical	Fist	230..304					
flesh_golem	maneuver	Noxious Cloud						
flesh_golem	maneuver	Twin Hammerfists						
flesh_golem	maneuver	Ground Slam						
flesh_golem	maneuver	Miasma						
flesh_golem	maneuver	Shield Bash						
flickering_mist_wreathed_banshee	physical	Bite	520					
flickering_mist_wreathed_banshee	physical	Kick	555					
flickering_mist_wreathed_banshee	warding_spell	Point			448			
flickering_mist_wreathed_banshee	offensive_spell	Curse (715)						
flickering_mist_wreathed_banshee	maneuver	Point						
flickering_mist_wreathed_banshee	special_ability	Dispel						
forest_bendith	physical	Scimitar	230..256					
forest_bendith	physical	Morning star	235..256					
forest_bendith	maneuver	Cheapshots#Eyepoke						
forest_ogre	physical	Closed fist	178					
forest_ogre	physical	Falchion	160..186					
forest_ogre	physical	Pound	178					
forest_ogre	physical	Stomp	178					
forest_ogre	maneuver	Tackle						
forest_ogre	maneuver	Pounce						
forest_trali	physical	Broadsword	244..274					
forest_trali	physical	Dart	298					
forest_trali_shaman	physical	Mace	271					
forest_trali_shaman	warding_spell	Bind (214)			224			
forest_trali_shaman	warding_spell	Calm (201)						
forest_trali_shaman	warding_spell	Silence (210)						
forest_trali_shaman	warding_spell	Unbalance (110)						
forest_trali_shaman	offensive_spell	Phoen's Strength (606)						
forest_trali_shaman	offensive_spell	Spirit Strike (117)						
forest_trali_shaman	offensive_spell	Spike Thorn (616)						
forest_trali_shaman	maneuver	Gesture						
forest_troll	physical	Cudgel	173..201					
forest_troll	physical	Scimitar	173					
forest_troll	physical	Bite	153					
forest_troll	physical	Claw	153					
forest_troll	physical	Dagger	173					
forest_troll	physical	Flail	173					
forest_troll	physical	Mace	173					
forest_troll	physical	War mattock	173					
forest_troll	physical	Unknown	201					
forest_troll	special_ability	Attack strength boost (howl)						
forest_troll	special_ability	Attack strength boost (snarl)						
frenzied_monk	bolt_spell	Major Cold (907)	174					
frenzied_monk	warding_spell	Cold Snap (512)			150			
frenzied_monk	offensive_spell	Bravery (211)						
frost_giant	physical	War hammer						
frost_giant	physical	Battle axe	251					
frost_giant	physical	Freezing ball of pure cold	204					
frost_giant	physical	Frost-covered battle-axe	244					
frost_giant	physical	Morning star	216					
frost_giant	bolt_spell	Major Cold (907)	177..222					
frost_giant	maneuver	Stomp						
frost_giant	special_ability	AS Boost						
frozen_corpse	physical	Ice Pick	282..286					
fulminating_stormborn_primordial	physical	Crackling Sparks	476					
fulminating_stormborn_primordial	bolt_spell	Cone of Elements (518)		???				
fulminating_stormborn_primordial	warding_spell	Elemental Strike (415)				???		
fulminating_stormborn_primordial	offensive_spell	Major Elemental Wave (435)						
fulminating_stormborn_primordial	offensive_spell	Call Wind (912)						
fulminating_stormborn_primordial	special_ability	Lightning Lash						
fulminating_stormborn_primordial	special_ability	Sundering Spark						
fulminating_stormborn_primordial	special_ability	Enervation Beam						
gaudy_phantasmic_conjurer	physical	Bite	520..547					
gaudy_phantasmic_conjurer	warding_spell	458 CS						
gaudy_phantasmic_conjurer	maneuver	Pounce						
gaunt_feral_selkie	physical	Hand of Tonis (505)						
gaunt_feral_selkie	physical	Major Cold (907)						
gaunt_feral_selkie	physical	Charge	298					
gaunt_feral_selkie	offensive_spell	Hand of Tonis (505)						
gaunt_feral_selkie	offensive_spell	Earthen Fury (917)						
gaunt_feral_selkie	maneuver	Headbutt						
gaunt_feral_selkie	maneuver	Bull Rush						
gaunt_feral_selkie	maneuver	Sweep						
gaunt_feral_selkie	maneuver	Charge						
ghost	physical	Short sword	58					
ghost_wolf	physical	Bite	143					
ghost_wolf	physical	Claw	143					
ghost_wolf	physical	Unknown	143					
ghostly_mara	physical	Longsword	208					
ghostly_mara	physical	Falchion	208					
ghostly_mara	offensive_spell	Lullabye						
ghostly_pooka	physical	Bite	189..217					
ghostly_warrior	physical	Broadsword	173					
ghostly_warrior	physical	Morning star	168					
ghostly_warrior	physical	Flail	153					
ghoul_master	physical	Bite	137					
ghoul_master	physical	Claw	147					
ghoul_master	physical	Pound (attack)	137					
ghoul_master	physical	Fist	137					
ghoul_master	warding_spell	Bite			88			
ghoul_master	warding_spell	Claw			88			
giant_albino_scorpion	physical	Pincer (attack)	197					
giant_albino_scorpion	physical	Stinger (attack)	207					
giant_albino_scorpion	physical	Pincer	157..177					
giant_albino_scorpion	physical	Stinger	207					
giant_albino_tomb_spider	physical	Ensnare	222					
giant_albino_tomb_spider	physical	Bite	212					
giant_albino_tomb_spider	maneuver	Web						
giant_albino_tomb_spider	special_ability	Web						
giant_ant	physical	Bite	36..41					
giant_ant	physical	Charge (attack)	46					
giant_ant	physical	Unknown	46					
giant_fog_beetle	physical	Pincer (attack)	228					
giant_fog_beetle	physical	Pincer	205..208					
giant_fog_beetle	special_ability	Gas cloud						
giant_hawk_owl	physical	Impale	247					
giant_hawk_owl	physical	Bite	247					
giant_hawk_owl	physical	Claw	203..247					
giant_hawk_owl	physical	Swoop	194					
giant_hawk_owl	maneuver	Lash						
giant_marmot	physical	Bite	131					
giant_marmot	physical	Claw	121..131					
giant_rat	physical	Bite	34					
giant_rat	physical	Unknown	34					
giant_veaba	physical	Bite	178					
giant_veaba	physical	Claw	189					
giant_veaba	maneuver	Charge						
giant_veaba	maneuver	Rear						
giant_weasel	physical	Bite	151					
giant_weasel	physical	Claw	144..166					
gigantic_lightning_whelk	physical	Huge hooves	519					
gigantic_lightning_whelk	physical	Tusks	519					
gigantic_lightning_whelk	maneuver	Headbutt						
gigantic_lightning_whelk	maneuver	Bull Rush						
gigantic_lightning_whelk	special_ability	Shock Beam						
gigantic_lightning_whelk	special_ability	Snailguard						
glacial_morph	physical	Pound						
glacial_morph	physical	Ensnare						
glacial_morph	physical	Elongated block of ice	310					
glacial_morph	maneuver	Ethereal Wave						
glistening_cerebralite	physical	Barbed tentacle	176..410					
glistening_cerebralite	physical	Bladed forearms	476					
glistening_cerebralite	bolt_spell	Balefire (713)	402					
glistening_cerebralite	bolt_spell	Empathic Assault (1110)	402					
glistening_cerebralite	bolt_spell	Major Shock (910)	402					
glistening_cerebralite	warding_spell	Cloak of Shadows (712)			406			
glistening_cerebralite	warding_spell	Sympathy (1120)			424			
glistening_cerebralite	offensive_spell	Heroism (215)						
glistening_cerebralite	offensive_spell	Song of Depression (1015)						
glistening_cerebralite	offensive_spell	Spiritual Abolition (230)						
glistening_cerebralite	maneuver	Tail Swipe						
glistening_cerebralite	maneuver	Lash						
gnarled_being	physical	Claw	406					
gnarled_being	physical	Impale	396					
gnarled_being	physical	Smash	398..412					
gnarled_being	physical	Tusk	356					
gnarled_being	maneuver	Ground Slam						
gnoll_miner	physical	Handaxe	125					
gnoll_ranger	physical	Handaxe	171					
gnoll_ranger	physical	Unknown	150					
gnoll_ranger	offensive_spell	Sounds (607)						
gnoll_thief	physical	Short sword	162					
gnoll_thief	physical	Unknown	159					
gnoll_thief	special_ability	Hurl						
gnoll_worker	physical	Hatchet	112..125					
gnoll_worker	physical	Unknown	125					
goblin	physical	Flail	46					
goblin	physical	Scimitar	36					
goblin	physical	Unknown	46					
great_boar	physical	Charge	138..148					
great_boar	physical	Bite	128..138					
great_boar	maneuver	Charge						
great_boar	special_ability	Charge						
great_brown_bear	physical	Claw	189..191					
great_brown_bear	physical	Bite	182..184					
great_brown_bear	physical	Charge (attack)	194					
great_brown_bear	physical	Charge	179					
great_stag	physical	Charge (attack)	165					
great_stag	physical	Impale (attack)	165					
great_stag	physical	Antlers	148					
great_stag	physical	Charge	148					
greater_bog_troll	physical	Axe	262					
greater_bog_troll	offensive_spell	Call Swarm (615)						
greater_bog_troll	offensive_spell	Sounds (607)						
greater_bog_troll	offensive_spell	Tangleweed (610)						
greater_burrow_orc	physical	Short sword	118..128					
greater_burrow_orc	physical	Unknown	108					
greater_construct	physical	Stomp						
greater_construct	physical	Arm	449..460					
greater_construct	physical	Smash	459..468					
greater_construct	maneuver	Crush						
greater_construct	maneuver	Tandem Dispel						
greater_construct	maneuver	Team Swat						
greater_construct	maneuver	Ground Slam						
greater_construct	maneuver	Slam						
greater_earth_elemental	physical	Pound (attack)						
greater_earth_elemental	physical	Thrown Rock	419					
greater_earth_elemental	physical	Fist	397					
greater_earth_elemental	physical	Heavy earthen fists	439					
greater_earth_elemental	physical	Large rock	423					
greater_earth_elemental	physical	Foot	440					
greater_earth_elemental	maneuver	Ethereal Wave						
greater_faeroth	physical	Bite	302..342					
greater_faeroth	physical	Claw	318..340					
greater_faeroth	physical	Pound	305..338					
greater_faeroth	physical	Fist	297					
greater_fetid_corpse	physical	Bite	262					
greater_fetid_corpse	maneuver	Claw						
greater_ghoul	physical	Claw	63					
greater_ghoul	physical	Unknown	63					
greater_ice_giant	physical	Battle-axe	236..306					
greater_ice_giant	bolt_spell	Major Cold (907)	215					
greater_ice_giant	offensive_spell	Spirit Dispel						
greater_ice_spider	physical	Pincer (attack)	48					
greater_ice_spider	physical	Stinger (attack)	71					
greater_ice_spider	physical	Pincer	54					
greater_ice_spider	offensive_spell	Webbed						
greater_ice_spider	maneuver	Web						
greater_kappa	physical	Handaxe	107					
greater_krynch	physical	Pound (attack)	427					
greater_krynch	physical	Fist	427					
greater_krynch	physical	Heavy earthen fists	417					
greater_krynch	maneuver	Ethereal Wave						
greater_krynch	special_ability	Krynch boulder						
greater_moor_wight	physical	Broadsword						
greater_moor_wight	physical	Handaxe	226..252					
greater_moor_wight	physical	Rusty steel flyssa	246					
greater_moor_wight	physical	Wickedly curved scimitar	226					
greater_moor_wight	warding_spell	Cold Snap (512)			203			
greater_moor_wight	warding_spell	Claw Curse			189			
greater_moor_wight	offensive_spell	Elemental Dispel (417)						
greater_orc	physical	Spear	126					
greater_orc	physical	War mattock	113					
greater_orc	physical	Mace	113					
greater_orc	physical	Scimitar	113					
greater_orc	physical	Short sword	113					
greater_skayl	physical	Pound	392					
greater_skayl	physical	Ensnare	404..424					
greater_skayl	physical	Fist	358..410					
greater_skayl	bolt_spell	Balefire (713)	342					
greater_skayl	offensive_spell	Earthen Fury (917)						
greater_skayl	maneuver	Fire Wave						
greater_spider	physical	Claw	104..116					
greater_spider	physical	Pincer (attack)	116					
greater_spider	physical	Pincer	104					
greater_spider	physical	Unknown	116					
greater_spider	maneuver	Web						
greater_spider	special_ability	Web						
greater_vruul	physical	Claw	213..238					
greater_vruul	warding_spell	Bind (214)			295			
greater_vruul	warding_spell	Calm (201)			295			
greater_vruul	warding_spell	Frenzy (216)			295			
greater_vruul	warding_spell	Interference (212)			295			
greater_vruul	warding_spell	Silence (210)			295			
greater_vruul	warding_spell	Unbalance (110)			295			
greater_water_elemental	physical	Pound	441					
greater_water_elemental	physical	Fist	425..500					
greater_water_elemental	bolt_spell	Minor Water (903)	540					
greater_water_elemental	warding_spell	Elemental Strike (415)			495			
greater_water_elemental	offensive_spell	Major Elemental Wave (435)						
greater_water_elemental	offensive_spell	Elemental Disjunction (530)						
greater_water_elemental	maneuver	Water blast						
greater_water_elemental	maneuver	Charge						
greater_water_elemental	maneuver	Repel						
greenwing_hornet	physical	Stinger (attack)	172					
greenwing_hornet	physical	Stinger	172					
greenwing_hornet	special_ability	Sting						
gremlock	physical	Claw	325..427					
gremlock	maneuver	Garrote						
grey_orc	physical	Composite bow	139					
grey_orc	bolt_spell	Minor Fire (906)	130					
grey_orc	offensive_spell	Gas cloud						
grey_plumed_steelwing_harpy	maneuver	Brace						
grifflet	physical	Impale	342					
grifflet	physical	Bite	342					
grifflet	physical	Claw	352					
grifflet	physical	Swoop	342					
grifflet	offensive_spell	Call Wind (912)						
grifflet	offensive_spell	Screech						
grim_gigas_skald	physical	Immense fel-hafted handaxe	520..566					
grim_gigas_skald	physical	Enormous tusks	529..549					
grim_gigas_skald	physical	Lunge	520..560					
grim_gigas_skald	physical	Golden targe	581					
grim_gigas_skald	physical	Clawed fists	560					
grim_gigas_skald	physical	Shark-like teeth	450					
grim_gigas_skald	warding_spell	Stunning Shout (1008)			494..499			
grim_gigas_skald	warding_spell	Mindwipe (1225)			423			
grim_gigas_skald	maneuver	Pounce						
grim_gigas_skald	maneuver	Charge						
grimswarm_orc_archer	physical	Plain wooden arrow	267					
grimswarm_orc_hunter	physical	Ball and chain	256					
grimswarm_orc_pillager	physical	Polished longsword	197					
grimswarm_orc_pillager	maneuver	Dust Kick						
grimswarm_orc_raider	maneuver	Dust Kick						
grimswarm_orc_ranger	physical	Mace	231					
grimswarm_orc_ranger	physical	Plain wooden arrow	274..465					
grimswarm_orc_ranger	physical	Trident	269					
grimswarm_orc_ranger	maneuver	Stomp						
grimswarm_orc_skirmisher	physical	Handaxe	87					
grimswarm_orc_sorceress	maneuver	Gesture						
grimswarm_troll_ranger	physical	Dagger	279					
grimswarm_troll_ranger	physical	Plain wooden bolt	124					
grimswarm_troll_ranger	physical	Plain wooden arrow	408					
grimswarm_troll_scourge	physical	Dagger	228					
grimswarm_troll_skirmisher	physical	Wooden heavy crossbow bolt	474					
grimswarm_troll_skirmisher	maneuver	Sand Kick						
grimswarm_troll_soldier	physical	Twohanded sword	456					
grimswarm_troll_soldier	maneuver	Sand Kick						
grisly_corpse_hulk	physical	Stomp (attack)	310					
grisly_corpse_hulk	physical	Closed fist	310					
grisly_corpse_hulk	physical	Ensnare	326					
grisly_corpse_hulk	maneuver	Tackle						
grisly_corpse_hulk	maneuver	Lash						
grisly_corpse_hulk	special_ability	Tremors						
grizzly_bear	physical	Charge	286					
grizzly_bear	physical	Claw	242..285					
grizzly_bear	physical	Bite	269					
grizzly_bear	maneuver	Charge						
grutik_savage	physical	Spear	188..230					
grutik_savage	physical	Dart	249					
grutik_savage	physical	Closed fist	200					
grutik_savage	physical	Crude stone axe	206					
grutik_savage	physical	Crude wooden club	215					
grutik_shaman	physical	Quarterstaff	220					
grutik_shaman	bolt_spell	Minor Acid (904)	205					
grutik_shaman	warding_spell	Sleep (501)			165			
grutik_shaman	warding_spell	Burrow Ambush			165			
grutik_shaman	warding_spell	Gnarled wooden staff			165			
grutik_shaman	offensive_spell	Elemental Dispel (417)						
grutik_shaman	offensive_spell	Earthen Fury (917)						
grutik_shaman	offensive_spell	Elemental Wave (410)						
grutik_shaman	offensive_spell	Tremors (909)						
grutik_shaman	maneuver	Gesture						
haggard_veiki_herald	warding_spell	Templar's Verdict (1603)			375			
haggard_veiki_herald	maneuver	Ethereal Wave						
haggard_veiki_herald	maneuver	Ground Slam						
haggard_veiki_herald	maneuver	Shield Bash						
hapless_charmed_corsair	physical	Cudgel	605					
hapless_charmed_corsair	physical	Huge black alloy greatsword	592					
hapless_charmed_corsair	offensive_spell	Intensity (1130)						
hapless_charmed_corsair	maneuver	Bearhug						
hapless_charmed_corsair	maneuver	Haymaker						
hapless_charmed_corsair	maneuver	Berserk						
hapless_charmed_corsair	maneuver	Slippery Mind						
hapless_charmed_corsair	special_ability	Cyclonic Slash						
hapless_charmed_corsair	special_ability	Grasping Ward						
heavily_armored_battle_mastodon	physical	trunk slam	532					
heavily_armored_battle_mastodon	physical	Enormous tusks	527..566					
heavily_armored_battle_mastodon	physical	Golden targe	556..562					
heavily_armored_battle_mastodon	physical	Great foot	531..575					
heavily_armored_battle_mastodon	physical	Lunge	520..551					
heavily_armored_battle_mastodon	physical	Charge	529					
heavily_armored_battle_mastodon	physical	Clawed fists	475					
heavily_armored_battle_mastodon	physical	Copper-traced dark steel hatchet	532..535					
heavily_armored_battle_mastodon	physical	Huge hooves	519					
heavily_armored_battle_mastodon	physical	Shark-like teeth	498					
heavily_armored_battle_mastodon	physical	Tusks	521					
heavily_armored_battle_mastodon	maneuver	Pounce						
heavily_armored_battle_mastodon	maneuver	Charge						
heavily_armored_battle_mastodon	special_ability	tremors						
hill_troll	physical	Two-handed sword						
hill_troll	physical	War mattock						
hill_troll	physical	War hammer						
hill_troll	physical	Spear						
hill_troll	physical	Cudgel	207					
hill_troll	physical	Military pick	194					
hill_troll	physical	Unknown	182					
hill_troll	special_ability	Attack strength boost (bellow)						
hill_troll	special_ability	Attack strength boost - (snarl)						
hisskra_chieftain	physical	Dart	260					
hisskra_chieftain	physical	Trident	235					
hisskra_chieftain	maneuver	Tail Swipe						
hisskra_shaman	physical	Trident	208..222					
hisskra_shaman	warding_spell	Blood Burst (701)			165			
hisskra_shaman	warding_spell	Mana Disruption (702)			165			
hisskra_shaman	offensive_spell	Sounds (607)						
hisskra_shaman	offensive_spell	Tangleweed (610)						
hisskra_warrior	physical	Dart	247					
hisskra_warrior	physical	Trident	205..227					
hisskra_warrior	maneuver	Lash						
hisskra_warrior	maneuver	Tail Swipe						
hobgoblin	physical	Claidhmore	68					
hobgoblin	physical	Handaxe	68					
hobgoblin	physical	Rapier	68					
hobgoblin	physical	Iron battle axe	58					
hobgoblin	physical	Morning star	54					
hobgoblin	physical	Unknown	68					
hobgoblin_acolyte	physical	Leather whip						
hobgoblin_acolyte	bolt_spell	Minor Shock (901)	104					
hobgoblin_acolyte	bolt_spell	Minor Water (903)	104					
hobgoblin_shaman	physical	Leather whip	111					
hobgoblin_shaman	physical	Mace	111					
hobgoblin_shaman	bolt_spell	Minor Shock (901)	89					
hobgoblin_shaman	bolt_spell	Minor Water (903)	89					
hooded_figure	physical	Broadsword						
hooded_figure	physical	Morning star						
hooded_figure	physical	Falchion	186..231					
hooded_figure	physical	Short sword	231					
hooded_figure	bolt_spell	Cone of Elements (518)	182..233					
hooded_figure	bolt_spell	Major Cold (907)	182..233					
hooded_figure	bolt_spell	Major Fire (908)	182..233					
hooded_figure	bolt_spell	Major Shock (910)	182..233					
hooded_figure	bolt_spell	Minor Fire (906)	182..233					
hooded_figure	bolt_spell	Minor Shock (901)	182..233					
hooded_figure	bolt_spell	Minor Water (903)	182..233					
hooded_figure	warding_spell	Blood Burst (701)			168..195			
hooded_figure	warding_spell	Corrupt Essence (703)			168..195			
hooded_figure	warding_spell	Elemental Blast (409)			168..195			
hooded_figure	warding_spell	Elemental Saturation (413)			168..195			
hooded_figure	warding_spell	Elemental Strike (415)			168..195			
hooded_figure	warding_spell	Immolation (519)			168..195			
hooded_figure	warding_spell	Mana Disruption (702)			168..195			
hooded_figure	warding_spell	Dagger			168			
hooded_figure	warding_spell	Falchion			195			
hooded_figure	warding_spell	Short sword			195			
hooded_figure	offensive_spell	Elemental Dispel (417)						
hooded_figure	offensive_spell	Elemental Wave (410)						
hooded_figure	offensive_spell	Tremors (909)						
hooded_figure	offensive_spell	Weapon Deflection (412)						
hooded_figure	maneuver	Gesture						
horned_basalt_grotesque	physical	Closed fist	525..565					
horned_basalt_grotesque	physical	Stomp	526..555					
horned_basalt_grotesque	physical	Bite	530					
horned_basalt_grotesque	bolt_spell	Hurl Boulder (510)	387..417					
horned_basalt_grotesque	warding_spell	Stone Fist (514)			452			
horned_basalt_grotesque	offensive_spell	Major Elemental Wave (435)						
horned_basalt_grotesque	offensive_spell	Call Wind (912)						
horned_basalt_grotesque	offensive_spell	Earthen Fury (917)						
horned_basalt_grotesque	maneuver	Haymaker						
horned_basalt_grotesque	maneuver	Bearhug						
horned_basalt_grotesque	maneuver	Charge						
horned_vor_taz	physical	Charge	290..296					
horned_vor_taz	warding_spell	Sun Burst (609)			225			
horned_vor_taz	offensive_spell	Call Swarm (615)						
horned_vor_taz	offensive_spell	Sounds (607)						
horned_vor_taz	offensive_spell	Spirit Strike (117)						
horned_vor_taz	offensive_spell	Tangleweed (610)						
huge_air_elemental	bolt_spell	Hand of Tonis (505)	448					
huge_air_elemental	warding_spell	Slow (504)			335			
huge_air_elemental	offensive_spell	Call Wind (912)						
huge_air_elemental	offensive_spell	Elemental Wave (410)						
huge_air_elemental	offensive_spell	Major Elemental Wave (435)						
huge_air_elemental	offensive_spell	Wind blast						
huge_earth_elemental	physical	Pound	460					
huge_earth_elemental	bolt_spell	Hurl Boulder (510)	463					
huge_earth_elemental	maneuver	Ground slap						
huge_earth_elemental	special_ability	Stone touch						
huge_earth_elemental	special_ability	Earthquake						
huge_fire_elemental	physical	Claw	460					
huge_fire_elemental	physical	Roaring ball of fire	469					
huge_fire_elemental	physical	Stream of fire	469					
huge_fire_elemental	bolt_spell	Major Fire (908)	469					
huge_fire_elemental	bolt_spell	Minor Fire (906)	469					
huge_fire_elemental	maneuver	Mass Boil Earth						
huge_fire_elemental	maneuver	Lash						
huge_ice_elemental	physical	Pound	430					
huge_ice_elemental	bolt_spell	Major Cold (907)	438					
huge_ice_elemental	bolt_spell	Minor Cold (1709)	438					
huge_ice_elemental	maneuver	Slush wall						
huge_jungle_toad	physical	Bite (attack)	222					
huge_jungle_toad	physical	Charge (attack)	232					
huge_jungle_toad	physical	Bite	199..230					
huge_jungle_toad	maneuver	poisonous glob of phlegm						
huge_jungle_toad	maneuver	Glob						
huge_jungle_toad	special_ability	Poison spit						
huge_lava_elemental	physical	Pound (double attack)	450					
huge_lava_elemental	physical	Molten fist	409..496					
huge_lava_elemental	physical	Roaring ball of fire	469					
huge_lava_elemental	bolt_spell	Major Fire (908)	469					
huge_lava_elemental	maneuver	Lava glob						
huge_lightning_elemental	physical	Charge	460..495					
huge_lightning_elemental	physical	Powerful lightning bolt	469					
huge_lightning_elemental	bolt_spell	Major Shock (910)	469					
huge_lightning_elemental	bolt_spell	Cone of Elements (518)	469					
huge_lightning_elemental	warding_spell	Elemental Strike (415)			335			
huge_lightning_elemental	warding_spell	Mind Jolt (706)			322			
huge_lightning_elemental	offensive_spell	Lightning mote						
huge_lightning_elemental	maneuver	Lava glob						
huge_lightning_elemental	maneuver	Major Elemental Wave						
huge_lightning_elemental	maneuver	Burrow Ambush						
huge_mein_golem	physical	Ensnare	250					
huge_mein_golem	physical	Heavy mein right fist	234..255					
huge_mein_golem	maneuver	Ground Slam						
huge_steam_elemental	physical	Ensnare	460					
huge_steam_elemental	physical	Boiling tendril	469..491					
huge_steam_elemental	bolt_spell	Minor Steam	454					
huge_steam_elemental	offensive_spell	Earthen Fury (917)						
huge_steam_elemental	maneuver	Major Elemental Wave						
huge_steam_elemental	maneuver	Ethereal Wave						
huge_water_elemental	physical	Pound	450					
huge_water_elemental	bolt_spell	Minor Water (903)	452					
huge_water_elemental	offensive_spell	Mystic Impedance (1708)						
huge_water_elemental	maneuver	Water blast						
hulking_forest_ape	physical	Pound (attack)	200..278					
hulking_forest_ape	physical	Bite (attack)	200..278					
hulking_forest_ape	physical	Charge (attack)	200..278					
hulking_forest_ape	maneuver	Pounce						
hulking_forest_ape	special_ability	Pounce						
humpbacked_puma	physical	Bite (attack)	168					
humpbacked_puma	physical	Claw (attack)	168					
humpbacked_puma	physical	Bite	148					
humpbacked_puma	physical	Claw	142					
humpbacked_puma	physical	Unknown	145					
humpbacked_puma	maneuver	Stomp						
humpbacked_puma	special_ability	Leap						
hunch_backed_dogmatist	physical	Kaskara	350					
hunch_backed_dogmatist	bolt_spell	Fire Spirit (111)	356					
hunch_backed_dogmatist	warding_spell	Mass Interference (217)			320			
hunch_backed_dogmatist	warding_spell	Fervent Reproach (312)			320			
hunch_backed_dogmatist	warding_spell	Censure (316)			320			
hunch_backed_dogmatist	warding_spell	Interdiction			320			
hunch_backed_dogmatist	offensive_spell	Spirit Dispel (119)						
hunch_backed_dogmatist	special_ability	Gaze						
hunter_troll	physical	Jeddart-axe	232					
hunter_troll	physical	Bite	212..222					
hunter_troll	physical	Claw	212					
hunter_troll	maneuver	Trip						
ice_golem	physical	Pound						
ice_golem	physical	Stomp	319					
ice_golem	physical	Ensnare	333					
ice_golem	physical	Fist	327..335					
ice_golem	physical	Foot	265..333					
ice_golem	offensive_spell	Elemental Wave (410)						
ice_golem	offensive_spell	Tremors (909)						
ice_golem	maneuver	Ground Slam						
ice_hound	physical	Bite	192					
ice_hound	physical	Freezing ball of pure cold	171					
ice_hound	bolt_spell	Major Cold (907)	171					
ice_troll	physical	Sword	228					
ice_troll	physical	Battle-axe	205					
ice_troll	physical	Enruned ice-covered battle axe	200					
ice_troll	physical	Freezing ball of pure cold	179..185					
ice_troll	bolt_spell	Major Cold (907)	158					
ice_wraith	physical	Kaskara	238					
ice_wraith	warding_spell	Point			227			
ice_wraith	maneuver	Point						
illoke_elder	physical	Stomp (attack)						
illoke_elder	physical	Sledgehammer						
illoke_elder	physical	Stalagmite						
illoke_elder	physical	Rock (hurled)						
illoke_elder	physical	Enormous stalagmite	419					
illoke_elder	physical	Fist	389					
illoke_elder	physical	Foot	292					
illoke_elder	physical	Giant granite sledgehammer	417					
illoke_elder	physical	Heavy earthen fists	431					
illoke_elder	physical	Heavy stone hammer	409					
illoke_elder	physical	Large rock	429					
illoke_elder	warding_spell	Stone Fist (514)						
illoke_elder	offensive_spell	Major Elemental Wave (435)						
illoke_elder	offensive_spell	Elemental Disjunction (530)						
illoke_elder	offensive_spell	Sandstorm (914)						
illoke_elder	maneuver	Divine Wrath						
illoke_elder	maneuver	Ethereal Wave						
illoke_jarl	physical	Fist	392					
illoke_jarl	physical	Hammer	422..435					
illoke_jarl	physical	Foot	405					
illoke_jarl	physical	Heavy earthen fists	419					
illoke_jarl	physical	Huge rock	434					
illoke_jarl	warding_spell	Divine Strike (1615)			363..375			
illoke_jarl	warding_spell	Heavy black stone hammer			366			
illoke_jarl	warding_spell	Slate grey stone hammer			338			
illoke_jarl	warding_spell	Charge			363			
illoke_jarl	offensive_spell	Spirit Strike (117)						
illoke_jarl	maneuver	Mstrike						
illoke_jarl	maneuver	Divine Wrath						
illoke_jarl	maneuver	Feint						
illoke_jarl	maneuver	Ground Slam						
illoke_jarl	maneuver	Charge						
illoke_jarl	maneuver	Ethereal Wave						
illoke_jarl	maneuver	Shield Charge						
illoke_mystic	physical	Giant stone hammer	341					
illoke_mystic	physical	Heavy stone hammer	255					
illoke_mystic	physical	Large rock	356					
illoke_mystic	maneuver	Divine Wrath						
illoke_shaman	physical	War mattock						
illoke_shaman	physical	Fist	337					
illoke_shaman	physical	Foot	303					
illoke_shaman	physical	Huge stone maul	316					
illoke_shaman	physical	Massive granite hammer	325..335					
illoke_shaman	warding_spell	Interdiction			282			
illoke_shaman	warding_spell	Interference (212)			282			
illoke_shaman	warding_spell	Huge stone maul			291			
illoke_shaman	offensive_spell	Earthen Fury						
illoke_shaman	maneuver	Divine Wrath						
illoke_shaman	maneuver	Ground Slam						
ilvari_pixie	physical	Giant bee stinger	348					
ilvari_pixie	bolt_spell	Major Acid (1710)	352					
ilvari_pixie	warding_spell	Pain (711)			339			
ilvari_pixie	offensive_spell	Elemental Dispel (417)						
ilvari_pixie	offensive_spell	Major Elemental Wave (435)						
ilvari_pixie	maneuver	Point						
ilvari_sprite	warding_spell	Bone Shatter (1106)			306..315			
ilvari_sprite	warding_spell	Repel (Fear)			306..315			
ilvari_sprite	warding_spell	Wither (1115)			306..315			
ilvari_sprite	warding_spell	Sympathy (1120)						
ilvari_sprite	offensive_spell	Spirit Dispel (119)						
immense_gold-bristled_hinterboar	physical	stomp	515..529					
immense_gold-bristled_hinterboar	physical	impale	509..523					
immense_gold-bristled_hinterboar	physical	charge (attack)	529					
immense_gold-bristled_hinterboar	physical	Charge	529..557					
immense_gold-bristled_hinterboar	physical	Huge hooves	519..549					
immense_gold-bristled_hinterboar	physical	Tusks	519..549					
immense_gold-bristled_hinterboar	physical	Lunge	557					
immense_gold-bristled_hinterboar	maneuver	boarrush						
immense_gold-bristled_hinterboar	maneuver	feint						
immense_gold-bristled_hinterboar	maneuver	Charge						
imposing_elk	physical	Antlers	139					
imposing_elk	physical	Charge	148					
infernal_death_knight	physical	Trio of blue-black diamonds	610..645					
infernal_death_knight	physical	Bite	520					
infernal_death_knight	physical	Charge	565					
infernal_death_knight	physical	Kick	520					
infernal_death_knight	warding_spell	Corrupt Essence			452			
infernal_death_knight	warding_spell	Disarm			459			
infernal_death_knight	warding_spell	Massive black ora sword adorned with a trio of blue-black diamonds			456			
infernal_death_knight	offensive_spell	Elemental Wave						
infernal_death_knight	maneuver	Spell Cleave						
infernal_death_knight	maneuver	Disarm						
infernal_death_knight	maneuver	Pounce						
ithzir_adept	physical	Quarterstaff	408					
ithzir_adept	physical	Twisted crystal-tipped staff	408..428					
ithzir_adept	bolt_spell	Cone of Elements (518)	379					
ithzir_adept	bolt_spell	Major Cold (907)	379					
ithzir_adept	bolt_spell	Major Fire (908)	379					
ithzir_adept	bolt_spell	Major Shock (910)	379					
ithzir_adept	bolt_spell	Minor Acid (904)	379					
ithzir_adept	bolt_spell	Minor Fire (906)	379					
ithzir_adept	bolt_spell	Minor Water (903)	379					
ithzir_adept	warding_spell	Weapon Fire (915)			402			
ithzir_adept	warding_spell	Twisted crystal-tipped staff			402			
ithzir_adept	offensive_spell	Call Wind (912)						
ithzir_adept	offensive_spell	Lightning mote						
ithzir_adept	maneuver	Palm Thrust						
ithzir_champion	physical	Flamberge	446..456					
ithzir_champion	physical	Maul	440..461					
ithzir_champion	offensive_spell	Arm of the Arkati (1605)						
ithzir_champion	maneuver	Disarm Weapon						
ithzir_champion	maneuver	Bull Rush						
ithzir_champion	maneuver	True Strike						
ithzir_champion	maneuver	Charge						
ithzir_champion	special_ability	Quickstrike						
ithzir_champion	special_ability	Seanette's Shout						
ithzir_herald	physical	Falchion						
ithzir_herald	physical	Curved crystal-edged blade	413					
ithzir_herald	physical	Curved silvery blade	413..416					
ithzir_herald	warding_spell	Lullabye (1005)						
ithzir_herald	warding_spell	Song of Depression (1015)			384			
ithzir_herald	warding_spell	Song of Rage (1016)						
ithzir_herald	warding_spell	Song of Sonic Disruption (1030)			384			
ithzir_herald	warding_spell	Vibration Chant (1002)			384			
ithzir_herald	warding_spell	Curved silvery blade			375			
ithzir_herald	offensive_spell	Elemental Wave (410)						
ithzir_herald	offensive_spell	Mass Calm (619)						
ithzir_initiate	physical	Quarterstaff	433					
ithzir_initiate	physical	Twisted crystal-tipped staff	428..503					
ithzir_initiate	bolt_spell	Fire Spirit (111)	407					
ithzir_initiate	bolt_spell	Web (118)	407					
ithzir_initiate	warding_spell	Bind (214)			386			
ithzir_initiate	warding_spell	Divine Fury (317)			386			
ithzir_initiate	warding_spell	Divine Wrath (335)			386			
ithzir_initiate	warding_spell	Fervent Reproach (312)			386			
ithzir_initiate	warding_spell	Mass Interference (217)			386			
ithzir_initiate	warding_spell	Web (118)			398			
ithzir_initiate	warding_spell	Twisted crystal-tipped staff			383			
ithzir_initiate	offensive_spell	Heroism (215)						
ithzir_initiate	offensive_spell	Spirit Strike (117)						
ithzir_initiate	maneuver	Mind Stun						
ithzir_initiate	maneuver	Ground Slam						
ithzir_janissary	physical	Longsword	428					
ithzir_janissary	physical	Military fork						
ithzir_janissary	physical	Mace	421					
ithzir_janissary	physical	Smash	453					
ithzir_janissary	physical	Spiral-hafted crystal-edged handaxe	402..423					
ithzir_janissary	physical	Spiral-hafted handaxe	413..421					
ithzir_janissary	physical	Twisted crystal-tipped staff	431					
ithzir_janissary	physical	Gleaming crystal-edged broadsword	413					
ithzir_janissary	maneuver	Disarm Weapon						
ithzir_janissary	maneuver	Trip						
ithzir_janissary	maneuver	Warcries						
ithzir_janissary	maneuver	Disarm						
ithzir_scout	physical	Broadsword	414..436					
ithzir_scout	physical	Closed fist	402					
ithzir_scout	physical	Smash	443..459					
ithzir_scout	maneuver	Cheapshots						
ithzir_scout	maneuver	Sweep						
ithzir_scout	maneuver	Stomp						
ithzir_seer	physical	Quarterstaff	398					
ithzir_seer	physical	Twisted crystal-tipped staff	411..499					
ithzir_seer	physical	Gleaming crystal-edged broadsword	341					
ithzir_seer	bolt_spell	Fire Spirit	476					
ithzir_seer	bolt_spell	Telekinesis	476					
ithzir_seer	bolt_spell	Web	476					
ithzir_seer	warding_spell	Bone Shatter			423			
ithzir_seer	warding_spell	Frenzy			411..431			
ithzir_seer	warding_spell	Mass Interference			411..431			
ithzir_seer	warding_spell	Silence			425..431			
ithzir_seer	warding_spell	Torment			411			
ithzir_seer	warding_spell	Web			431			
ithzir_seer	warding_spell	Twisted crystal-tipped staff			431			
ithzir_seer	offensive_spell	Spirit Strike						
ithzir_seer	offensive_spell	Spiritual Abolition						
ithzir_seer	offensive_spell	Bravery (211)						
ithzir_seer	offensive_spell	Elemental Focus (513)						
ithzir_seer	special_ability	Psionic stun						
jungle_feyling	physical	Fist-scythe	198					
jungle_feyling	maneuver	Hamstring						
jungle_feyling	maneuver	Fist-scythe						
jungle_troll	physical	Falchion	209					
jungle_troll	physical	Claw (attack)	199					
jungle_troll	physical	Bamboo-hilted machete	209					
jungle_troll	maneuver	Lash						
jungle_troll_chieftain	physical	Bastard sword	212					
jungle_troll_chieftain	physical	Claw (attack)	227					
jungle_troll_chieftain	physical	Vine-wrapped rusting bastard sword	272					
jungle_troll_chieftain	offensive_spell	Call Swarm (615)						
jungle_troll_chieftain	offensive_spell	Tangleweed (610)						
kiramon_defender	physical	Tongue Strike	256					
kiramon_defender	physical	Charge (attack)	262					
kiramon_defender	physical	Claw	230..256					
kiramon_defender	physical	Charge	236					
kiramon_defender	warding_spell	Disease				Poison		
kiramon_defender	maneuver	Hamstring						
kiramon_defender	special_ability	Lunge						
kiramon_worker	physical	Claw	236					
kiramon_worker	physical	Charge (attack)	246					
kiramon_worker	physical	Charge	196					
kiramon_worker	warding_spell	Disease						
kiramon_worker	special_ability	Lunge						
kobold	physical	Short sword	36					
kobold	physical	(quarantine-recovered)	16					
kobold	physical	Javelin	36					
kobold	physical	Unknown	36					
kobold_shepherd	physical	Quarterstaff	50					
kobold_shepherd	physical	Unknown	50					
kobold_shepherd	bolt_spell	Minor Shock (901)	30					
kobold_shepherd	bolt_spell	Minor Water (903)	30					
kobold_shepherd	warding_spell	Mana Disruption (702)			35			
krag_dweller	physical	Pound	400					
krag_dweller	physical	Fist	383					
krag_dweller	special_ability	Krag dweller boulder						
krag_yeti	physical	Hairy hand	328..364					
krag_yeti	physical	Ensnare	335					
krag_yeti	physical	Closed fist	346..388					
krag_yeti	maneuver	Arm Entrapment/Bear Hug						
krag_yeti	maneuver	Ground slap						
krag_yeti	maneuver	Hairy hand						
krolvin_corsair	physical	Tackle						
krolvin_corsair	physical	Plain steel cutlass	228					
krolvin_mercenary	physical	Broadsword	178					
krolvin_mercenary	physical	Unknown	178					
krolvin_mercenary	maneuver	Cheapshot						
krolvin_mercenary	maneuver	Stomp						
krolvin_slaver	physical	Scimitar	212..230					
krolvin_slaver	warding_spell	Bind (214)						
krolvin_slaver	warding_spell	Silence (210)						
krolvin_slaver	offensive_spell	Major Elemental Wave (435)						
krolvin_slaver	offensive_spell	Tremors (909)						
krolvin_warfarer	physical	Awl-pike	200					
krolvin_warfarer	physical	Claidhmore	200					
krolvin_warfarer	physical	Falchion	162..200					
krolvin_warfarer	physical	Morning star	196					
krolvin_warfarer	physical	Broadsword	204					
krolvin_warfarer	bolt_spell	Fire Spirit (111)	179					
krolvin_warfarer	warding_spell	Elemental Blast (409)			127			
krolvin_warfarer	warding_spell	Unbalance (110)			130			
krolvin_warfarer	offensive_spell	Elemental Wave (410)						
krolvin_warfarer	maneuver	Gesture						
krolvin_warrior	physical	War mattock	156..195					
krolvin_warrior	physical	Morning star	166..195					
krolvin_warrior	physical	Jeddart-axe	185					
krynch	physical	Pound						
krynch	physical	Fist	250					
krynch	special_ability	Tremors						
large_ogre	physical	Claw	145					
large_ogre	physical	Closed fist	130..155					
large_ogre	physical	Flail	165					
large_ogre	physical	Two-handed sword	165					
large_ogre	physical	Mace	155					
large_ogre	physical	Spear	165					
large_ogre	maneuver	Tackle						
large_ogre	maneuver	Pounce						
large_ring_tailed_lemur	physical	Bite (attack)	118					
large_ring_tailed_lemur	physical	Closed fist	118					
large_ring_tailed_lemur	physical	Bite	111					
large_ring_tailed_lemur	physical	Charge	208					
large_ring_tailed_lemur	physical	Sharp claws	117					
large_thorned_shrub	physical	small glistening thorn	299					
large_thorned_shrub	physical	Twig	279					
lava_golem	physical	Pound (attack)	325					
lava_golem	physical	Stomp (attack)	320					
lava_golem	physical	Fist	331..345					
lava_golem	physical	Foot	321					
lava_troll	physical	Maul	215					
lava_troll	physical	Warsword	215					
lava_troll	physical	Leather-wound ruddy steel sledgehammer	215					
lava_troll	maneuver	Tackle						
lava_troll	maneuver	Pounce						
leaper	physical	Bite	84..94					
leaper	physical	Claw	94					
leaper	physical	Stomp	94					
leaper	physical	Foot	84					
lesser_burrow_orc	physical	Short sword	101..127					
lesser_construct	physical	Flail						
lesser_construct	physical	Stomp	404					
lesser_construct	physical	Massive arm	404..424					
lesser_construct	physical	Smash	404..416					
lesser_construct	maneuver	Foot Stomp						
lesser_construct	maneuver	Ground Slam						
lesser_faeroth	physical	Bite	257..281					
lesser_faeroth	physical	Claw	236..291					
lesser_faeroth	physical	Pound	271..281					
lesser_frost_shade	physical	Handaxe	33..43					
lesser_frost_shade	physical	Unknown	23					
lesser_frost_shade	warding_spell	Calm (201)			10			
lesser_frost_shade	warding_spell	Repel			14			
lesser_frost_shade	warding_spell	Handaxe			14			
lesser_ghoul	physical	Claw	31					
lesser_ghoul	physical	Unknown	31					
lesser_griffin	physical	Impale	341					
lesser_griffin	physical	Bite	338..341					
lesser_griffin	physical	Claw	348..351					
lesser_griffin	physical	Beak	329					
lesser_griffin	physical	Swoop	315..344					
lesser_griffin	maneuver	Screech						
lesser_griffin	maneuver	Wing Swat						
lesser_griffin	maneuver	Dive						
lesser_griffin	maneuver	Wing Buffet						
lesser_griffin	special_ability	Buffet						
lesser_griffin	special_ability	Screech						
lesser_griffin	special_ability	Wing Swat						
lesser_ice_elemental	physical	Ensnare						
lesser_ice_elemental	physical	Lash	255..301					
lesser_ice_elemental	bolt_spell	Minor Cold (1709)	251					
lesser_ice_elemental	offensive_spell	Elemental Dispel (417)						
lesser_ice_elemental	offensive_spell	Elemental Wave (410)						
lesser_ice_elemental	offensive_spell	Major Elemental Wave (435)						
lesser_ice_elemental	maneuver	Ground Slam						
lesser_ice_giant	physical	Massive Icicle	299					
lesser_ice_giant	maneuver	AS Booster						
lesser_ice_giant	maneuver	Ground Slam						
lesser_minotaur	physical	Greataxe	338					
lesser_minotaur	physical	Waraxe	341..376					
lesser_minotaur	maneuver	Bull Rush						
lesser_minotaur	maneuver	Feint						
lesser_moor_wight	physical	Broadsword	250					
lesser_moor_wight	physical	Blackened twisted steel longsword	225..250					
lesser_moor_wight	physical	Slender enruned steel longsword	250					
lesser_moor_wight	offensive_spell	Elemental Wave (410)						
lesser_moor_wight	offensive_spell	Gas cloud						
lesser_moor_wight	maneuver	Point						
lesser_mummy	physical	Claw	108					
lesser_mummy	physical	Ensnare	118					
lesser_orc	physical	Cudgel	108					
lesser_orc	physical	Short sword	88..108					
lesser_orc	physical	Unknown	108					
lesser_red_orc	physical	Scimitar	99..111					
lesser_shade	physical	Short sword	33..43					
lesser_shade	physical	Falchion	43					
lesser_shade	warding_spell	Calm (201)			10			
lesser_shade	warding_spell	Repel (fear)			14			
lesser_shade	warding_spell	Mottled grey falchion			10			
lesser_stone_gargoyle	physical	Bite	180..201					
lesser_stone_gargoyle	physical	Claw	201					
lesser_vruul	physical	Battle axe	248..263					
lesser_vruul	physical	Short sword	263					
lesser_vruul	warding_spell	Bind (214)			205			
lesser_vruul	warding_spell	Calm (201)			205			
lesser_vruul	warding_spell	Frenzy (216)			205			
lesser_vruul	warding_spell	Interference (212)			205			
lesser_vruul	warding_spell	Silence (210)			205			
lesser_vruul	warding_spell	Unbalance (110)			205			
lesser_vruul	warding_spell	Battle axe			205			
lesser_vruul	maneuver	Gesture						
lesser_wood_sprite	physical	Estoc	190..222					
lesser_wood_sprite	physical	Composite bow						
lesser_wood_sprite	physical	Impale	198					
lesser_wood_sprite	offensive_spell	Sounds (607)						
lesser_wood_sprite	offensive_spell	Tangleweed (610)						
lich	physical	Runestaff	466					
lich	physical	Crystal-set smooth ironwood scepter	466					
lich	physical	Barbed tentacle	430					
lich	physical	Bladed forearms	487					
lich	bolt_spell	Major Cold (907)	422					
lich	warding_spell	Cold Snap (512)			500			
lich	warding_spell	Dark Catalyst (719)			477..489			
lich	warding_spell	Burrow Ambush			477			
lich	offensive_spell	Major Elemental Wave (435)						
lich	offensive_spell	Tremors (909)						
lich	offensive_spell	Elemental Disjunction (530)						
lich	maneuver	Point						
lich	maneuver	Lash						
lich	maneuver	Pounce						
lich_qyn_arj	physical	Bite	368..382					
lich_qyn_arj	physical	Smash	363					
lich_qyn_arj	bolt_spell	Minor Cold (1709)	370					
lich_qyn_arj	bolt_spell	Web (118)	351					
lich_qyn_arj	warding_spell	Unbalance (110)			341			
lich_qyn_arj	warding_spell	Web (118)			341			
lich_qyn_arj	maneuver	Gesture						
lich_qyn_arj	maneuver	Ground Slam						
lithe_veiled_sentinel	physical	Kick	418..484					
lithe_veiled_sentinel	physical	Bloated arms	450					
lithe_veiled_sentinel	physical	Bronze cutlass	481..553					
lithe_veiled_sentinel	physical	Heel of her hand	433..438					
lithe_veiled_sentinel	physical	Heel of his hand	408..483					
lithe_veiled_sentinel	warding_spell	Thought Lash			438..447			
lithe_veiled_sentinel	warding_spell	Lash			462			
lithe_veiled_sentinel	warding_spell	Charge			462			
lithe_veiled_sentinel	offensive_spell	Spirit Strike						
lithe_veiled_sentinel	offensive_spell	Force Projection						
lithe_veiled_sentinel	offensive_spell	Powersink						
lithe_veiled_sentinel	maneuver	Feint						
lithe_veiled_sentinel	maneuver	Bull Rush						
lithe_veiled_sentinel	maneuver	Disarm						
lithe_veiled_sentinel	maneuver	Martial Strike						
lithe_veiled_sentinel	maneuver	Charge						
lithe_veiled_sentinel	special_ability	Unholy Quickening						
lost_soul	physical	Scythe	370..493					
lost_soul	physical	Scorched black ball and chain	404..501					
lost_soul	warding_spell	Elemental Dispel (417)						
lost_soul	warding_spell	Gleaming silvery scythe			383			
lost_soul	warding_spell	Scorched black ball and chain			380			
lost_soul	maneuver	Point						
lost_soul	maneuver	Pounce						
luminous_arachnid	physical	Bite	150					
luminous_arachnid	physical	Ensnare	148..152					
luminous_arachnid	maneuver	Web						
luminous_arachnid	special_ability	Web						
luminous_worm	physical	Charge (attack)	156					
luminous_worm	physical	Charge	154..162					
magna_vereri	physical	Repel (Fear)						
magna_vereri	physical	Decaying fists	354					
magna_vereri	physical	Leather whip	363					
magna_vereri	physical	Mouth full of rotting teeth	327..364					
magna_vereri	physical	Slash	354..360					
magna_vereri	maneuver	Gesture						
magna_vereri	maneuver	Spellsong						
magru	physical	Pound	210					
magru	physical	Fist	260					
magru	special_ability	Stream of Fluid						
major_glacei	physical	Lash	259					
major_glacei	physical	Strike	234..281					
major_glacei	bolt_spell	Major Cold (907)	212					
major_spider	physical	Bite	168					
major_spider	physical	Ensnare	178..186					
major_spider	maneuver	Web						
mammoth_arachnid	physical	Bite	190..215					
mammoth_arachnid	physical	Ensnare	204..226					
mammoth_arachnid	maneuver	Web						
mammoth_arachnid	special_ability	Web						
manticore	physical	Claw	112					
manticore	physical	Closed fist	122					
manticore	physical	Unknown	122					
martial_eagle	physical	Bite	230					
martial_eagle	physical	Claw	230					
martial_eagle	physical	Swoop	220					
martial_eagle	maneuver	Web						
masked_goliath_plunderer	maneuver	Feint						
masked_goliath_plunderer	maneuver	Hamstring						
masked_goliath_plunderer	maneuver	Mug						
masked_goliath_plunderer	maneuver	Garrote						
masked_goliath_plunderer	maneuver	Subdue						
masked_goliath_plunderer	maneuver	Templeshot						
masked_goliath_plunderer	maneuver	Coup de Grace						
masked_goliath_plunderer	maneuver	Cutthroat						
masked_goliath_plunderer	maneuver	Silent Strike						
massive_black_boar	physical	Charge (attack)	335					
massive_black_boar	physical	Impale (attack)	292					
massive_black_boar	physical	Bite (attack)	312					
massive_black_boar	physical	Bite	325					
massive_black_boar	physical	Charge	335					
massive_black_boar	physical	Tusk	325					
massive_black_boar	maneuver	Charge						
massive_grahnk	physical	Cudgel						
massive_grahnk	physical	Foot	151					
massive_grahnk	physical	Heavy stone club	192					
massive_grahnk	maneuver	Tackle						
massive_grahnk	maneuver	Pounce						
massive_pyrothag	physical	Quarterstaff	302					
massive_pyrothag	physical	Stomp (attack)	253					
massive_pyrothag	physical	Pound (attack)	283					
massive_pyrothag	physical	Massive glaes club	243..302					
massive_pyrothag	maneuver	Massive glaes club						
massive_troll_king	physical	Bite	339					
massive_troll_king	physical	Claw	522					
massive_troll_king	physical	Bite (enraged)						
massive_troll_king	physical	Claw (enraged)						
massive_troll_king	physical	Fist	502					
massive_troll_king	maneuver	Enrage						
mastodonic_leopard	physical	Bite	242..269					
mastodonic_leopard	physical	Claw	279					
mastodonic_leopard	maneuver	Caterwaul						
mastodonic_leopard	maneuver	Leap						
mastodonic_leopard	special_ability	Pounce						
maw_spore	physical	Stinger (attack)	227					
maw_spore	physical	Stinger	227					
mezic	physical	Ball and chain						
mezic	physical	Stream of water	198					
mezic	bolt_spell	Minor Acid (904)	236					
mezic	bolt_spell	Minor Fire (906)	220					
mezic	bolt_spell	Minor Shock (901)	236					
mezic	warding_spell	Cold Snap (512)			180			
mezic	offensive_spell	Call Wind (912)						
minor_glacei	physical	Lash	217..246					
minor_glacei	physical	Strike	247..250					
minotaur_magus	physical	Runestaff	336					
minotaur_magus	bolt_spell	Fire Spirit (111)	379					
minotaur_magus	warding_spell	Divine Fury (317)			336			
minotaur_magus	offensive_spell	Heroism (215)						
minotaur_magus	offensive_spell	Spirit Strike (117)						
minotaur_magus	maneuver	Gesture						
minotaur_warrior	physical	Greataxe	368					
minotaur_warrior	physical	Moon axe	368..384					
minotaur_warrior	physical	Lustrous steel battle axe	348					
minotaur_warrior	maneuver	Bull Rush						
minotaur_warrior	maneuver	Disarm						
minotaur_warrior	maneuver	Charge						
minotaur_warrior	maneuver	Ground Slam						
mist_wraith	physical	Closed fist	81					
mist_wraith	physical	Claw	71					
mist_wraith	physical	Ensnare	71..81					
mistydeep_siren	physical	Dagger	50					
mistydeep_siren	physical	Unknown	30					
mistydeep_siren	warding_spell	Calm (201)			10			
mistydeep_siren	warding_spell	Vibration Chant (1002)			2			
moaning_phantom	physical	Closed fist	28					
moaning_phantom	physical	Unknown	28					
moaning_phantom	bolt_spell	Minor Shock (901)	50					
moaning_spirit	physical	Claw	218..235					
moaning_spirit	physical	Closed fist	228..245					
moaning_spirit	warding_spell	Claw			159			
moaning_spirit	warding_spell	Closed fist			154			
moaning_spirit	maneuver	Mystic Gesture						
monastic_lich	physical	claidhmore	180..255					
monastic_lich	physical	kris	180..255					
monastic_lich	physical	whip	180..255					
monastic_lich	bolt_spell	Major Cold (907)	178..193					
monastic_lich	warding_spell	Blind (311)			150			
monastic_lich	warding_spell	Cold Snap (512)			159..162			
monastic_lich	warding_spell	Silence (210)			150			
monastic_lich	warding_spell	Wickedly barbed leather whip			156			
monastic_lich	offensive_spell	Bravery (211)						
monastic_lich	special_ability	Forget						
monastic_lich	special_ability	AS Boost						
monastic_lich	special_ability	Spirit Drain						
mongrel_hobgoblin	physical	Morning star	99					
mongrel_hobgoblin	physical	Spiked club	79..89					
mongrel_hobgoblin	physical	Unknown	99					
mongrel_kobold	physical	Handaxe	65..73					
mongrel_kobold	physical	Short sword	65..73					
mongrel_troll	physical	Spear	167					
mongrel_wolfhound	physical	Bite	132..150					
mongrel_wolfhound	physical	Charge	161					
mongrel_wolfhound	maneuver	Pounce						
monkey	physical	Bite	88					
monkey	physical	Mace						
monkey	physical	Closed fist	88					
monkey	physical	Leather whip						
monkey	physical	Length of coiled red vine	70					
monkey	physical	Thin oaken cudgel	63					
monkey	physical	Iron-tipped wooden cane	70					
monkey	special_ability	Hide						
monstrous_direwolf	physical	Bite (attack)	365					
monstrous_direwolf	physical	Claw (attack)	355					
monstrous_direwolf	physical	Bite	345					
monstrous_direwolf	physical	Claw	319					
monstrous_direwolf	maneuver	Pounce						
monstrous_direwolf	maneuver	Lunge						
monstrous_direwolf	maneuver	Leap						
moor_eagle	physical	Claw	233..259					
moor_eagle	physical	Impale	249					
moor_eagle	physical	Swoop	267					
moor_eagle	maneuver	Dive						
moor_hound	physical	Bite	232					
moor_hound	physical	Charge	242					
moor_hound	physical	Claw	232..242					
moor_hound	maneuver	Wing Buffet						
moor_witch	physical	Dagger	211..252					
moulis	physical	Attack	380					
moulis	physical	Powerful lightning bolt	277					
moulis	bolt_spell	Cone of Elements (518)						
moulis	warding_spell	Cold Snap (512)			331..349			
moulis	warding_spell	Immolation (519)						
moulis	special_ability	Splinter Barrage						
mountain_goat	physical	Bite	161..175					
mountain_lion	physical	Claw	159..165					
mountain_lion	physical	Bite	132..168					
mountain_lion	maneuver	Pounce						
mountain_lion	maneuver	Leap						
mountain_ogre	physical	War mattock	173					
mountain_ogre	physical	Broadsword	173					
mountain_ogre	physical	Crude pine mattock	177					
mountain_ogre	physical	Cudgel	177					
mountain_ogre	maneuver	Tackle						
mountain_ogre	maneuver	Pounce						
mountain_rolton	physical	Bite	28..36					
mountain_rolton	physical	Unknown	28					
mountain_snowcat	physical	Bite	59					
mountain_snowcat	physical	Claw	49..59					
mountain_troll	physical	Flail	190					
mountain_troll	physical	Military pick	190					
mountain_troll	special_ability	Attack strength boost (howl)						
mountain_troll	special_ability	Attack strength boost (snarl)						
mud_wasp	physical	Stinger (attack)	254					
mud_wasp	physical	Stinger	254					
muddy_hog	physical	Bite	161					
muddy_hog	physical	Charge	171					
muddy_hog	physical	Unknown	171					
murky_soul_siphon	physical	Dual armrake	471					
murky_soul_siphon	physical	Bladed forearms	477..491					
murky_soul_siphon	physical	Barbed tentacle	436					
murky_soul_siphon	warding_spell	Limb Disruption (708)			447			
murky_soul_siphon	warding_spell	Wither (1115)			437			
murky_soul_siphon	offensive_spell	Elemental Wave (410)						
murky_soul_siphon	maneuver	Hamstring						
murky_soul_siphon	maneuver	Lash						
murky_soul_siphon	maneuver	Rear						
muscular_brindlecat	physical	Bite	142					
muscular_brindlecat	physical	Claw	119					
muscular_brindlecat	physical	Unknown	137					
muscular_brindlecat	maneuver	Leap						
muscular_supplicant	physical	Flamberge	273..342					
muscular_supplicant	special_ability	MSTRIKE						
myklian	physical	Charge	251					
myklian	physical	Claw	241					
myklian	physical	Stomp	241					
myklian	physical	Foot	241					
n_ecare	physical	Falchion	386..503					
n_ecare	physical	Mace	386..396					
n_ecare	physical	Long blackened jeddart-axe	491..520					
n_ecare	maneuver	Tackle						
n_ecare	maneuver	Trip						
n_ecare	maneuver	Polearm Plant						
n_ecare	maneuver	Pounce						
naisirc	physical	Charge (attack)	400					
naisirc	physical	Ensnare (attack)	396					
naisirc	physical	Charge	374					
naisirc	physical	Ensnare	366..370					
naisirc	offensive_spell	Call Wind (912)						
naisirc	offensive_spell	Tangleweed (610)						
naisirc	maneuver	Lash						
nasty_little_gremlin	physical	Dagger	100					
nasty_little_gremlin	physical	Unknown	100					
nasty_little_gremlin	physical	Nip	80					
neartofar_orc	physical	Morning star	149..159					
neartofar_troll	physical	Longsword	179					
necrotic_snake	physical	Strike	254..288					
necrotic_snake	maneuver	Constriction						
necrotic_snake	maneuver	Poison Spit						
necrotic_snake	maneuver	Spit						
necrotic_snake	maneuver	Strike						
necrotic_snake	maneuver	Glob						
nedum_vereri	physical	Morning star	161					
nedum_vereri	physical	Gilt-thorned steel spikestar	120					
nedum_vereri	physical	Claw	141					
nedum_vereri	warding_spell	Calm (201)			95			
nedum_vereri	warding_spell	Repel (Fear)			95			
nedum_vereri	warding_spell	Gilt-thorned steel spikestar			95			
nedum_vereri	warding_spell	Morning star			95			
night_golem	physical	Ensnare	96					
night_golem	physical	Pound	86					
night_golem	physical	Black fists	77					
night_hound	physical	Bite	192					
night_hound	physical	Claw	182..202					
night_hound	special_ability	Breath attack						
night_mare	maneuver	Ethereal Wave						
nightmare_steed	physical	Bite	327					
nightmare_steed	physical	Charge	337					
nightmare_steed	physical	Foot	327					
niirsha	physical	Goupillon	164					
niirsha	warding_spell	Bind (214)			133			
niirsha	warding_spell	Point			139			
niveous_giant_warg	physical	bite	527					
niveous_giant_warg	physical	Foreclaw	553..610					
niveous_giant_warg	physical	Lunge	545..608					
niveous_giant_warg	physical	Charge	525					
niveous_giant_warg	physical	Golden targe	556					
niveous_giant_warg	physical	Huge hooves	515					
niveous_giant_warg	physical	Immense fel-hafted handaxe	559					
niveous_giant_warg	physical	Shark-like teeth	501					
niveous_giant_warg	physical	Tusks	501..529					
niveous_giant_warg	maneuver	Pounce						
niveous_giant_warg	maneuver	Lunge						
niveous_giant_warg	maneuver	Charge						
niveous_giant_warg	maneuver	Shield Bash						
nonomino	physical	Ball and chain	160					
nonomino	physical	Dagger	147..160					
nonomino	warding_spell	Blind (311)			139			
nonomino	warding_spell	Point			139			
ogre_sentry	physical	Sunder Shield						
ogre_sentry	physical	Thin-bladed steel handaxe	193..199					
ogre_warrior	physical	Mace	173..201					
ogre_warrior	physical	Military pick	177..193					
ogre_warrior	physical	Broad-bladed steel hatchet	169					
ogre_warrior	physical	Unknown	173					
ogre_warrior	maneuver	Sunder Shield						
ogre_warrior	maneuver	Pounce						
pale_crab	physical	Claw	43					
pale_crab	physical	Ensnare	23..53					
pale_scaled_shaper	physical	Major Fire						
pale_scaled_shaper	physical	Long acacia runestaff	517					
pale_scaled_shaper	warding_spell	Disintegrate			353			
pale_scaled_shaper	warding_spell	Cloak of Shadows			431			
pale_scaled_shaper	warding_spell	Long acacia runestaff			445			
pale_scaled_shaper	offensive_spell	Gas cloud						
pale_scaled_shaper	offensive_spell	Major Elemental Wave						
pale_scaled_shaper	offensive_spell	Spiritual Abolition						
pale_scaled_shaper	offensive_spell	Condemn						
pale_scaled_shaper	maneuver	Skeletal Finger						
pallid_fog_cloaked_kelpie	bolt_spell	Major Cold (907)		???				
pallid_fog_cloaked_kelpie	warding_spell	Elemental Strike (415)				???		
pallid_fog_cloaked_kelpie	offensive_spell	Major Elemental Wave (435)						
pallid_fog_cloaked_kelpie	offensive_spell	Elemental Disjunction (530)						
panther	physical	Bite	150..174					
panther	physical	Claw	134..174					
patchwork_flesh_monstrosity	physical	Ensnare (attack)Ensnare	450					
patchwork_flesh_monstrosity	physical	Stomp (attack)Stomp						
patchwork_flesh_monstrosity	physical	Bloated arms	438..480					
patchwork_flesh_monstrosity	physical	Bronze cutlass	543					
patchwork_flesh_monstrosity	physical	Heel of his hand	418					
patchwork_flesh_monstrosity	physical	Kick	390					
patchwork_flesh_monstrosity	physical	Heel of her hand	427					
patchwork_flesh_monstrosity	maneuver	Tackle						
patchwork_flesh_monstrosity	maneuver	Twin Hammerfists						
patchwork_flesh_monstrosity	maneuver	Charge						
patchwork_flesh_monstrosity	maneuver	Disarm						
patchwork_flesh_monstrosity	maneuver	Stomp						
patchwork_flesh_monstrosity	special_ability	Tremors						
phantasma	physical	Leather whip	217					
phantasma	physical	Barbed whip	237					
phantasma	physical	Splintered lance	227					
phantasma	warding_spell	Corrupt Essence (703)			201			
phantasma	warding_spell	Disintegrate (705)			195			
phantasma	warding_spell	Pain (711)			207			
phantasma	warding_spell	Curse (715)			201			
phantasma	warding_spell	Point			210			
phantasma	maneuver	Moan						
phantasma	maneuver	Point						
phantasmal_bestial_swordsman	physical	Hammer of Kai						
phantasmal_bestial_swordsman	physical	Black steel claidhmore	272					
phantasmal_bestial_swordsman	physical	Black steel twohanded sword	342					
phantasmal_bestial_swordsman	physical	Rhimar trident	345					
phantasmal_bestial_swordsman	maneuver	Tackle						
phantasmal_bestial_swordsman	maneuver	Sunder Shield						
phantasmal_bestial_swordsman	maneuver	Charge						
phantom	physical	Closed fist	28					
phantom	physical	Dagger	0					
phantom	bolt_spell	Minor Shock (901)	35					
phosphorescent_worm	physical	Charge (attack)	154					
phosphorescent_worm	physical	Charge	154					
phosphorescent_worm	maneuver	Pounce						
plains_lion	physical	Bite	165					
plains_lion	physical	Claw	165					
plains_lion	special_ability	Pounce						
plains_ogre	physical	Closed fist	165					
plains_ogre	physical	Mace	157..175					
plains_ogre	physical	Claw	155					
plains_ogre	maneuver	Tackle						
plains_ogre	maneuver	Pounce						
plains_orc_chieftain	physical	Machete	171..195					
plains_orc_chieftain	physical	Morning star	191..195					
plains_orc_chieftain	maneuver	Tackle						
plains_orc_scout	physical	Longsword	157..175					
plains_orc_scout	offensive_spell	Tangleweed (610)						
plains_orc_scout	maneuver	Throw						
plains_orc_scout	maneuver	Lash						
plains_orc_shaman	physical	Kris	164					
plains_orc_shaman	physical	Mace	164					
plains_orc_shaman	bolt_spell	Minor Acid	166					
plains_orc_shaman	bolt_spell	Major Fire	166					
plains_orc_shaman	bolt_spell	Major Shock	166					
plains_orc_shaman	maneuver	Pounce						
plains_orc_warrior	physical	Morning star	176..180					
plains_orc_warrior	physical	Handaxe	140..180					
plains_orc_warrior	maneuver	Tackle						
plains_orc_warrior	maneuver	Pounce						
plumed_cockatrice	physical	Charge	167					
plumed_cockatrice	physical	Claw	157					
plumed_cockatrice	physical	Pincer (attack)	157					
plumed_cockatrice	physical	Strike	143					
plumed_cockatrice	maneuver	Dust Kick						
polar_bear	physical	Bite	278..319					
polar_bear	physical	Charge	315					
polar_bear	physical	Claw	319					
pra_eda	physical	Closed fist	281					
pra_eda	offensive_spell	Energy Maelstrom (710)						
puma	physical	Bite	134..171					
puma	physical	Claw	160..163					
puma	maneuver	Leap						
puma	special_ability	Pounce						
putrefied_citadel_herald	physical	Runestaff	277..302					
putrefied_citadel_herald	bolt_spell	Fire Spirit (111)	298..318					
putrefied_citadel_herald	bolt_spell	Web Bolt (118)	290					
putrefied_citadel_herald	warding_spell	Bind (214)			273..279			
putrefied_citadel_herald	warding_spell	Interference (212)						
putrefied_citadel_herald	warding_spell	Searing Light (135)			270			
putrefied_citadel_herald	warding_spell	Silence (210)			273			
putrefied_citadel_herald	warding_spell	Unbalance (110)						
putrefied_citadel_herald	warding_spell	Wither (1115)			285			
putrefied_citadel_herald	warding_spell	Divine Wrath (335)			273			
putrefied_citadel_herald	offensive_spell	Spirit Strike (117)						
putrefied_citadel_herald	offensive_spell	Web (118)						
putrefied_citadel_herald	maneuver	Point						
quivering_sanguine_ooze	physical	Huge black alloy greatsword	596..679					
quivering_sanguine_ooze	physical	Yellowed brittle bone cudgel	583					
quivering_sanguine_ooze	physical	Fists	558..559					
quivering_sanguine_ooze	physical	Glistening tendril	595..606					
quivering_sanguine_ooze	physical	Talons	600					
quivering_sanguine_ooze	physical	Crush	614					
quivering_sanguine_ooze	physical	Shark-like teeth	505					
quivering_sanguine_ooze	warding_spell	Yellowed brittle bone cudgel			460			
quivering_sanguine_ooze	warding_spell	Lash			389			
rabid_guard_dog	physical	Bite	106					
rabid_guard_dog	physical	Charge (attack)						
rabid_guard_dog	physical	Charge	106					
rabid_guard_dog	maneuver	Leap						
rabid_squirrel	physical	Nip (attack)						
rabid_squirrel	physical	Nip	36..46					
radiant_eyed_goliath_auramancer	maneuver	Disarm						
radiant_eyed_goliath_auramancer	maneuver	Kneebash						
radiant_eyed_goliath_auramancer	special_ability	Healing Light						
radiant_eyed_goliath_auramancer	special_ability	Blinding Rays						
radiant_eyed_goliath_auramancer	special_ability	Color Lash						
raider_orc	physical	Twohanded sword	122..132					
raving_lunatic	physical	Short sword	371					
raving_lunatic	physical	Bite	315..367					
raving_lunatic	physical	Claw	351..398					
raving_lunatic	physical	Midnight black spiked whip	415					
raving_lunatic	physical	Twisted kris	391..401					
red_bear	physical	Claw	160..174					
red_bear	physical	Bite	174					
red_bear	maneuver	Charge						
red_scaled_thrak	physical	Bite (attack)	278					
red_scaled_thrak	physical	Claw (attack)	278					
red_scaled_thrak	physical	Bite	278					
red_scaled_thrak	physical	Claw	278					
red_tsark	physical	Leap						
red_tsark	physical	Bite	293					
red_tsark	physical	Claw	347					
red_tsark	physical	Roaring ball of fire	294					
reiver	physical	Broadsword	222					
reiver	physical	Handaxe	222					
reiver	physical	Falchion	222					
reiver	physical	Spear	222					
reiver	physical	Two-handed sword	222					
reiver	physical	Fist	202					
reiver	physical	Unknown	222					
relnak	physical	Bite	61					
relnak	physical	Charge (attack)	71					
relnak	physical	Stomp	61					
relnak	physical	Charge	71					
relnak	physical	Foot	61					
relnak	physical	Unknown	71					
revenant	physical	Closed fist	57					
revenant	physical	Broadsword	0					
revenant	warding_spell	Blood Burst (701)			40			
ridge_orc	physical	Handaxe	74..84					
ridgeback_boar	physical	Charge	140..170					
ridgeback_boar	physical	Bite	160..170					
ridgeback_boar	physical	Impale	170					
ridgeback_boar	physical	Tusk	150					
ridgeback_boar	maneuver	Charge maneuver						
ridgeback_boar	maneuver	Charge						
roa_ter	physical	Charge	244					
roa_ter	maneuver	Burrow						
roa_ter	maneuver	Tail Slam						
roa_ter	maneuver	Tail Swipe						
roa_ter	maneuver	Charge						
roa_ter	maneuver	Stomp						
roa_ter_wormling	physical	Charge (attack)	197					
roa_ter_wormling	physical	Charge	191..197					
roa_ter_wormling	maneuver	Burrow						
rock_troll_zombie	physical	Claw	227..245					
rock_troll_zombie	maneuver	Tackle						
rock_troll_zombie	maneuver	Disarm Weapon						
rock_troll_zombie	maneuver	Disarm						
rock_troll_zombie	maneuver	Pounce						
roiling_crimson_angargeist	physical	Dagger-sharp beak	610..616					
roiling_crimson_angargeist	physical	Huge black alloy greatsword	589..667					
roiling_crimson_angargeist	physical	Shining metallic spear	616..654					
roiling_crimson_angargeist	physical	Slash	574..583					
roiling_crimson_angargeist	physical	Talons	600..610					
roiling_crimson_angargeist	physical	?: Blow raises a welt	582					
roiling_crimson_angargeist	maneuver	Charge						
rolton	physical	Bite	32					
rolton	physical	Unknown	36					
rotting_chimera	physical	Bite	276					
rotting_chimera	physical	Claw	244..276					
rotting_chimera	physical	Pound	276					
rotting_chimera	physical	Bestial jaws	248					
rotting_chimera	physical	Enormous humanoid fist	230..248					
rotting_chimera	maneuver	Scorpion Stinger						
rotting_chimera	maneuver	Webbing						
rotting_chimera	maneuver	Tail Swipe						
rotting_citadel_arbalester	physical	Heavy crossbow	312					
rotting_citadel_arbalester	physical	Wooden burning bolt	312					
rotting_citadel_arbalester	physical	Wooden heavy crossbow bolt	318					
rotting_citadel_arbalester	maneuver	Sweep						
rotting_corpse	physical	Scythe	236..266					
rotting_corpse	physical	Bite (attack)	233					
rotting_farmhand	physical	Rusted pitchfork	243					
rotting_krolvin_pirate	physical	Handaxe	173					
rotting_krolvin_pirate	physical	Trident	173					
rotting_krolvin_pirate	physical	Corroded long-handled gaff	155					
rotting_krolvin_pirate	physical	Weathered boarding axe	153					
rotting_krolvin_pirate	maneuver	Trip						
rotting_woodsman	physical	Battle axe	202					
rotting_woodsman	physical	Huge logging axe	207					
sabre_tooth_tiger	physical	Bite	244..313					
sabre_tooth_tiger	physical	Charge	283..315					
sabre_tooth_tiger	maneuver	Leap						
sacristan_spirit	physical	a twisted black steel half moon	211					
sacristan_spirit	physical	Twisted black steel half moon	172..207					
sacristan_spirit	warding_spell	Blinding (311)			142			
sacristan_spirit	warding_spell	Frenzy (216)			142			
sacristan_spirit	warding_spell	Mind Jolt (706)			146			
sacristan_spirit	warding_spell	Silence (210)			142			
sacristan_spirit	warding_spell	Twisted black steel half moon			145			
sacristan_spirit	offensive_spell	Bravery (211)						
sand_beetle	physical	Pincer (attack)	232					
sand_beetle	maneuver	Charge						
sand_beetle	special_ability	Gas cloud						
sand_devil	physical	Claw (attack)	273					
sand_devil	physical	Pound (attack)	303					
sand_devil	physical	Claw	293					
sand_devil	physical	Fist	303					
sand_devil	physical	Small surge of electricity	283					
sand_devil	physical	Stream of water	283					
sand_devil	bolt_spell	Minor Shock (901)	283					
sand_devil	bolt_spell	Minor Water (903)	273					
sand_devil	bolt_spell	Minor Fire (906)	263					
sand_devil	bolt_spell	Minor Cold (1709)	263					
sand_devil	warding_spell	Web (118)						
sand_devil	offensive_spell	Sandstorm (914)						
sand_devil	offensive_spell	Energy Maelstrom (710)						
sand_devil	offensive_spell	Tangleweed (610)						
sand_devil	maneuver	Lash						
savage_fork-tongued_wendigo	physical	attack	530..630					
savage_fork-tongued_wendigo	physical	bite (attack)	505..605					
savage_fork-tongued_wendigo	physical	claw (attack)	515..615					
savage_fork-tongued_wendigo	physical	Elongated talon	481..628					
savage_fork-tongued_wendigo	physical	Clawed fists	475..636					
savage_fork-tongued_wendigo	physical	Shark-like teeth	612..625					
savage_fork-tongued_wendigo	physical	Charge	529					
savage_fork-tongued_wendigo	physical	Huge hooves	517					
savage_fork-tongued_wendigo	physical	Tusks	525					
savage_fork-tongued_wendigo	warding_spell	frenzy (216)			438..450			
savage_fork-tongued_wendigo	warding_spell	sympathy (1120)			438..450			
savage_fork-tongued_wendigo	special_ability	enrage					+100 AS	
savage_fork-tongued_wendigo	special_ability	mstrike					x5	
scaly_burgee	physical	Charge (attack)	250					
scaly_burgee	physical	Claw	225..247					
scaly_burgee	physical	Charge	221					
scaly_burgee	maneuver	Spit						
scaly_needle_toothed_trenchling	special_ability	Abyssal Call						
sea_nymph	physical	Dagger	50					
sea_nymph	physical	Handaxe	50					
sea_nymph	physical	Spear	50					
sea_nymph	physical	Unknown	50					
sea_nymph	warding_spell	Calm (201)			10			
sea_nymph	warding_spell	Vibration Chant (1002)			2			
sea_nymph	warding_spell	Dagger			10			
seeker	physical	Earthen Fury (917)						
seeker	physical	Gas cloud						
seeker	physical	Strength (509)						
seeker	physical	Elemental Dispel						
seeker	physical	Ancient walking stick	243..271					
seeker	maneuver	Skeletal Finger						
seething_pestilent_vision	physical	Disintegrate (705)						
seething_pestilent_vision	physical	Corrupt Essence (703)						
seething_pestilent_vision	physical	Claw	330					
seething_pestilent_vision	offensive_spell	Web (118)						
seething_pestilent_vision	offensive_spell	Spirit Dispel (119)						
seething_pestilent_vision	maneuver	Gesture						
seething_pestilent_vision	maneuver	Vile Energy						
seraceris	physical	Claw (attack)	291					
seraceris	physical	Claw	380..384					
seraceris	warding_spell	Holding Song (1001)			346			
seraceris	warding_spell	Vibration Chant (1002)			346			
seraceris	warding_spell	Curse (715)			341			
seraceris	warding_spell	Evil Eye (717)						
seraceris	warding_spell	Disintegrate (705)			341			
seraceris	warding_spell	Point			346			
seraceris	maneuver	Air Blast						
seraceris	maneuver	Anti-mana Wave						
shadow_mare	physical	Bite	188..211					
shadow_mare	physical	Foot	188..211					
shadow_mare	physical	Charge	175					
shadow_mare	maneuver	Ethereal Wave						
shadow_steed	physical	Charge	254					
shadow_steed	physical	Foot	228..242					
shambling_lurk	physical	Bite	450					
shambling_lurk	physical	Bloated arms	438..470					
shambling_lurk	physical	Strike	459					
shambling_lurk	physical	Bronze cutlass	452..533					
shambling_lurk	bolt_spell	Web (118)	417					
shambling_lurk	offensive_spell	Elemental Wave						
shambling_lurk	maneuver	Vomit						
shambling_lurk	maneuver	Bite						
shambling_lurk	maneuver	Gesture						
shambling_lurk	maneuver	Strike						
shambling_lurk	maneuver	Disarm						
shan_bardess	physical	Lance	320..337					
shan_cleric	physical	Morning star	212					
shan_cleric	physical	Spiked holy-water sprinkler	307					
shan_cleric	warding_spell	Bind (214)			209			
shan_cleric	offensive_spell	Spirit Strike (117)						
shan_cleric	maneuver	Disarm						
shan_cleric	maneuver	Web						
shan_empath	physical	Spirit Strike						
shan_empath	physical	Modwir-hafted mace	260..378					
shan_empath	maneuver	Gesture						
shan_ranger	physical	Longsword	276..294					
shan_ranger	bolt_spell	Web (118)	276					
shan_ranger	warding_spell	Wild Entropy (603)			188			
shan_ranger	warding_spell	Web (118)			194			
shan_ranger	offensive_spell	Phoen's Strength (606)						
shan_ranger	offensive_spell	Spirit Strike (117)						
shan_ranger	offensive_spell	Spike Thorn (616)						
shan_ranger	offensive_spell	Tangleweed (610)						
shan_ranger	offensive_spell	Sounds (607)						
shan_ranger	offensive_spell	Call Swarm (615)						
shan_ranger	maneuver	Disarm						
shan_ranger	maneuver	Lash						
shan_ranger	maneuver	Web						
shan_sorceress	physical	Ball of greenish-black flame	326					
shan_warrior	physical	Flamberge	259..271					
shan_warrior	physical	Longsword	231..259					
shan_warrior	physical	Jeddart-axe	237..259					
shan_warrior	physical	Sharply-honed vultite handaxe	375					
shan_warrior	maneuver	Disarm Weapon						
shan_warrior	maneuver	Disarm						
shan_wizard	physical	Dagger	254					
shan_wizard	bolt_spell	Minor Acid (904)	228					
shan_wizard	offensive_spell	Earthen Fury (917)						
shan_wizard	offensive_spell	Elemental Focus (513)						
shan_wizard	offensive_spell	Elemental Targeting (425)						
shan_wizard	maneuver	Web						
shan_wizard	maneuver	Point						
shelfae_assailant	physical	Bite	110					
shelfae_assailant	physical	Claw	120					
shelfae_chieftain	physical	Halberd	130					
shelfae_chieftain	physical	Morning star	130					
shelfae_chieftain	special_ability	Tail strike						
shelfae_guard	physical	Bite	82					
shelfae_guard	physical	Claw	82					
shelfae_soldier	physical	Trident	102					
shelfae_warlord	physical	Falchion	170					
shelfae_warlord	offensive_spell	Tremors (909)						
sheruvian_harbinger	physical	Broadsword	324..404					
sheruvian_harbinger	warding_spell	Bind (214)			284			
sheruvian_harbinger	warding_spell	Frenzy (216)			284			
sheruvian_harbinger	warding_spell	Mind Jolt (706)			291			
sheruvian_harbinger	warding_spell	Silence (210)			284			
sheruvian_harbinger	warding_spell	Black steel broadsword			284			
sheruvian_harbinger	offensive_spell	Heroism (215)						
sheruvian_harbinger	offensive_spell	Spirit Strike (117)						
sheruvian_harbinger	maneuver	Pale Arm						
sheruvian_initiate	physical	Jeddart-axe	230..280					
sheruvian_initiate	physical	Lunge	220					
sheruvian_initiate	physical	Closed fist	220					
sheruvian_initiate	special_ability	Healing						
sheruvian_monk	physical	Jeddart-axe	239..314					
sheruvian_monk	physical	Lunge	269..299					
sheruvian_monk	special_ability	Healing						
sheruvian_priest	physical	Runestaff	253					
sheruvian_warlock	physical	Runestaff	253					
shining_winged_disir	physical	Lance		?				
shining_winged_disir	physical	Dagger-sharp beak	610					
shining_winged_disir	physical	Shining metallic spear	654..670					
shining_winged_disir	physical	Talons	600..610					
shining_winged_disir	physical	Huge black alloy greatsword	667					
shining_winged_disir	physical	Yellowed brittle bone cudgel	583					
shining_winged_disir	warding_spell	Censure				?		
shining_winged_disir	warding_spell	Polearm Plant			502			
shining_winged_disir	maneuver	Feint						
shining_winged_disir	maneuver	Lash						
shining_winged_disir	maneuver	Polearm Plant						
shrickhen	physical	Bite	393					
shrickhen	physical	Claw	403					
shrickhen	physical	Severed shrickhen arm	50..411					
shrickhen	offensive_spell	Elemental Dispel (417)						
shrickhen	offensive_spell	Elemental Wave (410)						
shrickhen	offensive_spell	Major Elemental Wave (435)						
shrickhen	maneuver	Point						
shriveled_icy_creeper	physical	melee: stab	285					
shriveled_icy_creeper	physical	Stinger	289					
shriveled_icy_creeper	maneuver	creeper vine						
shriveled_icy_creeper	maneuver	leafy appendages						
shriveled_icy_creeper	maneuver	Vine Fling						
shriveled_icy_creeper	maneuver	Whip						
sidewinder	physical	Bite	459					
sidewinder	physical	Strike	469					
sidewinder	maneuver	Strike						
silver_scaled_cold_wyrm	physical	Bite	826					
silver_scaled_cold_wyrm	physical	Claw	826					
silver_scaled_cold_wyrm	physical	Tail swing	826					
silver_scaled_cold_wyrm	physical	Dive	826					
silver_scaled_cold_wyrm	warding_spell	Sympathy (1120)			520			
silverback_orc	physical	Falchion	158..163					
siren	physical	Ensnare	446..449					
siren	physical	Coral-hilted sharply tapered longsword	428					
siren	warding_spell	Corrupt Essence (703)			402			
siren	warding_spell	Holding Song (1001)			402			
siren	warding_spell	Lullabye (1005)			402			
siren	warding_spell	Song of Depression (1015)			402			
siren	warding_spell	Song of Unravelling (1013)			402			
siren	warding_spell	Coral-hilted sharply tapered longsword			410			
siren	warding_spell	Ensnare			416			
siren_lizard	physical	claw (attack)	267					
siren_lizard	physical	Pound (attack)	267					
siren_lizard	physical	Ensnare (attack)	277					
siren_lizard	physical	Tail (attack)	255					
siren_lizard	physical	Claw	267					
siren_lizard	physical	Ensnare	277					
siren_lizard	physical	Fist	267					
siren_lizard	warding_spell	Poison			126			
siren_lizard	special_ability	Tail lash						
skayl	physical	Closed fist	257..328					
skayl	physical	Ensnare (attack)	328					
skayl	physical	Ensnare	257..302					
skayl	warding_spell	Earthen Fury (917)						
skayl	warding_spell	Burrow Ambush			265			
skayl	warding_spell	Ensnare			253			
skayl	maneuver	Fire Wave						
skeletal_giant	physical	Pound	227					
skeletal_giant	physical	Fist	227					
skeletal_ice_troll	physical	Battle axe	205					
skeletal_ice_troll	bolt_spell	Major Cold (907)	183					
skeletal_lord	physical	Lance	274					
skeletal_lord	maneuver	Disarm Weapon						
skeletal_lord	maneuver	Trip						
skeletal_lord	maneuver	Disarm						
skeletal_lord	maneuver	Polearm Plant						
skeletal_soldier	physical	Disarm Weapon						
skeletal_soldier	physical	Crude black iron morning star	224					
skeletal_soldier	physical	Claw	207					
skeletal_warhorse	physical	Charge	262					
skeletal_warhorse	physical	Stomp	240					
skeletal_warhorse	physical	Foot	235					
skeletal_warhorse	maneuver	Kick						
skeleton	physical	Broadsword						
skeleton	physical	Dagger	31					
skeleton	physical	Unknown	31					
skeleton	physical	Bite	11					
sleek_black_kiramon_stalker	physical	Claw						
sleek_black_kiramon_stalker	physical	Stinger (attack)	591..597					
sleek_black_kiramon_stalker	physical	Bite	565..597					
sleek_black_kiramon_stalker	physical	Bladed forelegs	519					
sleek_black_kiramon_stalker	physical	Razor-sharp foreleg	600..607					
sleek_black_kiramon_stalker	maneuver	Eviscerate						
sleek_black_kiramon_stalker	maneuver	Coup de Grace						
sleek_black_kiramon_stalker	maneuver	Dirtkick						
sleek_black_kiramon_stalker	maneuver	Charge						
sleek_black_kiramon_stalker	maneuver	Dust Kick						
sleek_black_kiramon_stalker	special_ability	Weapon Web						
sleek_black_kiramon_stalker	special_ability	Stealth						
sleek_black_kiramon_stalker	special_ability	On the Hunt						
sleek_black_kiramon_stalker	special_ability	Durable Carapace						
slimy_little_grub	physical	Stinger (attack)	47					
slimy_little_grub	physical	Stinger	37					
smouldering_skeletal_dreadsteed	physical	Bite (attack)	520					
smouldering_skeletal_dreadsteed	physical	Charge (attack)	530					
smouldering_skeletal_dreadsteed	physical	Stomp (attack)	520					
smouldering_skeletal_dreadsteed	physical	Bite	567..575					
smouldering_skeletal_dreadsteed	physical	Charge	530..576					
smouldering_skeletal_dreadsteed	physical	Kick	555..561					
smouldering_skeletal_dreadsteed	offensive_spell	Flaming Aura (1706)						
smouldering_skeletal_dreadsteed	maneuver	Feint						
smouldering_skeletal_dreadsteed	maneuver	Headbutt						
smouldering_skeletal_dreadsteed	maneuver	Charge						
smouldering_skeletal_dreadsteed	maneuver	Lash						
smouldering_skeletal_dreadsteed	special_ability	Charge						
snow_crone	bolt_spell	Major Cold (907)	227					
snow_crone	warding_spell	Mana Disruption (702)			201			
snow_crone	warding_spell	Point			192			
snow_crone	maneuver	Stomp						
snow_crone	special_ability	Gas Cloud						
snow_leopard	physical	Bite	182..203					
snow_leopard	physical	Charge	213					
snow_leopard	physical	Claw	187..213					
snow_leopard	maneuver	Leap						
snow_madrinol	physical	Bite	291..301					
snow_madrinol	physical	Claw	311					
snow_madrinol	maneuver	Tail Sweep						
snow_madrinol	maneuver	Tail Swipe						
snow_spectre	physical	Closed fist	98					
snow_spectre	warding_spell	Fear			47..53			
snowy_cockatrice	physical	Charge (attack)	109					
snowy_cockatrice	physical	Claw	99					
snowy_cockatrice	physical	Pincer (attack)	99					
snowy_cockatrice	physical	Strike	99					
snowy_cockatrice	maneuver	Stare						
snowy_cockatrice	maneuver	Dust Kick						
soldier_ant	physical	Bite	45					
soldier_ant	physical	Charge (attack)	55					
soul_golem	physical	Pound (attack)	337					
soul_golem	physical	Ensnare (attack)	353					
soul_golem	maneuver	Twin Hammerfists						
soul_golem	special_ability	Foot slam						
spectacled_bear	physical	Bite	180					
spectacled_bear	physical	Charge	171					
spectacled_bear	physical	Claw	171					
spectral_black_warhorse	physical	Charge (attack)						
spectral_black_warhorse	physical	Stomp	250					
spectral_black_warhorse	physical	Charge	190					
spectral_black_warhorse	special_ability	Rears						
spectral_fisherman	physical	Trident	94					
spectral_fisherman	physical	Bite						
spectral_fisherman	physical	Claw (attack)Claw						
spectral_lord	physical	Ball and chain	250					
spectral_lord	physical	Morning star	222..250					
spectral_lord	maneuver	Disarm Weapon						
spectral_lord	maneuver	Disarm						
spectral_miner	physical	Mining pick	243..311					
spectral_miner	maneuver	Gesture						
spectral_monk	physical	Quarterstaff	227					
spectral_monk	physical	Scythe	227					
spectral_monk	warding_spell	Silence (210)			136			
spectral_monk	warding_spell	Frenzy (216)			136			
spectral_monk	warding_spell	Blind (311)			142			
spectral_monk	warding_spell	Mind Jolt (706)			146			
spectral_monk	warding_spell	Long blackened scythe			148			
spectral_monk	offensive_spell	Bravery (211)						
spectral_shade	physical	Blackened scythe	239					
spectral_shade	physical	Powerful lightning bolt	162					
spectral_triton_defender	physical	Lackluster blue steel harpoon	444					
spectral_triton_defender	physical	Seaweed-wound rusted steel hatchet	424..433					
spectral_triton_defender	physical	Curved vaalorn handaxe	432					
spectral_triton_defender	physical	Tarnished dark silver harpoon	433					
spectral_triton_defender	maneuver	Charge						
spectral_triton_defender	maneuver	Disarm						
spectral_triton_defender	maneuver	Feint						
spectral_triton_protector	physical	Ball and chain	424..449					
spectral_triton_protector	physical	Claw	414					
spectral_triton_protector	maneuver	Shield Charge						
spectral_triton_protector	special_ability	Dizzying Swing						
spectral_triton_protector	special_ability	Mstrike						
spectral_triton_protector	special_ability	Hurl						
spectral_warrior	physical	Claw	230					
spectral_warrior	physical	Flail	230..250					
spectral_warrior	physical	Broadsword	250					
spectral_warrior	physical	Halberd	250..288					
spectral_warrior	maneuver	Disarm						
spectral_warrior	maneuver	Halberd Sweep						
spectral_warrior	special_ability	Attack strength boost						
spectral_woodsman	physical	Battle axe						
spectral_woodsman	physical	Hissing stream of acid	192					
spectral_woodsman	physical	Powerful lightning bolt	172					
spectral_woodsman	physical	Roaring ball of fire	176					
spectral_woodsman	bolt_spell	Minor Acid (904)	212					
spectral_woodsman	bolt_spell	Major Cold (907)	212					
spectral_woodsman	bolt_spell	Major Fire (908)	218					
spectral_woodsman	bolt_spell	Major Shock (910)	218					
spectral_woodsman	warding_spell	Repel(fear)			188			
spectral_woodsman	warding_spell	Mind blanked?			195			
spectral_woodsman	special_ability	Gas cloud						
spectre	physical	Halberd	102					
spectre	physical	Battle axe	102					
spectre	physical	Fist	102					
spectre	bolt_spell	Minor Shock (901)	137					
spectre	bolt_spell	Major Cold (907)	137					
spectre	offensive_spell	Call Wind (912)						
spectre	maneuver	Gas cloud						
spectre	maneuver	Mystic Gesture						
spiked_cavern_urchin	physical	Pincer (attack)		(barbed spines) 176				
spiked_cavern_urchin	maneuver	Barbed spines						
spiked_cavern_urchin	maneuver	Spine Barrage						
spotted_gak	physical	Impale	48					
spotted_gak	physical	Tusk	48					
spotted_gnarp	physical	Impale	32					
spotted_gnarp	physical	Tusk	23..36					
spotted_gnarp	physical	Unknown	23					
spotted_leaper	physical	Bite	68..76					
spotted_leaper	physical	Claw	76					
spotted_leaper	physical	Stomp	76					
spotted_leaper	physical	Unknown	76					
spotted_lynx	physical	Bite	92					
spotted_lynx	physical	Charge	92..102					
spotted_lynx	physical	Claw	91..102					
spotted_lynx	physical	Unknown	102					
spotted_lynx	maneuver	Leap						
spotted_lynx	special_ability	Pounce						
squamous_reptilian_mutant	physical	Cudgel	573..598					
squamous_reptilian_mutant	physical	Crush	614					
squamous_reptilian_mutant	physical	Fists	543..554					
squamous_reptilian_mutant	physical	Slash	568..583					
squamous_reptilian_mutant	physical	?: Blow raises a welt	546					
squamous_reptilian_mutant	warding_spell	Bind			475			
squamous_reptilian_mutant	warding_spell	Lash			469			
squamous_reptilian_mutant	warding_spell	Yellowed brittle bone cudgel			475			
steam_dervish	physical	Longsword	402..452					
steam_dervish	maneuver	Hamstring						
steam_dervish	maneuver	Steam Blast						
steam_dervish	special_ability	Steam blast						
steel_golem	physical	Ensnare	168..178					
steel_golem	physical	Pound	188					
steel_golem	physical	Stomp	198					
steel_golem	physical	Metallic hand	150..169					
steel_golem	maneuver	Twin Hammerfists						
steel_golem	maneuver	Ground Slam						
steel_golem	special_ability	Foot slam						
stone_gargoyle	physical	Bite	134..242					
stone_gargoyle	physical	Claw	242					
stone_giant	physical	Pound						
stone_giant	physical	Stomp						
stone_giant	physical	War mattock	324					
stone_giant	physical	Large rock	267					
stone_giant	bolt_spell	Hurl Boulder (510)	334					
stone_giant	warding_spell	Unbalance (110)			251..263			
stone_giant	offensive_spell	Earthen Fury (917)						
stone_mastiff	physical	Bite	229..268					
stone_mastiff	physical	Claw	337					
stone_mastiff	maneuver	Charge						
stone_mastiff	maneuver	Leap						
stone_sentinel	physical	Pound	380					
stone_sentinel	physical	Fist	350..380					
stone_sentinel	bolt_spell	Fireball	373					
stone_sentinel	warding_spell	Mind Jolt			231..241			
stone_sentinel	warding_spell	Silence			231..241			
stone_sentinel	offensive_spell	Elemental Wave (410)						
stone_sentinel	offensive_spell	Earthen Fury (917)						
stone_sentinel	maneuver	Point						
stone_sentinel	special_ability	Stone-spitting						
stone_troll	physical	Thrown	321					
stone_troll	physical	War hammer	321					
stone_troll	physical	Foot	296					
stone_troll	physical	Giant stone hammer	298					
stone_troll	warding_spell	Unbalance			214			
stone_troll	maneuver	Ground slap						
stone_troll	maneuver	Ground stomp						
stone_troll	maneuver	Stone spit						
stone_troll	maneuver	Ground Slam						
stooped_being	physical	Claw	406					
stooped_being	physical	Bite	356..396					
stooped_being	maneuver	Gaze						
stooped_titan_stormcaller	physical	Leering Lightning(?)						
stooped_titan_stormcaller	physical	Glowing hand	205					
storm_giant	physical	Morning star	247					
storm_giant	physical	Spear	197..247					
storm_giant	physical	Weathered huge zorchar maul	252					
storm_giant	bolt_spell	Major Shock (910)	195					
storm_giant	bolt_spell	Minor Water (903)	195					
storm_giant	offensive_spell	Call Wind (912)						
storm_giant	offensive_spell	Gas cloud						
storm_giant	maneuver	Ground stomp						
storm_giant	maneuver	Wind blast						
storm_giant	maneuver	Ground Slam						
storm_giant	maneuver	Thunderclap						
storm_giant	maneuver	Wind Rush						
storm_griffin	physical	Claw	338..368					
storm_griffin	physical	Impale	358					
storm_griffin	physical	Bite	327..362					
storm_griffin	physical	Swoop	331..368					
storm_griffin	physical	Beak	325					
storm_griffin	physical	Powerful lightning bolt	293					
storm_griffin	bolt_spell	Major Shock (910)	321					
storm_griffin	offensive_spell	Call Wind (912)						
storm_griffin	offensive_spell	Lightning mote						
storm_griffin	offensive_spell	Screech						
storm_griffin	maneuver	Wing Buffet						
storm_hound	physical	Bite	192					
storm_hound	physical	Claw	202					
storm_hound	physical	Powerful lightning bolt	202					
storm_hound	bolt_spell	Major Shock (910)	171					
striped_gak	physical	Impale	61					
striped_gak	physical	Tusk	54					
striped_relnak	physical	Bite	31..61					
striped_relnak	physical	Charge (attack)	71					
striped_relnak	physical	Stomp	61					
striped_relnak	physical	Foot	61					
striped_relnak	physical	Unknown	41					
striped_warcat	physical	Claw	185..195					
striped_warcat	physical	Bite	166..193					
striped_warcat	physical	Unknown	185					
striped_warcat	maneuver	Leap (knock down)						
striped_warcat	maneuver	Leap						
stunted_halfling_bloodspeaker	physical	attack	420..550					
stunted_halfling_bloodspeaker	physical	Shark-like teeth	505..522					
stunted_halfling_bloodspeaker	physical	Tusks	499..519					
stunted_halfling_bloodspeaker	physical	Charge	504..529					
stunted_halfling_bloodspeaker	physical	Huge hooves	529					
stunted_halfling_bloodspeaker	physical	Misshapen limbs	499					
stunted_halfling_bloodspeaker	warding_spell	blood burst (701)			455..473			
stunted_halfling_bloodspeaker	warding_spell	bone shatter (1106)			439..454			
stunted_halfling_bloodspeaker	warding_spell	corrupt essence (703)			455..473			
stunted_halfling_bloodspeaker	warding_spell	limb disruption (708)			455..473			
stunted_halfling_bloodspeaker	warding_spell	wither (1115)			439..454			
stunted_halfling_bloodspeaker	warding_spell	Point			467			
stunted_halfling_bloodspeaker	maneuver	Point						
supple_ivasian_inciter	physical	Kick	414					
supple_ivasian_inciter	physical	Whip	294..329					
supple_ivasian_inciter	physical	Quick jab	323..363					
supple_ivasian_inciter	offensive_spell	Spirit Strike						
supple_ivasian_inciter	offensive_spell	Spike Thorn						
supple_ivasian_inciter	maneuver	Gesture						
supple_ivasian_inciter	maneuver	Kick						
supple_ivasian_inciter	maneuver	Swiftkick						
swamp_hag	physical	Slap	255					
swamp_hag	bolt_spell	Major Fire (908)	235					
swamp_hag	warding_spell	Hand of Tonis (505)			224			
swamp_hag	offensive_spell	Call Wind (912)						
swamp_hag	offensive_spell	Sandstorm (914)						
swamp_hag	offensive_spell	Tremors (909)						
swamp_hag	offensive_spell	Major Elemental Wave (435)						
swamp_hag	maneuver	Evil Eye						
swamp_hag	maneuver	Lash						
swamp_hag	maneuver	Point						
swamp_troll	physical	Cudgel	155..173					
swirling_spectre	physical	Claw	144					
swirling_spectre	physical	Ensnare	222					
swirling_spectre	bolt_spell	Cone of Elements (518)	150					
swirling_spectre	warding_spell	Thought Lash (1210)			140			
swirling_spectre	warding_spell	Vertigo (1219)			140			
swirling_spectre	offensive_spell	Call Wind (912)						
swirling_spectre	maneuver	Claw						
tattooed_gigas_berserker	physical	hatchet	531..563					
tattooed_gigas_berserker	physical	Charge	529..535					
tattooed_gigas_berserker	physical	Enormous tusks	529..539					
tattooed_gigas_berserker	physical	Golden targe	556					
tattooed_gigas_berserker	physical	Immense fel-hafted handaxe	520..545					
tattooed_gigas_berserker	physical	Lunge	520..545					
tattooed_gigas_berserker	physical	Crush	500					
tattooed_gigas_berserker	physical	Tusks	519					
tattooed_gigas_berserker	warding_spell	Shield Bash			437			
tattooed_gigas_berserker	maneuver	Charge						
tattooed_gigas_berserker	maneuver	Pounce						
tattooed_gigas_berserker	maneuver	Shield Bash						
tattooed_gigas_berserker	special_ability	frenzy						
tawny_armor_clad_pegasus	maneuver	Headbutt						
tawny_armor_clad_pegasus	special_ability	Incandescent Wings						
tawny_armor_clad_pegasus	special_ability	Wind Burst						
tawny_armor_clad_pegasus	special_ability	Penance Stare						
tawny_armor_clad_pegasus	special_ability	Plummeting Charge						
tawny_brindlecat	physical	Bite	147..150					
tawny_brindlecat	physical	Claw	136..162					
tawny_brindlecat	maneuver	Pounce						
tawny_brindlecat	maneuver	Leap						
tegursh_sentry	physical	Falchion	207					
tegursh_sentry	physical	Jeddart-axe	176..225					
tegursh_sentry	maneuver	Shield Charge						
tegursh_sentry	maneuver	Tail Swipe						
tegursh_sentry	maneuver	Charge						
tegursh_sentry	special_ability	Tail sweep						
tenebrific_wraith_shark	physical	Crush	614					
thrak	physical	Bite	110					
thrak	physical	Charge	120					
thrak	physical	Claw	110					
thrak	physical	Unknown	120					
three_toed_tegu	physical	Impale	237					
three_toed_tegu	physical	Bite	227..237					
three_toed_tegu	physical	Claw	237					
three_toed_tegu	maneuver	Tail Sweep						
thunder_troll	physical	War mattock	163					
thunder_troll	physical	Flamberge	163					
thunder_troll	physical	Nut brown steel bastard sword	163					
thunder_troll	physical	Unknown	163					
thunder_troll	physical	Claw	153					
thunder_troll	bolt_spell	Major Shock (910)	117					
thunder_troll	warding_spell	Pain (711)			98			
thunder_troll	warding_spell	Claw			98			
thunder_troll	warding_spell	Flamberge			98			
thunder_troll	offensive_spell	Call Wind (912)						
thunder_troll	maneuver	Gas cloud						
thunder_troll	maneuver	Wind Rush						
thyril	physical	Closed fist	42					
thyril	physical	Scimitar	52					
thyril	physical	Unknown	52					
titan_tempest_tyrant	maneuver	Tempest Strike(?)						
titan_tempest_tyrant	maneuver	Feint						
titan_tempest_tyrant	maneuver	Ground Slam						
titan_tempest_tyrant	maneuver	Ethereal Wave						
tomb_troll	physical	Morning star	248..273					
tomb_troll	physical	Huge swollen right fist	235					
tomb_troll	maneuver	Shield Bash						
tomb_troll_necromancer	physical	Runestaff	133..283					
tomb_troll_necromancer	warding_spell	Curse (715)			266			
tomb_troll_necromancer	warding_spell	Limb Disruption (708)			266			
tomb_troll_necromancer	warding_spell	Pain (711)			266			
tomb_troll_necromancer	warding_spell	Blood Burst (701)			266			
tomb_troll_necromancer	maneuver	Animate Dead (730)						
tomb_troll_necromancer	maneuver	Point						
tomb_wight	physical	Broadsword	131..163					
tomb_wight	physical	Two-handed sword	157					
tomb_wight	physical	Twohanded sword	127..157					
tomb_wight	physical	Blackened claidhmore	141					
tomb_wight	warding_spell	Twohanded sword			90			
tomb_wight	maneuver	Web						
translucent_kiramon_strandweaver	physical	Barbed stinger	565					
translucent_kiramon_strandweaver	physical	Bladed forelegs	519					
translucent_kiramon_strandweaver	warding_spell	Empathic Link (1117)						
translucent_kiramon_strandweaver	offensive_spell	Web (118)						
tree_spirit	physical	Ensnare	190					
tree_spirit	bolt_spell	Major Shock (910)	194					
tree_spirit	offensive_spell	Call Lightning (125)						
tree_spirit	offensive_spell	Call Wind (912)						
tree_spirit	offensive_spell	Earthen Fury (917)						
tree_spirit	maneuver	Gesture						
tree_viper	physical	Bite	195..218					
tree_viper	maneuver	Poisonous spit						
tree_viper	maneuver	Spit						
tree_viper	maneuver	Glob						
tree_viper	maneuver	Lash						
treekin_druid	physical	Pound	400					
treekin_druid	physical	Root lash	400					
treekin_druid	physical	Root slam	400					
treekin_druid	physical	Large boulder	265					
treekin_druid	physical	Leafy fist	370					
treekin_druid	bolt_spell	Hurl Boulder (510)	350					
treekin_druid	warding_spell	Searing Light (135)			340			
treekin_druid	offensive_spell	Call Swarm (615)						
treekin_druid	offensive_spell	Spirit Dispel (119)						
treekin_druid	offensive_spell	Spike Thorn (616)						
treekin_druid	offensive_spell	Phoen's Strength (606)						
treekin_druid	maneuver	Whirlwind of leaves (or pollen)						
treekin_druid	maneuver	Grab						
treekin_druid	maneuver	Leaf Whirlwind						
treekin_sapling	physical	Branch rake	355					
treekin_sapling	physical	Root lash	355					
treekin_sapling	maneuver	Sweep						
treekin_warrior	physical	Pound	390					
treekin_warrior	physical	Root lash	390					
treekin_warrior	physical	Root slam	390					
treekin_warrior	physical	Leafy fist	355					
treekin_warrior	maneuver	Twin Hammerfists						
treekin_warrior	maneuver	Caber toss						
treekin_warrior	maneuver	Grab						
treekin_warrior	maneuver	Sap Spit						
triton_assassin	physical	Longsword						
triton_assassin	physical	Main gauche						
triton_assassin	physical	Claw	443					
triton_assassin	physical	Coral-hilted heavy ball and chain	433					
triton_assassin	maneuver	Groin Kick						
triton_assassin	maneuver	Cutthroat						
triton_assassin	maneuver	Kick						
triton_assassin	special_ability	Ambush						
triton_assassin	special_ability	Stealth						
triton_assassin	special_ability	Vanish						
triton_assassin	special_ability	Hurl						
triton_brawler	physical	UCS		414 UAF				
triton_brawler	maneuver	Crowd Press						
triton_brawler	maneuver	Haymaker						
triton_brawler	maneuver	Headbutt						
triton_brawler	maneuver	Sucker Punch						
triton_brawler	maneuver	Twin Hammerfists						
triton_brawler	maneuver	Charge						
triton_brawler	maneuver	Fist						
triton_brawler	maneuver	Grapple						
triton_brawler	maneuver	Jab						
triton_brawler	maneuver	Kick						
triton_brawler	maneuver	Punch						
triton_brawler	special_ability	silencing strike						
triton_combatant	physical	Claw	414					
triton_combatant	physical	Trident	424..444					
triton_combatant	physical	Seaweed-wound rusted steel hatchet	424..426					
triton_combatant	maneuver	Charge						
triton_combatant	maneuver	Disarm Weapon						
triton_combatant	maneuver	Feint						
triton_combatant	maneuver	Tackle						
triton_combatant	maneuver	Triton's Horn						
triton_combatant	maneuver	Drowning Pool						
triton_combatant	maneuver	Disarm						
triton_dissembler	physical	Empathic Assault (1110)	404					
triton_dissembler	physical	Fine-grained deep cerulean runestaff	391					
triton_dissembler	warding_spell	Disintegrate (705)			382..409			
triton_dissembler	offensive_spell	Implosion (720)						
triton_dissembler	maneuver	Fear Gaze						
triton_dissembler	maneuver	Golden Nail						
triton_executioner	physical	Handaxe	433..451					
triton_executioner	physical	Heavy crossbow						
triton_executioner	physical	longsword	433..453					
triton_executioner	physical	Streaked pale driftwood bolt	433..453					
triton_executioner	maneuver	Coup de Grace						
triton_executioner	maneuver	Cutthroat						
triton_executioner	maneuver	Drown						
triton_executioner	maneuver	Sweep						
triton_fanatic	physical	Hammer of Kai	423..539					
triton_fanatic	warding_spell	Pious Trial (1602)			430..442			
triton_fanatic	warding_spell	Repentance (1615)			430..442			
triton_fanatic	warding_spell	Point			454			
triton_fanatic	offensive_spell	Arm of the Arkati (1605)						
triton_fanatic	offensive_spell	Zealot (1617)						
triton_fanatic	offensive_spell	Fervor (1618)						
triton_fanatic	offensive_spell	Spirit Strike (117)						
triton_fanatic	maneuver	Feint						
triton_fanatic	maneuver	Lash						
triton_fanatic	maneuver	Charge						
triton_fanatic	special_ability	Cyclone						
triton_fanatic	special_ability	Mstrike						
triton_magus	physical	Arrow	431					
triton_magus	physical	Powerful lightning bolt	409					
triton_magus	warding_spell	Nature's Fury (635)			433			
triton_magus	offensive_spell	Elemental Targeting (425)						
triton_magus	maneuver	Feint						
triton_magus	maneuver	Spike Thorn (616)						
triton_radical	physical	Scaling fork	430..520					
triton_radical	physical	Trident	430					
triton_radical	warding_spell	Censure (316)			415			
triton_radical	warding_spell	Divine Strike (1615)			424			
triton_radical	warding_spell	Divine Wrath (335)			403			
triton_radical	warding_spell	Frenzy (216)			409			
triton_radical	warding_spell	Judgment (1630)			409			
triton_radical	warding_spell	Point			421			
triton_radical	offensive_spell	Heroism (215)						
triton_radical	offensive_spell	Spirit Strike (117)						
triton_radical	maneuver	Bull Rush						
triton_radical	maneuver	Charge						
triton_radical	maneuver	Shield Charge						
triton_warden	physical	Longbow						
triton_warden	physical	Pale driftwood arrow	431..456					
triton_warden	physical	Sapphire-tipped arrow	431..456					
triton_warden	physical	Brackish green arrow	446					
triton_warden	warding_spell	Wild Entropy (603)			448			
triton_warden	special_ability	Sunburst (609)						
triton_warden	special_ability	Tangleweed (610)						
triton_warden	special_ability	Spike Thorn (616)						
triton_warden	special_ability	Stealth						
triton_warlock	physical	Runestaff	402..427					
triton_warlock	physical	Claw	417					
triton_warlock	bolt_spell	Balefire (713)	404..429					
triton_warlock	warding_spell	Disintegrate (705)			402..438			
triton_warlock	warding_spell	Mind Jolt (706)			402..438			
triton_warlock	warding_spell	Torment (718)			402..438			
triton_warlock	warding_spell	Dark Catalyst (719)			402..438			
triton_warlock	warding_spell	Claw			449			
triton_warlock	warding_spell	Twisted soot black runestaff			399			
troglodyte	physical	Cudgel	68					
troglodyte	physical	Unknown	68					
troglodyte	physical	Closed fist	46					
troll_chieftain	physical	Battle axe	216..270					
troll_wraith	physical	Claw	214..215					
troll_wraith	warding_spell	Point			177			
tundra_giant	physical	Claw (attack)	235					
tundra_giant	bolt_spell	Major Cold (907)	193					
tundra_giant	maneuver	Ground Slam						
tusked_ursian	physical	Claw	200..260					
tusked_ursian	physical	Charge (attack)	260					
tusked_ursian	physical	Bite	260					
tusked_ursian	maneuver	Charge						
tusked_ursian	maneuver	Squeal						
tusked_ursian	maneuver	Lash						
twisted_being	physical	Bite	356..396					
twisted_being	physical	Claw	396					
twisted_being	maneuver	Firebreathing						
twisted_being	maneuver	Lash						
undertaker_bat	physical	Bite	217..242					
undertaker_bat	physical	Claw	182..226					
urgh	physical	Impale	84					
urgh	physical	Tusk	74					
vaespilon	physical	Implosion (720)						
vaespilon	physical	Spirit Strike (117)						
vaespilon	physical	Bravery (211)						
vaespilon	physical	Blackened wooden staff	495					
vaespilon	maneuver	Skeletal Finger						
vaespilon	maneuver	Pounce						
vapor_hound	physical	Bite	192					
vapor_hound	physical	Claw	202					
vapor_hound	special_ability	Breath attack						
velnalin	physical	Bite	48..61					
velnalin	physical	Charge	61..71					
velnalin	physical	Stomp	61					
vesperti	physical	Flail	229					
vesperti	physical	Whip	229					
vesperti	physical	Scimitar	229					
vesperti	physical	Blackened cutlass	202					
vesperti	warding_spell	Energy Maelstrom (710)						
vesperti	warding_spell	Pain (711)						
vesperti	warding_spell	Curse (715)						
vesperti	warding_spell	Pestilence (716)						
vesperti	warding_spell	Mana Drain						
vesperti	warding_spell	Claw Curse			206			
vesperti	maneuver	Charge						
vesperti	special_ability	Dodge						
veteran_reiver	physical	Old claidhmore	207					
veteran_reiver	physical	Unknown	207					
vourkha	physical	Bite	226..252					
vourkha	physical	Claw	235..262					
vourkha	physical	Swoop	235					
vourkha	bolt_spell	Minor Acid (904)	217					
vourkha	bolt_spell	Minor Fire (906)	217					
vvrael_destroyer	physical	Claidhmore	450..469					
vvrael_destroyer	physical	Maul	450..470					
vvrael_destroyer	maneuver	Mighty Blow						
vvrael_destroyer	maneuver	Sunder Shield						
vvrael_destroyer	maneuver	Tackle						
vvrael_destroyer	maneuver	Warcry						
vvrael_destroyer	maneuver	Weapon Bonding						
vvrael_destroyer	maneuver	Lash						
vvrael_destroyer	maneuver	Pounce						
vvrael_warlock	physical	Whip	356..401					
vvrael_warlock	physical	Ball of greenish-black flame	459..466					
vvrael_warlock	physical	Midnight black longsword	470					
vvrael_warlock	bolt_spell	Balefire (713)	379					
vvrael_warlock	warding_spell	Corrupt Essence (703)			360			
vvrael_warlock	warding_spell	Curse (715)			360			
vvrael_warlock	warding_spell	Elemental Blast (409)			364			
vvrael_warlock	warding_spell	Evil Eye (717)			360			
vvrael_warlock	warding_spell	Dark Catalyst (719)			360			
vvrael_warlock	warding_spell	Torment (718)			360			
vvrael_warlock	warding_spell	Midnight black longsword			364			
vvrael_warlock	warding_spell	Midnight black spiked whip			360			
vvrael_warlock	offensive_spell	Spirit Strike (117)						
vvrael_warlock	offensive_spell	Bravery (211)						
vvrael_warlock	offensive_spell	Elemental Dispel (417)						
vvrael_warlock	maneuver	Gesture						
vvrael_warlock	maneuver	Pounce						
vvrael_warlock	maneuver	Wing Buffet						
vvrael_witch	physical	Minor Acid (904)						
vvrael_witch	physical	Chunk of ice	349					
vvrael_witch	physical	Large boulder	314..349					
vvrael_witch	physical	Midnight black morning star	323..355					
vvrael_witch	physical	Powerful lightning bolt	314..360					
vvrael_witch	physical	Stream of fire	349					
vvrael_witch	physical	Midnight black curved dagger	374					
vvrael_witch	physical	Midnight black spiked whip	362					
vvrael_witch	warding_spell	Earthen Fury (917)						
vvrael_witch	warding_spell	Elemental Dispel (417)						
vvrael_witch	warding_spell	Midnight black morning star			352			
vvrael_witch	maneuver	Anti-mana Wave						
vvrael_witch	maneuver	Lash						
waern	physical	Claw	257..295					
waern	physical	Charge	286..294					
waern	maneuver	Grapple						
waern	maneuver	Lunge						
wall_guardian	physical	Military pick	153					
war_griffin	physical	Bite	465..475					
war_griffin	physical	Claw	465..467					
war_griffin	physical	Impale	436					
war_griffin	physical	Beak	444..471					
war_griffin	physical	Smash	443					
war_griffin	physical	Swoop	457..475					
war_griffin	maneuver	Call Wind (912)						
war_griffin	maneuver	Screech						
war_griffin	maneuver	Wing buffet						
war_griffin	maneuver	Wing swat						
war_griffin	maneuver	Dive						
war_troll	physical	Two-handed sword						
war_troll	physical	War hammer	175					
war_troll	physical	Unknown	211					
war_troll	special_ability	Attack strength boost						
warped_tree_spirit	physical	Fear						
warped_tree_spirit	physical	Pain (711)						
warped_tree_spirit	physical	Ensnare	301					
warped_tree_spirit	offensive_spell	Earthen Fury (917)						
warped_tree_spirit	offensive_spell	Powersink (1203)						
warped_tree_spirit	maneuver	Vine fling						
warped_tree_spirit	maneuver	Gesture						
warrior_shade	physical	Halberd	253..325					
warrior_shade	maneuver	Disarm Weapon						
warthog	physical	Charge (attack)	226					
warthog	physical	Impale (attack)	216					
warthog	physical	Charge	206					
warthog	physical	Tusk	208					
warthog	special_ability	Charge						
wasp_nest	physical	Dreadful droning of their wings	367					
water_elemental	physical	Pound	424					
water_elemental	physical	Fist	428..439					
water_elemental	physical	Stream of water	260..310					
water_elemental	maneuver	Water blast						
water_elemental	maneuver	Repel						
water_elemental	maneuver	Ethereal Wave						
water_hound	physical	Bite	182..192					
water_hound	physical	Claw	202					
water_hound	physical	Stream of water	202					
water_hound	bolt_spell	Minor Water (903)	171					
water_moccasin	physical	Bite	68					
water_moccasin	physical	Unknown	68					
water_witch	physical	Spear	94					
water_witch	physical	Gold-edged steel jeddart-axe	66					
water_wyrd	physical	Trident	197					
water_wyrd	physical	Stream of water	227					
water_wyrd	bolt_spell	Minor Water (903)	212..237					
water_wyrd	warding_spell	Elemental Blast (409)			171..199			
water_wyrd	offensive_spell	Elemental Wave (410)						
water_wyrd	offensive_spell	Major Elemental Wave (435)						
water_wyrd	maneuver	Water blast						
water_wyrd	maneuver	Repel						
werebear	physical	Bite	130					
werebear	physical	Claw	130					
werebear	physical	Charge (attack)	140					
wharf_rat	physical	Bite	4					
whiptail	physical	Impale	65					
whiptail	physical	Pincer (attack)	65					
whiptail	physical	Pincer	65					
whiptail	physical	Tusk	45..65					
whiptail	maneuver	Web						
whiptail	special_ability	Web						
white_vysan	physical	Ensnare	54					
white_vysan	physical	Pound	44					
white_vysan	physical	Fist	34..44					
white_vysan	physical	Unknown	44					
wind_witch	physical	Dagger	161					
wind_witch	physical	Knife	161					
wind_witch	bolt_spell	Minor Shock (901)	139					
wind_witch	bolt_spell	Major Shock (910)	139					
wind_witch	offensive_spell	Call Wind (912)						
wind_witch	maneuver	Gas cloud						
wind_witch	maneuver	Point						
wind_wraith	physical	Claw (attack)	294					
wind_wraith	physical	Claw	300..303					
wind_wraith	warding_spell	Claw			291			
winged_viper	physical	Bite	294					
winged_viper	physical	Swoop	298					
winged_viper	bolt_spell	Major Cold (907)						
winged_viper	bolt_spell	Major Fire (908)						
winged_viper	bolt_spell	Major Shock (910)						
winged_viper	warding_spell	Elemental Strike (415)						
winged_viper	warding_spell	Bite			274			
winged_viper	offensive_spell	Call Swarm (615)						
winged_viper	offensive_spell	Elemental Dispel (417)						
winged_viper	offensive_spell	Elemental Wave (410)						
winged_viper	offensive_spell	Major Elemental Wave (435)						
winged_viper	offensive_spell	Sounds (607)						
winged_viper	maneuver	Spit						
winged_viper	maneuver	Tongue Flick						
withered_shadow-cloaked_draugr	physical	greatsword	586..693					
withered_shadow-cloaked_draugr	physical	Dagger-sharp beak	610..622					
withered_shadow-cloaked_draugr	physical	Lunge	545					
withered_shadow-cloaked_draugr	physical	Shadow-drenched fist down	582..647					
withered_shadow-cloaked_draugr	physical	Shining metallic spear	654					
withered_shadow-cloaked_draugr	physical	Smash	582..662					
withered_shadow-cloaked_draugr	physical	Talons	600..610					
withered_shadow-cloaked_draugr	physical	Yellowed brittle bone cudgel	608					
withered_shadow-cloaked_draugr	physical	?: Blow raises a welt	657					
withered_shadow-cloaked_draugr	physical	Shark-like teeth	465					
withered_shadow-cloaked_draugr	maneuver	Shield Bash						
withered_shadow-cloaked_draugr	maneuver	Charge						
wolfshade	physical	Bite	103..133					
wolfshade	physical	Claw	133					
wolverine	physical	Bite	234					
wolverine	physical	Claw	234					
wood_sprite	physical	Jeddart-axe	201..214					
wood_sprite	physical	Spear	230					
wood_sprite	physical	Quarterstaff	250					
wood_sprite	offensive_spell	Call Swarm (615)						
wood_sprite	offensive_spell	Lullabye (1005)						
wood_sprite	offensive_spell	Sounds (607)						
wood_sprite	offensive_spell	Tangleweed (610)						
wood_wight	physical	Claw	156					
wood_wight	physical	Closed fist	166					
wood_wight	physical	Pound	146					
wood_wight	warding_spell	Mind Jolt (706)			123			
wood_wight	offensive_spell	Earthen Fury (917)						
wood_wight	maneuver	Gas cloud						
wood_wight	maneuver	Gesture						
wooly_mammoth	physical	Foot	302					
wooly_mammoth	physical	Impale	266..336					
wraith	physical	Broadsword	147					
wraith	physical	Handaxe	147					
wraith	physical	Short sword	147					
writhing_frost_glazed_vine	physical	Vine fling						
writhing_frost_glazed_vine	physical	Stinger	217					
writhing_icy_bush	physical	small glistening thorn	260					
writhing_icy_bush	physical	Stinger (attack)	220					
writhing_icy_bush	physical	Thorn	230					
writhing_icy_bush	maneuver	thorn fling						
writhing_icy_bush	maneuver	Lash						
yeti	physical	Pound	347..359					
yeti	physical	Stomp	289..347					
yeti	physical	Monstrous hairy hand	312					
yeti	maneuver	Ground Slap						
yeti	maneuver	Hurl Boulder (510)						
yeti	maneuver	Stomp						
yeti	maneuver	Ground Slam						
young_grass_snake	physical	Bite	23					
young_grass_snake	physical	Unknown	23					
zombie	physical	Bite	202..206					
zombie	physical	Claw	202					
zombie_rolton	physical	Bite	32					
zombie_rolton	physical	Claw	32					
zombie_rolton	physical	Unknown	32					
