type	location	rank	damage	position	fatal	stunned	amputated	crippled	sleeping	dazed	limb_favored	roundtime	silenced	slowed	wound_rank	secondary_location	secondary_wound_rank	pattern
acid	head	0	0		0	0	0	0	0	0	0	0	0	0	0			^Too bad .*? ducked.
acid	head	1	5		0	0	0	0	0	0	0	0	0	0	1			^Acid splatters on .*? cheek leaving a bright red burn.
acid	head	2	10		0	1	0	0	0	0	0	0	0	0	1			^Acid burn on the right ear.
acid	head	3	15		0	3	0	0	0	0	0	0	0	0	2			^Burn to cheek.
acid	head	4	20		0	5	0	0	0	0	0	0	0	0	2			^Acid wash cleans the skin off part of the nose and cheek.
acid	head	5	25		0	8	0	0	0	0	0	0	0	0	3			^Right in the face.
acid	head	6	30		1	0	0	0	0	0	0	0	0	0	3			^Large swig of acid enters mouth.
acid	head	7	35		1	0	0	0	0	0	0	0	0	0	3			^Acid splash isn't stopped by skull, fries brain.
acid	head	8	40		1	0	0	0	0	0	0	0	0	0	3			^Acid dissolves the head into a barely recognizable lump.
acid	head	9	50		1	0	0	0	0	0	0	0	0	0	3			^Blast of acid washes .*? head off clean.
acid	neck	0	0		0	0	0	0	0	0	0	0	0	0	0			^Too bad .*? ducked.
acid	neck	1	2		0	0	0	0	0	0	0	0	0	0	1			^Acid catches the side of .*? neck and drips down in a steaming trail.
acid	neck	2	5		0	1	0	0	0	0	0	0	0	0	1			^Acid causes a painful burn on the neck, inflaming the skin.
acid	neck	3	10		0	2	0	0	0	0	0	0	0	0	2			^Nasty burn eats the skin away from the spine.
acid	neck	4	12		0	4	0	0	0	0	0	0	0	0	2			^Bad burn eats at skin under the chin.
acid	neck	5	15		0	6	0	0	0	0	0	0	0	0	3			^Acid dissolves the skin on the neck exposing the windpipe.
acid	neck	6	20		1	0	0	0	0	0	0	0	0	0	3			^Dissolved larynx opens windpipe.  Unfortunately it quickly fills with blood.
acid	neck	7	30		1	0	0	0	0	0	0	0	0	0	3			^Burn exposes the spine \(from the front\).
acid	neck	8	35		1	0	0	0	0	0	0	0	0	0	3			^Acid burns a hole in the neck causing a fatal fluid leak.
acid	neck	9	40		1	0	0	0	0	0	0	0	0	0	3			^Acid bolt removes the neck giving the head no place to go but down.
acid	left_eye	0	0		0	0	0	0	0	0	0	0	0	0	0			^Soap in the eye would hurt .*? worse.
acid	left_eye	1	1		0	0	0	0	0	0	0	0	0	0	1			^Drop of acid gets in .*? eye.  Better flush it out.
acid	left_eye	2	5		0	1	0	0	0	0	0	0	0	0	1			^Acid splash near the eye causes blisters that almost swell it shut.
acid	left_eye	3	10		0	3	0	0	0	0	0	0	0	0	2			^Acid gets in eye.  An unscheduled flush.
acid	left_eye	4	15		0	5	0	0	0	0	0	0	0	0	2			^A gob of acid blinds .*? in the left eye.
acid	left_eye	5	20		0	7	0	0	0	0	0	0	0	0	3			^Hit to eye empties the socket.  How can something missing be so painful.
acid	left_eye	6	30		1	0	0	0	0	0	0	0	0	0	3	head	3	^Acid hits the triton assassin full in the eye.  Nothing left but a smoking socket.
acid	left_eye	7	40		1	0	0	0	0	0	0	0	0	0	3	head	3	^Acid turns .*? left eye to mush, and then erodes the brain.
acid	left_eye	8	45		1	0	0	0	0	0	0	0	0	0	3	head	3	^A blast of acid bores right through eyesocket and into the brain.
acid	left_eye	9	50		1	0	0	0	0	0	0	0	0	0	3	head	3	^Acid Flush!  The .*? brains get washed right out the mouth.
acid	right_eye	4	15		0	5	0	0	0	0	0	0	0	0	2			^A gob of acid blinds .*? in the right eye.
acid	right_eye	7	40		1	0	0	0	0	0	0	0	0	0	3	head	3	^Acid burns right through .*? right eye and into the brain.
acid	right_eye	8	45		1	0	0	0	0	0	0	0	0	0	3	head	3	^A blast of acid leaves a gaping hole where .*? eye used to be.
acid	chest	0	0		0	0	0	0	0	0	0	0	0	0	0			^Acid splattered on .*? chest.
acid	chest	1	5		0	0	0	0	0	0	0	0	0	0	1			^Splash to chest runs off before it does worse than blister the skin.
acid	chest	2	10		0	0	0	0	0	0	0	0	0	0	1			^Acid reaches the chest causing a nasty rash.
acid	chest	3	15		0	1	0	0	0	0	0	0	0	0	1			^Spray of acid bites deep into the skin over the sternum.
acid	chest	4	20		0	3	0	0	0	0	0	0	0	0	2			^Acid spray dissolves flesh exposing the muscles over the ribs.
acid	chest	5	25		0	5	0	0	0	0	0	0	0	0	2			^Severe burn to the side of .*? chest exposes ribs.
acid	chest	6	30		0	6	0	0	0	0	0	0	0	0	3			^Acid dissolves connecting cartilage, freeing .*? ribs to move independently.
acid	chest	7	50		0	8	0	0	0	0	0	0	0	0	3			^Acid hole in the ribs makes it hard to breathe.  Better get that checked.
acid	chest	8	60		1	0	0	0	0	0	0	0	0	0	3			^Acid eats into lungs.
acid	chest	9	70		1	0	0	0	0	0	0	0	0	0	3			^Acid bath empties chest.
acid	abdomen	0	0		0	0	0	0	0	0	0	0	0	0	0			^Stung just enough to annoy.
acid	abdomen	1	5		0	0	0	0	0	0	0	0	0	0	1			^Splash of acid catches hip, leaving a painful trail of smoke.
acid	abdomen	2	10		0	0	0	0	0	0	0	0	0	0	1			^Acid burns to the midsection leave a lasting impression.
acid	abdomen	3	15		0	1	0	0	0	0	0	0	0	0	2			^Spray of acid eats into the right hip.
acid	abdomen	4	20		0	3	0	0	0	0	0	0	0	0	2			^Weakened abdomen bulges ominously.
acid	abdomen	5	25		0	5	0	0	0	0	0	0	0	0	2			^Acid dissolves abdominal muscles.
acid	abdomen	6	30		0	6	0	0	0	0	0	0	0	0	3			^Acid opens midsection.
acid	abdomen	7	50		0	8	0	0	0	0	0	0	0	0	3			^Acid burns a hole through the left hip causing severe bleeding.
acid	abdomen	8	60		1	0	0	0	0	0	0	0	0	0	3			^Acid dissolves the outside of the stomach.  Now that's fire in the belly.
acid	abdomen	9	70		1	0	0	0	0	0	0	0	0	0	3			^Acid eats away .*? midsection.
acid	back	0	0		0	0	0	0	0	0	0	0	0	0	0			^.*? gets splattered with a little acid.
acid	back	1	5		0	0	0	0	0	0	0	0	0	0	1			^Splash of acid hits shoulder and runs down the back in a painful trail.
acid	back	2	10		0	0	0	0	0	0	0	0	0	0	1			^Acid works its way into the skin.
acid	back	3	15		0	1	0	0	0	0	0	0	0	0	1			^Spray of caustic liquid burns the skin along the back.
acid	back	4	20		0	3	0	0	0	0	0	0	0	0	2			^Hit eats into the back dissolving part of a shoulder blade.
acid	back	5	25		0	5	0	0	0	0	0	0	0	0	2			^Spray of acid exposes the spine.
acid	back	6	30		0	6	0	0	0	0	0	0	0	0	3			^Acid causes some lower back troubles.
acid	back	7	50		0	8	0	0	0	0	0	0	0	0	3			^Acid causing a gaping hole in the back can't be healthy.
acid	back	8	60		1	0	0	0	0	0	0	0	0	0	3	nerves	3	^Large spot of acid dissolves .*? kidneys.
acid	back	9	70		1	0	0	0	0	0	0	0	0	0	3	nerves	3	^Acid eats away .*? spine and most of what's under it.
acid	left_arm	0	0		0	0	0	0	0	0	0	0	0	0	0			^Splash to the arm hardly touches .*?.
acid	left_arm	1	3		0	0	0	0	0	0	0	0	0	0	1			^.*? avoids the worst of the attack but still gets a singed forearm.
acid	left_arm	2	7		0	0	0	0	0	0	0	0	0	0	1			^Acid gets on the left arm raising some large blisters.
acid	left_arm	3	8		0	1	0	0	0	0	0	0	0	0	1			^Acid raises angry red welts on the arm.
acid	left_arm	4	10		0	2	0	0	0	0	0	0	0	0	2			^Hit on the arm chars the skin and eats into the underlying muscles.
acid	left_arm	5	15		0	3	0	0	0	0	0	0	0	0	2			^Burn to the elbow eats through tendons.  Muscles snap free.
acid	left_arm	6	20		0	5	0	0	0	0	0	0	0	0	2			^Acid dissolves the elbow ligaments.  Arm swings in a very odd manner.
acid	left_arm	7	25		0	6	1	0	0	0	0	0	0	0	3			^The .*? arm is drenched in acid.  Flesh and bones are reduced to a smoking slime.
acid	left_arm	8	35		0	8	1	0	0	0	0	0	0	0	3			^Spray of acid reduces the forearm to gelatin.
acid	left_arm	9	40		0	10	1	0	0	0	0	0	0	0	3			^Acid strikes the arm leaving nothing but a puddle of melted flesh.
acid	right_arm	2	7		0	0	0	0	0	0	0	0	0	0	1			^Acid gets on the right arm raising some large blisters.
acid	left_hand	0	0		0	0	0	0	0	0	0	0	0	0	0			^Splash to the hand hardly touches .*?.
acid	left_hand	1	1		0	0	0	0	0	0	0	0	0	0	1			^Spray just catches the hand as the little finger is badly blistered.
acid	left_hand	2	3		0	0	0	0	0	0	0	0	0	0	1			^Acid gets on the left hand raising some large blisters.
acid	left_hand	3	5		0	0	0	0	0	0	0	0	0	0	1			^Splash to the back of the hand causes the skin to smoke.
acid	left_hand	4	7		0	1	0	0	0	0	0	0	0	0	2			^Spray eats through the skin on the hand and dissolves some ligaments.
acid	left_hand	5	8		0	2	0	0	0	0	0	0	0	0	2			^Excruciating pain as back of hand is dissolved.
acid	left_hand	6	10		0	3	0	0	0	0	0	0	0	0	2			^Severe burn removes several fingers and formerly good parts of the hand.
acid	left_hand	7	15		0	4	1	0	0	0	0	0	0	0	3			^Acid dissolves .*? left hand leaving only smoldering ruin.
acid	left_hand	8	25		0	5	1	0	0	0	0	0	0	0	3			^Acid eats the hand off cleanly leaving only the stump.
acid	left_hand	9	30		0	7	1	0	0	0	0	0	0	0	3			^Acid very slowly eats off .*?hand.
acid	right_hand	2	3		0	0	0	0	0	0	0	0	0	0	1			^Acid gets on the right hand raising some large blisters.
acid	right_hand	7	15		0	4	1	0	0	0	0	0	0	0	3			^Acid dissolves .*? right hand leaving only smoldering ruin.
acid	left_leg	0	0		0	0	0	0	0	0	0	0	0	0	0			^Splash to the leg hardly touches .*?.
acid	left_leg	1	5		0	0	0	0	0	0	0	0	0	0	1			^Bit of acid strikes .*? calf leaving bright red spots.
acid	left_leg	2	10		0	0	0	0	0	0	0	0	0	0	1			^Acid gets on the left leg raising some large blisters.
acid	left_leg	3	15		0	1	0	0	0	0	0	0	0	0	1			^Acid raises angry red welts on the leg.
acid	left_leg	4	17	prone	0	3	0	0	0	0	0	0	0	0	2			^Hit on the leg chars the skin and eats into the underlying muscles.
acid	left_leg	5	20	prone	0	5	0	0	0	0	0	0	0	0	2			^Strike dissolves the tendons in the ankle, effectively severing foot.
acid	left_leg	6	25	prone	0	6	0	0	0	0	0	0	0	0	2			^Acid dissolves the knee ligaments.  The .*? tibia passes .*? femur in a very unpleasant manner.
acid	left_leg	7	30	prone	0	8	1	0	0	0	0	0	0	0	3			^.*? left leg is reduced to a puddle of bubbling slime.
acid	left_leg	8	40	prone	0	10	1	0	0	0	0	0	0	0	3			^Acid hits leg squarely leaving nothing useful behind.
acid	left_leg	9	45	prone	0	12	1	0	0	0	0	0	0	0	3			^Acid to the foot forms a pool into which .*? quickly melts to the hip.
acid	right_leg	2	10		0	0	0	0	0	0	0	0	0	0	1			^Acid gets on the right leg raising some large blisters.
acid	right_leg	7	30	prone	0	8	1	0	0	0	0	0	0	0	3			^.*? right leg is reduced to a puddle of bubbling slime.
cold	head	0	0		0	0	0	0	0	0	0	0	0	0	0			^Hear it whistling through .*? ears.
cold	head	1	5		0	0	0	0	0	0	0	0	0	0	1			^Chilly blast to the head.
cold	head	2	10		0	1	0	0	0	0	0	0	0	0	1			^Cold blast to the ears.
cold	head	3	15		0	3	0	0	0	0	0	0	0	0	2			^Icy blast to the head and .*? is reeling.
cold	head	4	20		0	6	0	0	0	0	0	0	0	0	2			^Solid blow to the head exposes grey matter on ice.
cold	head	5	25		0	10	0	0	0	0	0	0	0	0	3			^Massive strike of icy shards shatters .*? skull.
cold	head	6	30		1	0	0	0	0	0	0	0	0	0	3			^.*? gets a glassy look in .*? eyes as blast connects solidly.
cold	head	7	35		1	0	0	0	0	0	0	0	0	0	3			^Head freezes solid and .*? topples over, shattering skull on impact.
cold	head	8	40		1	0	0	0	0	0	0	0	0	0	3			^Icy shards bombard .*? head and exit .*?, leaving little behind.
cold	head	9	50		1	0	0	0	0	0	0	0	0	0	3			^Freezing blast turns facial features a stunning, but very unhealthy shade of blue.
cold	neck	0	0		0	0	0	0	0	0	0	0	0	0	0			^A cool breeze brushes the nape of .*? neck.
cold	neck	1	2		0	0	0	0	0	0	0	0	0	0	1			^A frosty blow to the neck.
cold	neck	2	5		0	1	0	0	0	0	0	0	0	0	1			^What a stiff neck.
cold	neck	3	10		0	2	0	0	0	0	0	0	0	0	2			^Stiff blast of icy air to neck.
cold	neck	4	12		0	4	0	0	0	0	0	0	0	0	2			^Frigid blast rearranges .*? neck.
cold	neck	5	15		0	8	0	0	0	0	0	0	0	0	3			^Slivers of ice slice .*? throat into ribbons of flesh and blood.
cold	neck	6	20		1	0	0	0	0	0	0	0	0	0	3			^Icy blast to neck freezes .*? words in mid\-speech and leaves .*? speechless\.\.\.permanently.
cold	neck	7	25		1	0	0	0	0	0	0	0	0	0	3			^Base of skull frozen, removing any feeling from the neck down.
cold	neck	8	30		1	0	0	0	0	0	0	0	0	0	3			^Icy shards slice through .*? neck.
cold	neck	9	40		1	0	0	0	0	0	0	0	0	0	3			^Unfortunately that snaps the now frozen neck like an icicle.
cold	left_eye	0	0		0	0	0	0	0	0	0	0	0	0	0			^Frost forms on .*? left eyebrow, aging it a bit.
cold	left_eye	1	1		0	0	0	0	0	0	0	0	0	0	1			^Ice particles sting .*? eye and it blinks rapidly.
cold	left_eye	2	3		0	1	0	0	0	0	0	0	0	0	1			^Chilly blast to the left eye leaves .*? in tears.
cold	left_eye	3	5		0	3	0	0	0	0	0	0	0	0	2			^Cold compresses will help the swelling of .*? left eye.
cold	left_eye	4	10		0	5	0	0	0	0	0	0	0	0	2			^Icy bolt to the left eye.
cold	left_eye	5	20		0	10	0	0	0	0	0	0	0	0	3			^A frigid attack leaves .*? blinded in .*? left eye.
cold	left_eye	6	30		1	0	0	0	0	0	0	0	0	0	3	head	3	^Icy blast blinds .*? eye.
cold	left_eye	7	30		1	0	0	0	0	0	0	0	0	0	3	head	3	^Wicked slash of frigid energy shatters left eye into a thousand tiny particles.
cold	left_eye	8	45		1	0	0	0	0	0	0	0	0	0	3	head	3	^Eye and brain splintered beyond recognition.
cold	left_eye	9	50		1	0	0	0	0	0	0	0	0	0	3	head	3	^Fatal strike to the left eye.
cold	right_eye	0	0		0	0	0	0	0	0	0	0	0	0	0			^Frost forms on .*? right eyebrow, aging it a bit.
cold	right_eye	2	3		0	1	0	0	0	0	0	0	0	0	1			^Chilly blast to the right eye leaves .*? in tears.
cold	right_eye	3	5		0	3	0	0	0	0	0	0	0	0	2			^Cold compresses will help the swelling of .*? right eye.
cold	right_eye	4	10		0	5	0	0	0	0	0	0	0	0	2			^Icy bolt to the right eye.
cold	right_eye	5	20		0	10	0	0	0	0	0	0	0	0	3			^A frigid attack leaves .*? blinded in .*? right eye.
cold	right_eye	7	30		1	0	0	0	0	0	0	0	0	0	3	head	3	^Wicked slash of frigid energy shatters right eye into a thousand tiny particles.
cold	right_eye	9	50		1	0	0	0	0	0	0	0	0	0	3	head	3	^Fatal strike to the right eye.
cold	chest	0	0		0	0	0	0	0	0	0	0	0	0	0			^.*? looks slightly uncomfortable.
cold	chest	1	5		0	0	0	0	0	0	0	0	0	0	1			^Chilly blast to the chest causes heart to skip a beat.
cold	chest	2	10		0	0	0	0	0	0	0	0	0	0	1			^A chilly blast strikes .*? in the chest, knocking .*? back a step.
cold	chest	3	15		0	1	0	0	0	0	0	0	0	0	1			^.*? failed to sidestep the chilly blast.
cold	chest	4	20		0	3	0	0	0	0	0	0	0	0	2			^Frozen ribs take longer to cook, and broken ones to boot.
cold	chest	5	25		0	5	0	0	0	0	0	0	0	0	2			^Solid blast of ice square to the chest rocks .*? back on .*? heels.
cold	chest	6	30		0	6	0	0	0	0	0	0	0	0	3			^Freezing blast opens a gaping hole in .*? chest.
cold	chest	7	30		0	8	0	0	0	0	0	0	0	0	3			^That was a cold blow to the chest.
cold	chest	8	60		1	0	0	0	0	0	0	0	0	0	3			^.*? drops in .*? tracks as the bitter cold freezes .*? lungs solid.
cold	chest	9	70		1	0	0	0	0	0	0	0	0	0	3			^Icy blast deep freezes one perfectly good heart.
cold	abdomen	0	0		0	0	0	0	0	0	0	0	0	0	0			^.*? barely notices the cool burst of energy.
cold	abdomen	1	5		0	0	0	0	0	0	0	0	0	0	1			^Icy chill to .*? midriff.
cold	abdomen	2	10		0	0	0	0	0	0	0	0	0	0	1			^A chilly blow to the stomach winds .*?.
cold	abdomen	3	15		0	1	0	0	0	0	0	0	0	0	1			^The icy blast tears into .*? stomach.
cold	abdomen	4	20		0	3	0	0	0	0	0	0	0	0	2			^A gallant effort to elude the blast, but you got .*? in the hip.
cold	abdomen	5	25		0	5	0	0	0	0	0	0	0	0	2			^Pieces of an icy substance slice .*? abdomen to shreds.
cold	abdomen	6	30		0	6	0	0	0	0	0	0	0	0	2			^A frigid burst of energy to the stomach leaves .*? reeling.
cold	abdomen	7	30		0	8	0	0	0	0	0	0	0	0	3			^.*? reels from a direct hit to the stomach.
cold	abdomen	8	60		1	0	0	0	0	0	0	0	0	0	3			^.*? fails to avoid the icy blast and that, as the story goes, is it.
cold	abdomen	9	70		1	0	0	0	0	0	0	0	0	0	3			^Belly is now a block of ice.
cold	back	0	0		0	0	0	0	0	0	0	0	0	0	0			^A slight shiver runs down .*? back.
cold	back	1	5		0	0	0	0	0	0	0	0	0	0	1			^It looks like .*? will be stiff in the morning.
cold	back	2	10		0	1	0	0	0	0	0	0	0	0	1			^An icy blast to the back.
cold	back	3	15		0	1	0	0	0	0	0	0	0	0	1			^Cool blast to the lower back and .*? staggers.
cold	back	4	20		0	3	0	0	0	0	0	0	0	0	2			^Icy strike to the back scores a direct hit.
cold	back	5	25		0	5	0	0	0	0	0	0	0	0	2			^Strange how the cold can burn.
cold	back	6	30		0	6	0	0	0	0	0	0	0	0	2			^Slivers of ice in the strike easily penetrate to .*? spine.
cold	back	7	30		0	8	0	0	0	0	0	0	0	0	3			^An icy slash across the lower back slices deep into .*? muscle.
cold	back	8	60		1	0	0	0	0	0	0	0	0	0	3	nerves	3	^.*? back is shattered into icy oblivion.
cold	back	9	70		1	0	0	0	0	0	0	0	0	0	3	nerves	3	^Deadly accuracy shatters .*? spine into a thousand tiny icy shards.
cold	left_arm	0	0		0	0	0	0	0	0	0	0	0	0	0			^Look at the goosebumps.
cold	left_arm	1	3		0	0	0	0	0	0	0	0	0	0	1			^.*? winces at the cold blast to the left arm.
cold	left_arm	2	7		0	1	0	0	0	0	0	0	0	0	1			^.*? just got the cold shoulder.
cold	left_arm	3	8		0	1	0	0	0	0	0	0	0	0	1			^.*? left arm trembles with the cold.
cold	left_arm	4	10		0	2	0	0	0	0	0	0	0	0	2			^Left arm is shattered by cold blast.
cold	left_arm	5	15		0	3	0	0	0	0	0	0	0	0	2			^Left arm fractured by an icy blast.
cold	left_arm	6	20		0	5	0	0	0	0	0	0	0	0	2			^Boiling water would feel better than that.
cold	left_arm	7	25		0	6	1	0	0	0	0	0	0	0	3			^.*? left arm is shattered beyond recognition by frigid blow.
cold	left_arm	8	35		0	8	1	0	0	0	0	0	0	0	3			^Shield arm freeze\-dried.
cold	left_arm	9	40		0	10	1	0	0	0	0	0	0	0	3			^Advanced case of frostbite and shield arm is history.
cold	right_arm	1	3		0	0	0	0	0	0	0	0	0	0	1			^.*? winces at the cold blast to the right arm.
cold	right_arm	3	8		0	1	0	0	0	0	0	0	0	0	1			^.*? right arm trembles with the cold.
cold	right_arm	4	10		0	2	0	0	0	0	0	0	0	0	2			^Cold blast rends muscles from bone.
cold	right_arm	5	15		0	3	0	0	0	0	0	0	0	0	2			^Right arm shattered by an extremely well placed hit.
cold	right_arm	6	20		0	5	0	0	0	0	0	0	0	0	2			^.*? pales as your chillingly accurate shot penetrates to the bone.
cold	right_arm	7	25		0	6	1	0	0	0	0	0	0	0	3			^Icy blast takes right arm off at the shoulder.
cold	right_arm	8	35		0	8	1	0	0	0	0	0	0	0	3			^Weapon arm freeze\-dried.
cold	right_arm	9	40		0	10	1	0	0	0	0	0	0	0	3			^Advanced case of frostbite removes right arm at the shoulder.
cold	left_hand	0	0		0	0	0	0	0	0	0	0	0	0	0			^Cold hands, warm heart.
cold	left_hand	1	1		0	0	0	0	0	0	0	0	0	0	1			^.*? left hand turns an interesting shade of light blue.
cold	left_hand	2	3		0	0	0	0	0	0	0	0	0	0	1			^Bet .*? wants warm pockets now.
cold	left_hand	3	5		0	0	0	0	0	0	0	0	0	0	1			^.*? jumps back as your chilly attack bruises .*? left hand.
cold	left_hand	4	8		0	1	0	0	0	0	0	0	0	0	2			^Icy blast freezes .*? left hand.
cold	left_hand	5	10		0	3	0	0	0	0	0	0	0	0	2			^.*? fingers snap as .*? left hand freezes solid.
cold	left_hand	6	10		0	3	0	0	0	0	0	0	0	0	2			^.*? grimaces as your attack fractures .*? left wrist.
cold	left_hand	7	10		0	4	1	0	0	0	0	0	0	0	3			^Polar blast decimates .*? left hand.
cold	left_hand	8	25		0	5	1	0	0	0	0	0	0	0	3			^Who needs a left hand anyway.
cold	left_hand	9	30		0	7	1	0	0	0	0	0	0	0	3			^Frigid blast renders .*? left hand useless.
cold	right_hand	1	1		0	0	0	0	0	0	0	0	0	0	1			^.*? right hand turns an interesting shade of light blue.
cold	right_hand	2	3		0	0	0	0	0	0	0	0	0	0	1			^A pair of gloves would have helped.
cold	right_hand	3	5		0	0	0	0	0	0	0	0	0	0	1			^.*? jumps back as your chilly attack bruises .*? weapon hand.
cold	right_hand	4	8		0	1	0	0	0	0	0	0	0	0	2			^Icy blast freezes .*? right hand.
cold	right_hand	5	10		0	3	0	0	0	0	0	0	0	0	2			^.*? fingers snap as .*? right hand freezes solid.
cold	right_hand	6	10		0	3	0	0	0	0	0	0	0	0	2			^.*? grimaces as your attack fractures .*? right wrist.
cold	right_hand	7	10		0	4	1	0	0	0	0	0	0	0	3			^Polar blast decimates .*? right hand.
cold	right_hand	8	25		0	5	1	0	0	0	0	0	0	0	3			^Right hand freezes solid before falling off.
cold	right_hand	9	30		0	7	1	0	0	0	0	0	0	0	3			^Frigid blast renders .*? right hand useless.
cold	left_leg	0	0		0	0	0	0	0	0	0	0	0	0	0			^A cool breeze brushes .*? left leg, barely raising a hair.
cold	left_leg	1	5		0	0	0	0	0	0	0	0	0	0	1			^That was a good hit to the left leg.
cold	left_leg	2	10		0	0	0	0	0	0	0	0	0	0	1			^.*? looks as if a hot foot would feel good about now.
cold	left_leg	3	10		0	1	0	0	0	0	0	0	0	0	1			^.*? falters as a chill blast of air strikes .*? left leg.
cold	left_leg	4	17		0	3	0	0	0	0	0	0	0	0	2			^Blast of cold air to left knee causes a polar knee cap.
cold	left_leg	5	20	prone	0	5	0	0	0	0	0	0	0	0	2			^.*? staggers as your icy attack shatters .*? left leg.
cold	left_leg	6	25	prone	0	6	0	0	0	0	0	0	0	0	2			^Pain fills .*? face as .*? left ankle shatters from the icy blast.
cold	left_leg	7	30	prone	0	8	1	0	0	0	0	0	0	0	3			^What was once .*? left leg shatters with your well placed strike.
cold	left_leg	8	40	prone	0	10	1	0	0	0	0	0	0	0	3			^A freezing and accurate strike renders .*? left leg a fond memory.
cold	left_leg	9	45	prone	0	12	1	0	0	0	0	0	0	0	3			^Frigid blast shatters .*? left leg beyond all recognition.
cold	right_leg	0	0		0	0	0	0	0	0	0	0	0	0	0			^A cool breeze brushes .*? right leg, barely raising a hair.
cold	right_leg	1	5		0	0	0	0	0	0	0	0	0	0	1			^That was a good hit to the right leg.
cold	right_leg	2	10		0	0	0	0	0	0	0	0	0	0	1			^.*? appears to be getting cold feet.
cold	right_leg	3	15		0	1	0	0	0	0	0	0	0	0	1			^.*? dances as the blast of cold air contacts heretofore warm toes.
cold	right_leg	4	17		0	3	0	0	0	0	0	0	0	0	2			^Blast of cold air to right knee causes a polar knee cap.
cold	right_leg	5	20	prone	0	5	0	0	0	0	0	0	0	0	2			^.*? staggers as your icy attack shatters .*? right leg.
cold	right_leg	6	25	prone	0	6	0	0	0	0	0	0	0	0	2			^Pain fills .*? face as .*? right ankle shatters from the icy blast.
cold	right_leg	7	30	prone	0	8	1	0	0	0	0	0	0	0	3			^What was once .*? right leg shatters with your well placed strike.
cold	right_leg	8	40	prone	0	10	1	0	0	0	0	0	0	0	3			^A freezing and accurate strike renders .*? right leg a (?:fond )?memory.
cold	right_leg	9	45	prone	0	12	1	0	0	0	0	0	0	0	3			^Frigid blast shatters .*? right leg beyond all recognition.
crush	head	0	0		0	0	0	0	0	0	0	0	0	0	0			^Love tap upside .*? head.
crush	head	1	5		0	0	0	0	0	0	0	0	0	0	1			^Blow to the head causes .*? ears to ring.
crush	head	2	10		0	1	0	0	0	0	0	0	0	0	1			^Hearty smack to the head.
crush	head	3	15		0	4	0	0	0	0	0	0	0	0	2			^You broke .*? nose.
crush	head	4	20		0	8	0	0	0	0	0	0	0	0	3			^Skull cracks in several places.
crush	head	5	25		1	0	0	0	0	0	0	0	0	0	3			^Solid strike caves .*? skull in, resulting in instant death.
crush	head	6	30		1	0	0	0	0	0	0	0	0	0	3			^Mighty swing separates head from shoulders.
crush	head	7	35		1	0	0	0	0	0	0	0	0	0	3			^Tremendous blow crushes skull like a ripe melon.
crush	head	8	40		1	0	0	0	0	0	0	0	0	0	3			^Brain driven into neck by mammoth downswing.
crush	head	9	50		1	0	0	0	0	0	0	0	0	0	3			^Incredible blast shatters head into a red spray.
crush	neck	0	0		0	0	0	0	0	0	0	0	0	0	0			^You leave a nice bruise on .*? neck.
crush	neck	2	5		0	1	0	0	0	0	0	0	0	0	1			^Neck vertebrae snap.
crush	neck	3	10		0	3	0	0	0	0	0	0	0	0	2			^Shot to the neck scrapes away skin.
crush	neck	4	12		0	6	0	0	0	0	0	0	0	0	3			^.*? makes gurgling noises.
crush	neck	5	15		1	0	0	0	0	0	0	0	0	0	3			^.*? twitches several times before dying.
crush	neck	6	20		1	0	0	0	0	0	0	0	0	0	3			^You hear several snaps as .*? neck is broken in several places.
crush	neck	7	25		1	0	0	0	0	0	0	0	0	0	3			^Vertebrae in .*? neck disintegrate from impact.
crush	neck	8	30		1	0	0	0	0	0	0	0	0	0	3			^Shot to neck sends .*? into shock which leads very quickly to death.
crush	neck	9	40		1	0	0	0	0	0	0	0	0	0	3			^Neck removed, head falls to the ground.
crush	left_eye	0	0		0	0	0	0	0	0	0	0	0	0	0			^Swing at .*? eye catches an eyebrow instead.
crush	left_eye	1	1		0	0	0	0	0	0	0	0	0	0	1			^Cut over .*? left eye.
crush	left_eye	2	3		0	1	0	0	0	0	0	0	0	0	2			^Strike to the eye clips the eyebrow.
crush	left_eye	3	5		0	3	0	0	0	0	0	0	0	0	2			^Smack to the eye bursts blood vessels.
crush	left_eye	4	10		0	5	0	0	0	0	0	0	0	0	2			^Crack to the head swells eye shut.
crush	left_eye	5	15		0	10	0	0	0	0	0	0	0	0	3			^Eye crushed by a hard blow to the face.
crush	left_eye	6	20		0	12	0	0	0	0	0	0	0	0	3			^Crushing blow to head closes that eye for good.
crush	left_eye	7	40		1	0	0	0	0	0	0	0	0	0	3	head	3	^Blow to eye impacts the brain.
crush	left_eye	8	45		1	0	0	0	0	0	0	0	0	0	3	head	3	^Left eye ripped from head, along with most of brain.
crush	left_eye	9	50		1	0	0	0	0	0	0	0	0	0	3	head	3	^Smash to cheek driving bone through the eye and into the brain.
crush	right_eye	1	1		0	0	0	0	0	0	0	0	0	0	1			^Cut over .*? right eye.
crush	right_eye	8	45		1	0	0	0	0	0	0	0	0	0	3	head	3	^Right eye ripped from head, along with most of brain.
crush	chest	0	0		0	0	0	0	0	0	0	0	0	0	0			^Thumped .*? chest.
crush	chest	1	5		0	0	0	0	0	0	0	0	0	0	1			^Blow leaves an imprint on .*? chest.
crush	chest	2	10		0	0	0	0	0	0	0	0	0	0	1			^Mighty blow cracks several ribs.
crush	chest	3	15		0	1	0	0	0	0	0	0	0	0	1			^Blow to chest causes .*? heart to skip a beat.
crush	chest	5	25		0	5	0	0	0	0	0	0	0	0	2			^Whoosh.  Several ribs driven into lungs.
crush	chest	6	45		0	6	0	0	0	0	0	0	0	0	3			^Awesome shot collapses a lung.
crush	chest	7	60		0	8	0	0	0	0	0	0	0	0	3			^Blow cracks a rib and punctures a lung.
crush	chest	8	65		0	10	0	0	0	0	0	0	0	0	3			^Massive blow punches a hole through .*? chest.
crush	chest	9	70		1	0	0	0	0	0	0	0	0	0	3			^Massive blow smashes through ribs and drives .*? heart out the back.
crush	abdomen	0	0		0	0	0	0	0	0	0	0	0	0	0			^Hit glances off .*? hip.
crush	abdomen	1	5		0	0	0	0	0	0	0	0	0	0	1			^Stomach shot lands with a hollow \*thump\*.
crush	abdomen	2	10		0	0	0	0	0	0	0	0	0	0	1			^Grazing blow to the stomach.
crush	abdomen	3	15		0	1	0	0	0	0	0	0	0	0	2			^Internal organs bruised.
crush	abdomen	4	20		0	3	0	0	0	0	0	0	0	0	2			^Stomach ripped open by mighty blow.
crush	abdomen	5	25		0	5	0	0	0	0	0	0	0	0	2			^Knocked back several feet by blow to abdomen.
crush	abdomen	6	30		0	6	0	0	0	0	0	0	0	0	3			^Blow ruptures the stomach.
crush	abdomen	7	50		0	8	0	0	0	0	0	0	0	0	3			^Blow to stomach rearranges some organs.
crush	abdomen	8	60		1	0	0	0	0	0	0	0	0	0	3			^Incredible smash to what used to be a stomach.
crush	abdomen	9	75		1	0	0	0	0	0	0	0	0	0	3			^A mighty hit turns .*? insides to outsides.
crush	back	0	0		0	0	0	0	0	0	0	0	0	0	0			^Blow glances off .*? shoulder.
crush	back	1	3		0	0	0	0	0	0	0	0	0	0	1			^Jarring blow to .*? back.
crush	back	2	10		0	0	0	0	0	0	0	0	0	0	1			^Blow to back cracks several vertebrae.
crush	back	3	15		0	1	0	0	0	0	0	0	0	0	1			^Respectable shot to the back.
crush	back	4	20		0	2	0	0	0	0	0	0	0	0	2			^Flesh ripped from back, muscles exposed.
crush	back	5	25		0	3	0	0	0	0	0	0	0	0	2			^Knocked sideways several feet by blow to back.
crush	back	6	30		0	5	0	0	0	0	0	0	0	0	3			^Spinal cord damaged by smash to the back.
crush	back	7	50	prone	0	6	0	0	0	0	0	0	0	0	3			^Crushing blow to the spine.
crush	back	8	60		1	0	0	0	0	0	0	0	0	0	3	nerves	3	^Body pulped to a gooey mass.
crush	back	9	75		1	0	0	0	0	0	0	0	0	0	3	nerves	3	^A mighty blow cleaves a swath through .*? back, taking the spine with it.
crush	left_arm	0	0		0	0	0	0	0	0	0	0	0	0	0			^A feeble blow to .*? left arm.
crush	left_arm	1	3		0	0	0	0	0	0	0	0	0	0	1			^Blow raises a welt on .*? left arm.
crush	left_arm	2	7		0	0	0	0	0	0	0	0	0	0	1			^Bones in left arm crack.
crush	left_arm	3	8		0	1	0	0	0	0	0	0	0	0	2			^Large gash to the left arm, several muscles torn.
crush	left_arm	4	10		0	2	0	0	0	0	0	0	0	0	2			^Left elbow smashed into a thousand pieces.
crush	left_arm	5	15		0	3	0	0	0	0	0	0	0	0	2			^Shield arm mangled horribly.
crush	left_arm	6	20		0	5	0	0	0	0	0	0	0	0	2			^Hard hit shatters shield arm.
crush	left_arm	7	25		0	6	1	0	0	0	0	0	0	0	3			^Left arm ripped from socket at the elbow.
crush	left_arm	8	35		0	8	1	0	0	0	0	0	0	0	3			^Lucky shot rips through bone and muscle sending shield arm flying.
crush	left_arm	9	40		0	10	1	0	0	0	0	0	0	0	3			^Shield arm removed at the shoulder.
crush	right_arm	0	0		0	0	0	0	0	0	0	0	0	0	0			^A feeble blow to .*? right arm.
crush	right_arm	1	3		0	0	0	0	0	0	0	0	0	0	1			^Blow raises a welt on .*? right arm.
crush	right_arm	2	7		0	0	0	0	0	0	0	0	0	0	1			^Bones in right arm crack.
crush	right_arm	3	8		0	1	0	0	0	0	0	0	0	0	2			^Large gash to the right arm, several muscles torn.
crush	right_arm	4	10		0	2	0	0	0	0	0	0	0	0	2			^Right elbow smashed into a thousand pieces.
crush	right_arm	5	15		0	3	0	0	0	0	0	0	0	0	2			^Weapon arm mangled horribly.
crush	right_arm	6	20		0	5	0	0	0	0	0	0	0	0	2			^Hard hit shatters weapon arm.
crush	right_arm	7	25	prone	0	6	1	0	0	0	0	0	0	0	3			^Right arm ripped from socket at the elbow.
crush	right_arm	8	35		0	8	1	0	0	0	0	0	0	0	3			^Lucky shot rips through bone and muscle sending weapon arm flying.
crush	right_arm	9	40		0	10	1	0	0	0	0	0	0	0	3			^Weapon arm removed at the shoulder.
crush	left_hand	0	0		0	0	0	0	0	0	0	0	0	0	0			^Blow nicks .*? left hand.
crush	left_hand	1	1		0	0	0	0	0	0	0	0	0	0	1			^Broken finger on .*? left hand.
crush	left_hand	2	3		0	0	0	0	0	0	0	0	0	0	1			^Flattened .*? left hand.
crush	left_hand	3	5		0	0	0	0	0	0	0	0	0	0	1			^Finger ripped away from left hand.
crush	left_hand	4	7		0	1	0	0	0	0	0	0	0	0	2			^Left hand smashed into a pulpy mass.
crush	left_hand	5	8		0	2	0	0	0	0	0	0	0	0	2			^Left hand mangled horribly.
crush	left_hand	6	10		0	3	0	0	0	0	0	0	0	0	2			^Blast to hand reduces it to pulp.
crush	left_hand	7	15		0	4	1	0	0	0	0	0	0	0	3			^Blast to hand sends fingers flying in several different directions.
crush	left_hand	8	25		0	5	1	0	0	0	0	0	0	0	3			^Lucky shot severs left hand and sends it flying.
crush	left_hand	9	30		0	7	1	0	0	0	0	0	0	0	3			^Left hand severed at the wrist.
crush	right_hand	0	0		0	0	0	0	0	0	0	0	0	0	0			^Blow nicks .*? right hand.
crush	right_hand	1	1		0	0	0	0	0	0	0	0	0	0	1			^Broken finger on .*? right hand.
crush	right_hand	2	3		0	0	0	0	0	0	0	0	0	0	1			^Flattened .*? right hand.
crush	right_hand	3	5		0	0	0	0	0	0	0	0	0	0	1			^Finger ripped away from right hand.
crush	right_hand	4	7		0	1	0	0	0	0	0	0	0	0	2			^Right hand smashed into a pulpy mass.
crush	right_hand	5	8		0	2	0	0	0	0	0	0	0	0	2			^Right hand mangled horribly.
crush	right_hand	8	25		0	5	1	0	0	0	0	0	0	0	3			^Lucky shot severs right hand and sends it flying.
crush	right_hand	9	30		0	7	1	0	0	0	0	0	0	0	3			^Right hand severed at the wrist.
crush	left_leg	0	0		0	0	0	0	0	0	0	0	0	0	0			^Glancing blow to .*? left leg.
crush	left_leg	1	7		0	0	0	0	0	0	0	0	0	0	1			^Torn muscle in .*? left leg.
crush	left_leg	2	10		0	0	0	0	0	0	0	0	0	0	1			^Smash to the kneecap.
crush	left_leg	3	15		0	1	0	0	0	0	0	0	0	0	2			^You ripped a chunk out of .*? left leg with that one.
crush	left_leg	4	17	prone	0	3	0	0	0	0	0	0	0	0	2			^Left kneecap smashed into pulp.
crush	left_leg	5	20	prone	0	5	0	0	0	0	0	0	0	0	2			^Left leg mangled horribly.
crush	left_leg	6	25	prone	0	6	0	0	0	0	0	0	0	0	2			^Hard blow breaks the femur.
crush	left_leg	7	30	prone	0	8	1	0	0	0	0	0	0	0	3			^Left leg ripped from socket at the knee.
crush	left_leg	8	40	prone	0	10	1	0	0	0	0	0	0	0	3			^Lucky shot rips through bone and muscle sending left leg flying.
crush	left_leg	9	45	prone	0	12	1	0	0	0	0	0	0	0	3			^Left hip pulped, severing the leg.
crush	right_leg	0	0		0	0	0	0	0	0	0	0	0	0	0			^Glancing blow to .*? right leg.
crush	right_leg	1	7		0	0	0	0	0	0	0	0	0	0	1			^Torn muscle in .*? right leg.
crush	right_leg	3	15		0	1	0	0	0	0	0	0	0	0	2			^You ripped a chunk out of .*? right leg with that one.
crush	right_leg	4	17	prone	0	3	0	0	0	0	0	0	0	0	2			^Right kneecap smashed into pulp.
crush	right_leg	5	20	prone	0	5	0	0	0	0	0	0	0	0	2			^Right leg mangled horribly.
crush	right_leg	7	30	prone	0	8	1	0	0	0	0	0	0	0	3			^Right leg ripped from socket at the knee.
crush	right_leg	8	40	prone	0	10	1	0	0	0	0	0	0	0	3			^Lucky shot rips through bone and muscle sending right leg flying.
crush	right_leg	9	45	prone	0	12	1	0	0	0	0	0	0	0	3			^Right hip pulped, severing the leg.
disintegrate	head	0	0		0	0	0	0	0	0	0	0	0	0	0			^Weak strike to head.
disintegrate	head	1	5		0	0	0	0	0	0	0	0	0	0	1			^Poor strike removes hair from head, but little else.
disintegrate	head	2	10		0	0	0	0	0	0	0	0	0	0	1			^Flesh stripped from both cheeks, leaving dimples.
disintegrate	head	3	15		0	4	0	0	0	0	0	0	0	0	2			^Hair and flesh stripped from side of head.
disintegrate	head	4	20		0	4	0	0	0	0	0	0	0	0	2			^Strike to head vaporizes ear.
disintegrate	head	5	25		0	8	0	0	0	0	0	0	0	0	3			^Strike to cheek manages to remove the majority of .*? jaw.
disintegrate	head	6	30		1	0	0	0	0	0	0	0	0	0	3			^Blast leaves bloody trench of bone and brains along side of skull.
disintegrate	head	7	35		1	0	0	0	0	0	0	0	0	0	3			^Front half of head devoured.
disintegrate	head	8	40		1	0	0	0	0	0	0	0	0	0	3			^Blast quickly engulfs entire head, leaving only a bleached skull behind.
disintegrate	head	9	45		1	0	0	0	0	0	0	0	0	0	3			^Entire head is vaporized in a flash.
disintegrate	neck	0	0		0	0	0	0	0	0	0	0	0	0	0			^Misaimed strike grazes neck.
disintegrate	neck	1	5		0	0	0	0	0	0	0	0	0	0	1			^A small, but painful slice of neck vanishes.
disintegrate	neck	2	10		0	1	0	0	0	0	0	0	0	0	1			^Chunks of muscle removed from neck.
disintegrate	neck	3	15		0	2	0	0	0	0	0	0	0	0	2			^Side of neck disintegrated, causing .*? head to tilt left.
disintegrate	neck	4	20		0	4	0	0	0	0	0	0	0	0	2	head	1	^Raking blast eliminates portions of neck and head.
disintegrate	neck	5	25		0	6	0	0	0	0	0	0	0	0	3			^Strike to neck strips away surface, exposing windpipe.
disintegrate	neck	6	30		1	0	0	0	0	0	0	0	0	0	3			^Throat disappears.
disintegrate	neck	7	35		1	0	0	0	0	0	0	0	0	0	3			^Neck melts away, leaving the head dangling from a bit of spinal column in a very undignified manner.
disintegrate	neck	8	40		1	0	0	0	0	0	0	0	0	0	3			^Neck cleanly eliminated, allowing head to drop until it rests on .*? shoulder blades.
disintegrate	neck	9	45		1	0	0	0	0	0	0	0	0	0	3	head	3	^Vicious attack begins at base of neck and moves upwards, leaving only a fine mist above .*? shoulders.
disintegrate	left_eye	0	0		0	0	0	0	0	0	0	0	0	0	0			^Small portions of left eyelid disappear.
disintegrate	left_eye	1	5		0	0	0	0	0	0	0	0	0	0	1			^Eyebrow and eyelashes of left eye melted off.
disintegrate	left_eye	2	10		0	0	0	0	0	0	0	0	0	0	1			^Left eyelid turns to dust, causing .*? to blink rapidly, or try to.
disintegrate	left_eye	3	15		0	2	0	0	0	0	0	0	0	0	2			^Portions of eye socket turned to fine powder.
disintegrate	left_eye	4	20		0	5	0	0	0	0	0	0	0	0	2			^Blast removes sections of eye socket.
disintegrate	left_eye	5	25		0	10	0	0	0	0	0	0	0	0	3			^Ocular fluid streaks .*? cheek as left eye is reduced to a red, hollow socket.
disintegrate	left_eye	6	30		1	0	0	0	0	0	0	0	0	0	3	head	3	^Frightful blast to the face strips flesh to the bone and removes left eye.
disintegrate	left_eye	7	35		1	0	0	0	0	0	0	0	0	0	3	head	3	^Blast disintegrates left eye and portions of the skull behind.
disintegrate	left_eye	8	40		1	0	0	0	0	0	0	0	0	0	3			^Precise shot vaporizes left eye and much of brain behind while leaving skull intact.
disintegrate	left_eye	9	50		1	0	0	0	0	0	0	0	0	0	3	head	3	^Left eye and most of skull removed.
disintegrate	right_eye	0	0		0	0	0	0	0	0	0	0	0	0	0			^Small portions of right eyelid disappear.
disintegrate	right_eye	1	5		0	0	0	0	0	0	0	0	0	0	1			^Eyebrow and eyelashes of right eye melted off.
disintegrate	right_eye	2	10		0	0	0	0	0	0	0	0	0	0	1			^Right eyelid turns to dust, causing .*? to blink rapidly, or try to.
disintegrate	right_eye	5	25		0	10	0	0	0	0	0	0	0	0	3			^Ocular fluid streaks .*? cheek as right eye is reduced to a red, hollow socket.
disintegrate	right_eye	6	30		1	0	0	0	0	0	0	0	0	0	3	head	3	^Frightful blast to the face strips flesh to the bone and removes right eye.
disintegrate	right_eye	7	35		1	0	0	0	0	0	0	0	0	0	3	head	3	^Blast disintegrates right eye and portions of the skull behind.
disintegrate	right_eye	8	40		1	0	0	0	0	0	0	0	0	0	3			^Precise shot vaporizes right eye and much of brain behind while leaving skull intact.
disintegrate	right_eye	9	50		1	0	0	0	0	0	0	0	0	0	3	head	3	^Right eye and most of skull removed.
disintegrate	chest	0	0		0	0	0	0	0	0	0	0	0	0	0			^Light chest strike.
disintegrate	chest	1	5		0	0	0	0	0	0	0	0	0	0	1			^Flesh painfully vaporized from side.
disintegrate	chest	2	10		0	0	0	0	0	0	0	0	0	0	1			^Wide segment of skin disappears from chest.
disintegrate	chest	3	15		0	1	0	0	0	0	0	0	0	0	1			^Groove etched into skin of chest and quickly fills with blood.
disintegrate	chest	4	30		0	3	0	0	0	0	0	0	0	0	2			^Long, wide strip eliminated from chest, giving blood a much\-needed vacation.
disintegrate	chest	5	35		0	5	0	0	0	0	0	0	0	0	2			^Deep, penetrating wound etched into chest, exposing ribs and lung tissue.
disintegrate	chest	6	40		0	8	0	0	0	0	0	0	0	0	3			^Deep hole created in chest, removing several useful arteries.
disintegrate	chest	7	50		0	10	0	0	0	0	0	0	0	0	3			^Shot blankets chest, leaving a brilliantly bleached but empty ribcage.
disintegrate	chest	8	60		1	0	0	0	0	0	0	0	0	0	3	back	3	^Most of chest removed, resulting in gaping hole in midsection.
disintegrate	chest	9	70		1	0	0	0	0	0	0	0	0	0	3			^Blast hits chest and expands to envelop entire body.
disintegrate	abdomen	0	0		0	0	0	0	0	0	0	0	0	0	0			^Abdomen slightly grazed.
disintegrate	abdomen	1	5		0	0	0	0	0	0	0	0	0	0	1			^Blast creates interesting designs on torso, but little damage.
disintegrate	abdomen	2	10		0	0	0	0	0	0	0	0	0	0	1			^Flesh removed, forming a long gash across abdomen.
disintegrate	abdomen	3	15		0	1	0	0	0	0	0	0	0	0	2			^Torso skin and muscle disintegrate rapidly, providing an interior view.
disintegrate	abdomen	4	20		0	3	0	0	0	0	0	0	0	0	2			^Unlucky strike removes muscles from abdomen, but misses vital organs.
disintegrate	abdomen	5	35		0	5	0	0	0	0	0	0	0	0	2			^Strong strike turns belly button into more of a belly canyon.
disintegrate	abdomen	6	40		0	8	0	0	0	0	0	0	0	0	3			^Kidney and covering tissue vaporized.
disintegrate	abdomen	7	50		0	10	0	0	0	0	0	0	0	0	3			^Abdomen gruesomely sliced open, revealing partially disintegrated organs.
disintegrate	abdomen	8	60		1	0	0	0	0	0	0	0	0	0	3			^Vicious blast turns vital organs into fine red powder, leaving .*? with an empty feeling inside.
disintegrate	abdomen	9	70		1	0	0	0	0	0	0	0	0	0	3	back	3	^Now unsupported, half\-vaporized organs topple out onto the ground.
disintegrate	back	0	0		0	0	0	0	0	0	0	0	0	0	0			^Light strike to back.
disintegrate	back	1	5		0	0	0	0	0	0	0	0	0	0	1			^Strips of flesh disappear from .*? back.
disintegrate	back	2	10		0	0	0	0	0	0	0	0	0	0	1			^Large patches of skin removed from back, giving glimpses of musculature beneath.
disintegrate	back	3	15		0	1	0	0	0	0	0	0	0	0	1			^Blast tears across back leaving a nasty disintegration slash.
disintegrate	back	4	20		0	3	0	0	0	0	0	0	0	0	2			^Scattered vaporization leaves back covered with bleeding wounds.
disintegrate	back	5	35		0	6	0	0	0	0	0	0	0	0	2			^Deep hole created in back, narrowly missing spinal cord.
disintegrate	back	6	40		0	8	0	0	0	0	0	0	0	0	3	abdomen	2	^Well\-focused strike generates a clean, round hole straight through .*?.
disintegrate	back	7	50	prone	0	10	0	0	0	0	0	0	0	0	3			^Vicious blast turns huge portions of back into red mist.
disintegrate	back	8	60		1	0	0	0	0	0	0	0	0	0	3	nerves	3	^.*? vertebrae reduced to a fine powder.
disintegrate	back	9	70		1	0	0	0	0	0	0	0	0	0	3	abdomen	3	^Powerful blast instantly consumes most of .*?.
disintegrate	left_arm	0	0		0	0	0	0	0	0	0	0	0	0	0			^Left arm grazed.
disintegrate	left_arm	1	5		0	0	0	0	0	0	0	0	0	0	1			^Unpleasant wound to left arm.
disintegrate	left_arm	2	10		0	0	0	0	0	0	0	0	0	0	1			^Small patches of left forearm disappear into red mist.
disintegrate	left_arm	3	15		0	1	0	0	0	0	0	0	0	0	1			^Grazing blast to the left arm melts skin away, exposing twitching tendons.
disintegrate	left_arm	4	20		0	2	0	0	0	0	0	0	0	0	2			^Portions of musculature disappear, revealing bones beneath.
disintegrate	left_arm	5	25		0	2	0	0	0	0	0	0	0	0	2			^Strike bores into left arm, causing now\-weakened bones to crack.
disintegrate	left_arm	6	30		0	3	0	0	0	0	0	0	0	0	2			^Strike to left forearm strips away skin, exposing bleached bone and useless tendons.
disintegrate	left_arm	7	35		0	5	1	0	0	0	0	0	0	0	3			^Precision strike cuts cleanly across upper arm, causing forearm and elbow to fall to ground.
disintegrate	left_arm	8	40		0	8	1	0	0	0	0	0	0	0	3			^Left arm strike strips flesh and muscle down to the bone which quickly cracks off at the torso.
disintegrate	left_arm	9	45		0	10	1	0	0	0	0	0	0	0	3	neck	2	^Blast disintegrates left arm and savagely shucks huge chunks of flesh from throat.
disintegrate	right_arm	0	0		0	0	0	0	0	0	0	0	0	0	0			^Right arm grazed.
disintegrate	right_arm	1	5		0	0	0	0	0	0	0	0	0	0	1			^Unpleasant wound to right arm.
disintegrate	right_arm	2	10		0	0	0	0	0	0	0	0	0	0	1			^Small patches of right forearm disappear into red mist.
disintegrate	right_arm	3	15		0	1	0	0	0	0	0	0	0	0	1			^Grazing blast to the right arm melts skin away, exposing twitching tendons.
disintegrate	right_arm	5	25		0	2	0	0	0	0	0	0	0	0	2			^Strike bores into right arm, causing now\-weakened bones to crack.
disintegrate	right_arm	6	30		0	3	0	0	0	0	0	0	0	0	2			^Strike to right forearm strips away skin, exposing bleached bone and useless tendons.
disintegrate	right_arm	8	40		0	8	1	0	0	0	0	0	0	0	3			^Right arm strike strips flesh and muscle down to the bone which quickly cracks off at the torso.
disintegrate	right_arm	9	45		0	10	1	0	0	0	0	0	0	0	3	neck	2	^Blast disintegrates right arm and savagely shucks huge chunks of flesh from throat.
disintegrate	left_hand	0	0		0	0	0	0	0	0	0	0	0	0	0			^Fingernail stripped off.
disintegrate	left_hand	1	5		0	0	0	0	0	0	0	0	0	0	1			^Patches of flesh removed from left hand.
disintegrate	left_hand	2	10		0	0	0	0	0	0	0	0	0	0	1			^Finger on left hand vaporized, leaving .*? unable to count quite as high.
disintegrate	left_hand	3	15		0	0	0	0	0	0	0	0	0	0	1			^All the fingernails are melted as the left hand takes a grazing strike.
disintegrate	left_hand	4	20		0	1	0	0	0	0	0	0	0	0	2			^Light blast to left hand drills a hole straight through palm, just large enough to hold that spare wand.
disintegrate	left_hand	5	25		0	2	0	0	0	0	0	0	0	0	2			^Left hand quakes as several fingers disappear one by one.
disintegrate	left_hand	6	30		0	2	0	0	0	0	0	0	0	0	2			^Left hand spasms and sprays blood as flesh and bone are torn away.
disintegrate	left_hand	7	35		0	3	1	0	0	0	0	0	0	0	3			^Left wrist vanishes, cleanly severing hand.
disintegrate	left_hand	8	40		0	5	1	0	0	0	0	0	0	0	3			^With a flash of red spray, left hand disintegrates into nothing.
disintegrate	left_hand	9	45		0	8	1	0	0	0	0	0	0	0	3			^Blast encases left hand, instantly turning it into a fine white powder.
disintegrate	right_hand	1	5		0	0	0	0	0	0	0	0	0	0	1			^Patches of flesh removed from right hand.
disintegrate	right_hand	2	10		0	0	0	0	0	0	0	0	0	0	1			^Finger on right hand vaporized, leaving .*? unable to count quite as high.
disintegrate	right_hand	3	15		0	0	0	0	0	0	0	0	0	0	1			^All the fingernails are melted as the right hand takes a grazing strike.
disintegrate	right_hand	4	20		0	1	0	0	0	0	0	0	0	0	2			^Light blast to right hand drills a hole straight through palm, just large enough to hold that spare wand.
disintegrate	right_hand	5	25		0	2	0	0	0	0	0	0	0	0	2			^Right hand quakes as several fingers disappear one by one.
disintegrate	right_hand	6	30		0	2	0	0	0	0	0	0	0	0	2			^Right hand spasms and sprays blood as flesh and bone are torn away.
disintegrate	right_hand	7	35		0	3	1	0	0	0	0	0	0	0	3			^Right wrist vanishes, cleanly severing hand.
disintegrate	right_hand	8	40		0	5	1	0	0	0	0	0	0	0	3			^With a flash of red spray, right hand disintegrates into nothing.
disintegrate	right_hand	9	45		0	8	1	0	0	0	0	0	0	0	3			^Blast encases right hand, instantly turning it into a fine white powder.
disintegrate	left_leg	0	0		0	0	0	0	0	0	0	0	0	0	0			^Grazing strike to left leg.
disintegrate	left_leg	1	5		0	0	0	0	0	0	0	0	0	0	1			^Surface of left leg etched to little effect.
disintegrate	left_leg	2	10		0	0	0	0	0	0	0	0	0	0	1			^Attack removes flesh from surface of left leg, causing trickles of blood to leak out.
disintegrate	left_leg	3	15		0	1	0	0	0	0	0	0	0	0	1			^Chunks of flesh vaporized on left leg.
disintegrate	left_leg	4	20		0	2	0	0	0	0	0	0	0	0	2			^Large portions of left thigh removed in a flash.
disintegrate	left_leg	5	25		0	3	0	0	0	0	0	0	0	0	2			^Hunks of muscle and bone disappear from left leg.
disintegrate	left_leg	6	30	prone	0	4	0	0	0	0	0	0	0	0	2			^Blast bores through left leg, causing femur to buckle.
disintegrate	left_leg	7	35	prone	0	6	1	0	0	0	0	0	0	0	3			^Left leg violently separates from hip socket and dematerializes into bloody mass.
disintegrate	left_leg	8	40	prone	0	8	1	0	0	0	0	0	0	0	3			^Left leg vaporized from thigh down, leaving nothing but dangling blood vessels and muscle.
disintegrate	left_leg	9	45	prone	0	10	1	0	0	0	0	0	0	0	3	right_leg	3	^Both legs are frightfully stripped down to the bone marrow.
disintegrate	right_leg	0	0		0	0	0	0	0	0	0	0	0	0	0			^Grazing strike to right leg.
disintegrate	right_leg	1	5		0	0	0	0	0	0	0	0	0	0	1			^Surface of right leg etched to little effect.
disintegrate	right_leg	2	10		0	0	0	0	0	0	0	0	0	0	1			^Attack removes flesh from surface of right leg, causing trickles of blood to leak out.
disintegrate	right_leg	3	15		0	1	0	0	0	0	0	0	0	0	1			^Chunks of flesh vaporized on right leg.
disintegrate	right_leg	4	20		0	2	0	0	0	0	0	0	0	0	2			^Large portions of right thigh removed in a flash.
disintegrate	right_leg	5	25		0	3	0	0	0	0	0	0	0	0	2			^Hunks of muscle and bone disappear from right leg.
disintegrate	right_leg	6	30	prone	0	4	0	0	0	0	0	0	0	0	2			^Blast bores through right leg, causing femur to buckle.
disintegrate	right_leg	7	35	prone	0	6	1	0	0	0	0	0	0	0	3			^Right leg violently separates from hip socket and dematerializes into bloody mass.
disintegrate	right_leg	8	40	prone	0	8	1	0	0	0	0	0	0	0	3			^Right leg vaporized from thigh down, leaving nothing but dangling blood vessels and muscle.
disruption	head	1	5		0	0	0	0	0	0	0	0	0	0	1			^Veins bulge on forehead, giving .*? a mild headache.
disruption	head	2	10		0	1	0	0	0	0	0	0	0	0	1			^Blood vessels in .*? forehead burst, spraying blood everywhere.
disruption	head	3	15		0	3	0	0	0	0	0	0	0	0	2			^.*? skull cracks with an audible "Pop".
disruption	head	4	20		0	6	0	0	0	0	0	0	0	0	2			^.*? ears swell, bursting .*? eardrums.
disruption	head	5	25		0	10	0	0	0	0	0	0	0	0	3			^Brain swells suddenly, unfortunately .*? skull doesn't.
disruption	head	6	30		1	0	0	0	0	0	0	0	0	0	3			^Skull and surrounding flesh disintegrate.
disruption	head	7	35		1	0	0	0	0	0	0	0	0	0	3			^.*? head explodes like an overripe melon.
disruption	head	8	40		1	0	0	0	0	0	0	0	0	0	3			^Skull shatters into sharp spikes which are driven into .*? brain.
disruption	head	9	50		1	0	0	0	0	0	0	0	0	0	3			^.*? head vibrates violently, before melting away in a rush of heat.
disruption	neck	2	10		0	1	0	0	0	0	0	0	0	0	1			^Small veins in .*? neck burst, the blood flows freely.
disruption	neck	3	15		0	2	0	0	0	0	0	0	0	0	1			^.*? neck snapped violently by spasming muscles.
disruption	neck	4	20		0	4	0	0	0	0	0	0	0	0	2			^Head looks precariously balanced now.
disruption	neck	5	25		0	8	0	0	0	0	0	0	0	0	3			^Vertebrae swell in .*? neck, thrusting through the skin.
disruption	neck	6	30		1	0	0	0	0	0	0	0	0	0	3			^Vertebrae ripped from body.
disruption	neck	7	35		1	0	0	0	0	0	0	0	0	0	3			^Larynx swells and explodes, but .*? won't be needing it anymore anyway.
disruption	neck	8	40		1	0	0	0	0	0	0	0	0	0	3			^.*? neck muscles contract violently, severing head from shoulders.
disruption	neck	9	50		1	0	0	0	0	0	0	0	0	0	3			^.*? neck explodes launching .*? head into the air.
disruption	left_eye	2	10		0	1	0	0	0	0	0	0	0	0	1			^.*? eye swells but settles back into its socket.
disruption	left_eye	3	15		0	3	0	0	0	0	0	0	0	0	2			^Blood in .*? left eye boils.
disruption	left_eye	4	20		0	5	0	0	0	0	0	0	0	0	2			^Blood flow to .*? left eye cut off.
disruption	left_eye	5	25		0	10	0	0	0	0	0	0	0	0	3			^.*? eye explodes, showering you with gore.
disruption	left_eye	6	30		1	0	0	0	0	0	0	0	0	0	3	head	3	^.*? eye swells and cracks head open.
disruption	left_eye	7	40		1	0	0	0	0	0	0	0	0	0	3	head	3	^.*? left eye boils away, stewing the brain as well.
disruption	left_eye	8	45		1	0	0	0	0	0	0	0	0	0	3	head	3	^.*? cheek shatters, driving bones into eye.
disruption	left_eye	9	50		1	0	0	0	0	0	0	0	0	0	3	head	3	^.*? eye explodes shattering the skull into a thousand pieces.
disruption	right_eye	3	15		0	3	0	0	0	0	0	0	0	0	2			^Blood in .*? right eye boils.
disruption	right_eye	4	20		0	5	0	0	0	0	0	0	0	0	2			^Blood flow to .*? right eye cut off.
disruption	right_eye	7	40		1	0	0	0	0	0	0	0	0	0	3	head	3	^.*? right eye boils away, stewing the brain as well.
disruption	chest	1	5		0	0	0	0	0	0	0	0	0	0	1			^Chest spasm makes it hard for .*? to breathe.
disruption	chest	2	10		0	0	0	0	0	0	0	0	0	0	1			^Blood boils in .*? chest.
disruption	chest	3	15		0	1	0	0	0	0	0	0	0	0	1			^.*? ribs warp and crack violently.
disruption	chest	4	20		0	3	0	0	0	0	0	0	0	0	2			^Rib bones snap and protrude from .*? chest.
disruption	chest	5	25		0	5	0	0	0	0	0	0	0	0	2			^Pressure on .*? organs causes internal bleeding.
disruption	chest	6	30		0	6	0	0	0	0	0	0	0	0	3			^One lung bursts in .*? chest.
disruption	chest	7	50		0	8	0	0	0	0	0	0	0	0	3			^.*? lungs burst and so does .*? chest.
disruption	chest	8	60		0	10	0	0	0	0	0	0	0	0	3			^You send a blood clot to .*? heart, causing massive damage.
disruption	chest	9	70		1	0	0	0	0	0	0	0	0	0	3			^Heart explodes rupturing .*? chest.
disruption	abdomen	1	5		0	0	0	0	0	0	0	0	0	0	1			^.*? doubles over with stomach cramps.
disruption	abdomen	2	10		0	0	0	0	0	0	0	0	0	0	1			^.*? stomach muscles jerk uncontrollably.
disruption	abdomen	3	15		0	1	0	0	0	0	0	0	0	0	1			^.*? intestines knot themselves.
disruption	abdomen	4	20		0	3	0	0	0	0	0	0	0	0	2			^.*? stomach muscles ripped apart violently.
disruption	abdomen	5	25		0	5	0	0	0	0	0	0	0	0	2			^Flesh and muscle stripped from .*? stomach.
disruption	abdomen	6	30		0	6	0	0	0	0	0	0	0	0	3			^.*? stomach muscles explode violently.
disruption	abdomen	7	50		0	6	0	0	0	0	0	0	0	0	3			^Gaping hole punched through .*? stomach.
disruption	abdomen	8	60		1	0	0	0	0	0	0	0	0	0	3			^.*? stomach rips through flesh and explodes.
disruption	abdomen	9	70		1	0	0	0	0	0	0	0	0	0	3			^.*? midsection swells painfully then bursts, sending .*? everywhere.
disruption	back	1	5		0	0	0	0	0	0	0	0	0	0	1			^Strike to .*? back causes minor spasms.
disruption	back	2	10		0	0	0	0	0	0	0	0	0	0	1			^.*? vertebrae vibrate causing extreme pain.
disruption	back	3	15		0	1	0	0	0	0	0	0	0	0	1			^Strips of flesh flayed from .*? back.
disruption	back	4	20		0	3	0	0	0	0	0	0	0	0	2			^.*? spine warps and protrudes through skin.
disruption	back	5	25		0	5	0	0	0	0	0	0	0	0	2			^.*? spinal cord swells, causing momentary paralysis.
disruption	back	6	30		0	6	0	0	0	0	0	0	0	0	3			^Gaping hole torn in .*? back exposing ribs.
disruption	back	7	50	prone	0	8	0	0	0	0	0	0	0	0	3			^.*? spinal fluid boils, rupturing spinal cord.
disruption	back	8	60		1	0	0	0	0	0	0	0	0	0	3	nerves	3	^Both .*? kidneys rupture.
disruption	back	9	70		1	0	0	0	0	0	0	0	0	0	3			^Spine ripped from .*? body and thrown to the ground.
disruption	left_arm	1	5		0	0	0	0	0	0	0	0	0	0	1			^Strike to .*? left arm sprains biceps.
disruption	left_arm	2	10		0	0	0	0	0	0	0	0	0	0	1			^Tendons in .*? shield arm snap.
disruption	left_arm	3	15		0	1	0	0	0	0	0	0	0	0	1			^Large lesions sprout on .*? shield arm.
disruption	left_arm	4	20		0	2	0	0	0	0	0	0	0	0	2			^Major bones in .*? left arm crack loudly.
disruption	left_arm	5	25		0	3	0	0	0	0	0	0	0	0	2			^Blood in .*? shield arm boils, sending up a red mist.
disruption	left_arm	6	30		0	5	0	0	0	0	0	0	0	0	2			^Bones shatter in .*? shield arm.
disruption	left_arm	7	35		0	6	1	0	0	0	0	0	0	0	3			^.*? elbow explodes sending bone fragments flying.
disruption	left_arm	8	40		0	8	1	0	0	0	0	0	0	0	3			^You shatter all of .*? bones from the elbow down, leaving only bloody strips of flesh behind.
disruption	left_arm	9	45		0	10	1	0	0	0	0	0	0	0	3			^.*? shoulder joint explodes, severing shield arm.
disruption	right_arm	1	5		0	0	0	0	0	0	0	0	0	0	1			^Strike to .*? right arm sprains biceps.
disruption	right_arm	2	10		0	0	0	0	0	0	0	0	0	0	1			^Tendons in .*? weapon arm snap.
disruption	right_arm	3	15		0	1	0	0	0	0	0	0	0	0	1			^Large lesions sprout on .*? weapon arm.
disruption	right_arm	4	20		0	2	0	0	0	0	0	0	0	0	2			^Major bones in .*? right arm crack loudly.
disruption	right_arm	5	25		0	3	0	0	0	0	0	0	0	0	2			^Blood in .*? weapon arm boils, sending up a red mist.
disruption	right_arm	6	30		0	5	0	0	0	0	0	0	0	0	2			^Bones shatter in .*? weapon arm.
disruption	right_arm	9	45		0	10	1	0	0	0	0	0	0	0	3			^.*? shoulder joint explodes, severing weapon arm.
disruption	left_hand	1	5		0	0	0	0	0	0	0	0	0	0	1			^Spasm to .*? left hand.
disruption	left_hand	2	10		0	0	0	0	0	0	0	0	0	0	1			^.*? finger twitches, then explodes.
disruption	left_hand	3	15		0	0	0	0	0	0	0	0	0	0	1			^Oozing sores appear on .*? left hand.
disruption	left_hand	4	20		0	1	0	0	0	0	0	0	0	0	2			^Bones from several fingers driven through .*? skin.
disruption	left_hand	5	25		0	2	0	0	0	0	0	0	0	0	2			^Flesh flayed from .*? left hand.
disruption	left_hand	6	30		0	3	0	0	0	0	0	0	0	0	2			^.*? thumb explodes in a shower of flesh and bone fragments.
disruption	left_hand	7	35		0	4	1	0	0	0	0	0	0	0	3			^.*? wrist bones explode, leaving only a stump.
disruption	left_hand	8	40		0	5	1	0	0	0	0	0	0	0	3			^.*? left hand swells and explodes into thousands of pieces.
disruption	left_hand	9	45		0	7	1	0	0	0	0	0	0	0	3			^.*? hand explodes in a shower of blood and bone.
disruption	right_hand	1	5		0	0	0	0	0	0	0	0	0	0	1			^Spasm to .*? right hand.
disruption	right_hand	3	15		0	0	0	0	0	0	0	0	0	0	1			^Oozing sores appear on .*? right hand.
disruption	right_hand	5	25		0	2	0	0	0	0	0	0	0	0	2			^Flesh flayed from .*? right hand.
disruption	right_hand	8	40		0	5	1	0	0	0	0	0	0	0	3			^.*? right hand swells and explodes into thousands of pieces.
disruption	right_hand	9	45		0	7	1	0	0	0	0	0	0	0	3			^.*? entire hand explodes in a shower of blood and bone.
disruption	left_leg	1	5		0	0	0	0	0	0	0	0	0	0	1			^.*? left leg jerks momentarily.
disruption	left_leg	2	10		0	0	0	0	0	0	0	0	0	0	1			^You snap the tendons in .*? foot.
disruption	left_leg	3	15		0	1	0	0	0	0	0	0	0	0	2			^Minor muscle tearing on .*? left leg.
disruption	left_leg	4	20	prone	0	3	0	0	0	0	0	0	0	0	2			^Major bones in .*? left leg crack loudly.
disruption	left_leg	5	25	prone	0	5	0	0	0	0	0	0	0	0	2			^Flesh bubbles on .*? left leg.
disruption	left_leg	6	30	prone	0	6	0	0	0	0	0	0	0	0	2			^Bones shatter in .*? leg.
disruption	left_leg	7	35	prone	0	8	1	0	0	0	0	0	0	0	3			^.*? kneecap explodes sending bone fragments flying.
disruption	left_leg	8	40	prone	0	10	1	0	0	0	0	0	0	0	3			^You disintegrate .*? left leg from the knee down.
disruption	left_leg	9	45	prone	0	12	1	0	0	0	0	0	0	0	3			^.*? left leg crumbles briefly and explodes in a shower of gore.
disruption	right_leg	1	5		0	0	0	0	0	0	0	0	0	0	1			^.*? right leg jerks momentarily.
disruption	right_leg	3	15		0	1	0	0	0	0	0	0	0	0	2			^Minor muscle tearing on .*? right leg.
disruption	right_leg	4	20	prone	0	3	0	0	0	0	0	0	0	0	2			^Major bones in .*? right leg crack loudly.
disruption	right_leg	5	25	prone	0	5	0	0	0	0	0	0	0	0	2			^Flesh bubbles on .*? right leg.
disruption	right_leg	8	40	prone	0	10	1	0	0	0	0	0	0	0	3			^You disintegrate .*? right leg from the knee down.
disruption	right_leg	9	45	prone	0	12	1	0	0	0	0	0	0	0	3			^.*? right leg crumbles briefly and explodes in a shower of gore.
fire	head	0	0		0	0	0	0	0	0	0	0	0	0	0			^Blast of hot air to head dries .*? hair.
fire	head	1	5		0	0	0	0	0	0	0	0	0	0	1			^Minor burns to head.
fire	head	2	10		0	1	0	0	0	0	0	0	0	0	1			^Burst of flames to head catches ears on fire.
fire	head	3	15		0	3	0	0	0	0	0	0	0	0	2			^Burst of flames char forehead a crispy black.
fire	head	4	20		0	6	0	0	0	0	0	0	0	0	2			^Flames engulf head searing hair and scalp.
fire	head	5	25		0	10	0	0	0	0	0	0	0	0	3			^Flames incinerate scalp completely and blacken skullcap.  Not very fashionable.
fire	head	6	30		1	0	0	0	0	0	0	0	0	0	3			^Head explodes in flames.
fire	head	7	35		1	0	0	0	0	0	0	0	0	0	3			^Flame sets an? .*? head alight like a torch.
fire	head	8	40		1	0	0	0	0	0	0	0	0	0	3			^Head reduced to a charred stump.
fire	head	9	50		1	0	0	0	0	0	0	0	0	0	3			^Head explodes, splattering sizzling bits of flesh and bone everywhere.
fire	neck	0	0		0	0	0	0	0	0	0	0	0	0	0			^Flames brush .*? neck. Some sweat but not much else.
fire	neck	1	2		0	0	0	0	0	0	0	0	0	0	1			^Minor burns to neck.
fire	neck	2	5		0	1	0	0	0	0	0	0	0	0	1			^Burst of flames to neck.
fire	neck	3	10		0	2	0	0	0	0	0	0	0	0	2			^Burst of flames chars neck a crispy black.
fire	neck	4	12		0	4	0	0	0	0	0	0	0	0	2			^Flames incinerate muscle tissue in neck exposing the trachea.  More than you ever wanted to see.
fire	neck	5	15		0	8	0	0	0	0	0	0	0	0	3			^Flames burn neck into a bubbling mass of flesh.
fire	neck	6	20		1	0	0	0	0	0	0	0	0	0	3			^Fire burns through neck and destroys carotid artery.
fire	neck	7	25		1	0	0	0	0	0	0	0	0	0	3			^.*? takes a breath of super\-heated air and expires gasping.
fire	neck	8	30		1	0	0	0	0	0	0	0	0	0	3			^Neck consumed in flame and charred to a crisp.
fire	neck	9	40		1	0	0	0	0	0	0	0	0	0	3			^Neck completely incinerated; .*? head drops to the ground and rolls to your feet.
fire	left_eye	0	0		0	0	0	0	0	0	0	0	0	0	0			^Flames tickle left eye.
fire	left_eye	1	1		0	0	0	0	0	0	0	0	0	0	1			^Minor burns to left eye.
fire	left_eye	2	3		0	1	0	0	0	0	0	0	0	0	1			^Burst of flames to left eye bakes eyelid.
fire	left_eye	3	5		0	3	0	0	0	0	0	0	0	0	2			^Burst of flames to left eye incinerates eyelid.
fire	left_eye	4	10		0	5	0	0	0	0	0	0	0	0	2			^Horrid burns seal left eye.
fire	left_eye	5	20		0	10	0	0	0	0	0	0	0	0	3			^Flames toast left cornea.
fire	left_eye	6	30		0	12	0	0	0	0	0	0	0	0	3			^Left eye propelled out of socket by fiery explosion.
fire	left_eye	7	40		1	0	0	0	0	0	0	0	0	0	3	head	3	^Flame engulfs .*? left eye, setting it ablaze.
fire	left_eye	8	45		1	0	0	0	0	0	0	0	0	0	3	head	3	^Intense heat causes left eye to evaporate.
fire	left_eye	9	50		1	0	0	0	0	0	0	0	0	0	3	head	3	^Sizzling pieces of brain drip from the empty socket.
fire	right_eye	0	0		0	0	0	0	0	0	0	0	0	0	0			^Flames tickle right eye.
fire	right_eye	1	1		0	0	0	0	0	0	0	0	0	0	1			^Minor burns to right eye.
fire	right_eye	2	3		0	1	0	0	0	0	0	0	0	0	1			^Burst of flames to right eye bakes eyelid.
fire	right_eye	3	5		0	3	0	0	0	0	0	0	0	0	2			^Burst of flames to right eye incinerates eyelid.
fire	right_eye	4	10		0	5	0	0	0	0	0	0	0	0	2			^Horrid burns seal right eye.
fire	right_eye	5	20		0	10	0	0	0	0	0	0	0	0	3			^Flames toast right cornea.
fire	right_eye	6	30		0	12	0	0	0	0	0	0	0	0	3			^Right eye propelled out of socket by fiery explosion.
fire	right_eye	7	40		1	0	0	0	0	0	0	0	0	0	3	head	3	^Right eye catches fire, quickly bringing .*? brain to a boil.
fire	right_eye	8	45		1	0	0	0	0	0	0	0	0	0	3	head	3	^Right eye evaporates in a burst of flame.
fire	right_eye	9	50		1	0	0	0	0	0	0	0	0	0	3	head	3	^Super\-heated flame causes (?:.*? )?right eye to explode inward.
fire	chest	0	0		0	0	0	0	0	0	0	0	0	0	0			^Burst of flames to chest.
fire	chest	1	5		0	0	0	0	0	0	0	0	0	0	1			^Minor burns to chest.
fire	chest	2	10		0	0	0	0	0	0	0	0	0	0	1			^Burst of flames to chest toasts skin nicely.
fire	chest	3	15		0	1	0	0	0	0	0	0	0	0	1			^Burst of flames char chest a crispy? black.
fire	chest	4	20		0	3	0	0	0	0	0	0	0	0	2			^Nasty burns to chest make you wish you never heard of heartburn.
fire	chest	5	25		0	5	0	0	0	0	0	0	0	0	2			^Flames burn hole in chest exposing ribs.
fire	chest	6	30		0	6	0	0	0	0	0	0	0	0	3			^Flames cook .*? chest.
fire	chest	7	50		0	8	0	0	0	0	0	0	0	0	3			^Skin and some muscle burnt off chest.
fire	chest	8	60		1	0	0	0	0	0	0	0	0	0	3			^Chest left a smoldering ruin.
fire	chest	9	70		1	0	0	0	0	0	0	0	0	0	3			^Blood boils and heart stops.
fire	abdomen	0	0		0	0	0	0	0	0	0	0	0	0	0			^Burst of flames to abdomen.
fire	abdomen	1	5		0	0	0	0	0	0	0	0	0	0	1			^Minor burns to abdomen.
fire	abdomen	2	10		0	0	0	0	0	0	0	0	0	0	1			^Burst of flames to abdomen toasts skin nicely.
fire	abdomen	3	15		0	1	0	0	0	0	0	0	0	0	1			^Burst of flames char abdomen a crispy black.
fire	abdomen	4	20		0	3	0	0	0	0	0	0	0	0	2			^Nasty burns to abdomen, .*? shrieks in pain.
fire	abdomen	5	25		0	5	0	0	0	0	0	0	0	0	2			^Abdomen bursts into flames.
fire	abdomen	6	30		0	6	0	0	0	0	0	0	0	0	3			^Flames cook .*? abdomen.
fire	abdomen	7	50		0	8	0	0	0	0	0	0	0	0	3			^Permanently debilitating burns across stomach.
fire	abdomen	8	60		1	0	0	0	0	0	0	0	0	0	3			^Intestines rupture from intense heat; .*? dies a slow, painful death.
fire	abdomen	9	70		1	0	0	0	0	0	0	0	0	0	3			^Flame burns through .*? abdomen.  Greasy smoke billows forth.
fire	back	0	0		0	0	0	0	0	0	0	0	0	0	0			^Blast of flames to back.
fire	back	1	5		0	0	0	0	0	0	0	0	0	0	1			^Minor burns to back.
fire	back	2	10		0	0	0	0	0	0	0	0	0	0	1			^Burst of flames to back toasts skin nicely.
fire	back	3	15		0	1	0	0	0	0	0	0	0	0	1			^Burst of flames to back fries shoulder blades.
fire	back	4	20		0	3	0	0	0	0	0	0	0	0	2			^Nasty burns to back.
fire	back	5	25		0	5	0	0	0	0	0	0	0	0	2			^Back bursts into a spectacular display of flames.
fire	back	6	30		0	6	0	0	0	0	0	0	0	0	3			^Flames cook .*? back.
fire	back	7	50		0	8	0	0	0	0	0	0	0	0	3			^A large patch of flesh is seared off .*? back.
fire	back	8	60		1	0	0	0	0	0	0	0	0	0	3	nerves	3	^Flame engulfs back. .*? flambe.
fire	back	9	70		1	0	0	0	0	0	0	0	0	0	3	nerves	3	^Back burnt to the bone.
fire	left_arm	0	0		0	0	0	0	0	0	0	0	0	0	0			^Flames tickle left arm.
fire	left_arm	1	3		0	0	0	0	0	0	0	0	0	0	1			^Minor burns to left arm.
fire	left_arm	2	7		0	0	0	0	0	0	0	0	0	0	1			^Burst of flames to left arm burns skin bright red.
fire	left_arm	3	8		0	1	0	0	0	0	0	0	0	0	1			^Burst of flames to left arm toasts skin to elbows.
fire	left_arm	4	10		0	2	0	0	0	0	0	0	0	0	2			^Nasty burns to left arm.
fire	left_arm	5	15		0	3	0	0	0	0	0	0	0	0	2			^Flames incinerate left arm to the bone.
fire	left_arm	6	20		0	5	0	0	0	0	0	0	0	0	2			^Extreme heat causes .*? left arm to expand and snap.
fire	left_arm	7	25		0	6	1	0	0	0	0	0	0	0	3			^Blaze chars .*? left arm.
fire	left_arm	8	35		0	8	1	0	0	0	0	0	0	0	3			^Left arm burnt away at elbow.
fire	left_arm	9	40		0	10	1	0	0	0	0	0	0	0	3			^Left arm incinerated.
fire	right_arm	0	0		0	0	0	0	0	0	0	0	0	0	0			^Flames tickle right arm.
fire	right_arm	1	3		0	0	0	0	0	0	0	0	0	0	1			^Minor burns to right arm.
fire	right_arm	2	7		0	0	0	0	0	0	0	0	0	0	1			^Burst of flames to right arm burns skin bright red.
fire	right_arm	3	8		0	1	0	0	0	0	0	0	0	0	1			^Burst of flames to right arm toasts skin to elbows.
fire	right_arm	4	10		0	2	0	0	0	0	0	0	0	0	2			^Nasty burns to right arm.
fire	right_arm	5	15		0	3	0	0	0	0	0	0	0	0	2			^Flames incinerate right arm to the bone.
fire	right_arm	6	20		0	5	0	0	0	0	0	0	0	0	2			^Extreme heat causes .*? right arm to expand and snap.
fire	right_arm	7	25		0	6	1	0	0	0	0	0	0	0	3			^Right arm scorched so bad it might as well be gone.
fire	right_arm	8	35		0	8	1	0	0	0	0	0	0	0	3			^Right forearm burned clean off.
fire	right_arm	9	40		0	10	1	0	0	0	0	0	0	0	3			^Flame consumes .*? right arm all the way to the shoulder.
fire	left_hand	0	0		0	0	0	0	0	0	0	0	0	0	0			^Burst of flame to left hand singes knuckles.
fire	left_hand	1	1		0	0	0	0	0	0	0	0	0	0	1			^Minor burns to left hand.
fire	left_hand	2	3		0	0	0	0	0	0	0	0	0	0	1			^Burst of flames to left hand burns fingers bright red.
fire	left_hand	3	5		0	0	0	0	0	0	0	0	0	0	1			^Burst of flames to left hand fries palm.
fire	left_hand	4	7		0	1	0	0	0	0	0	0	0	0	2			^Nasty burns to left hand.
fire	left_hand	5	8		0	2	0	0	0	0	0	0	0	0	2			^Left hand fried to a crisp.
fire	left_hand	6	10		0	3	0	0	0	0	0	0	0	0	2			^Extreme heat melts the skin off .*? left hand.
fire	left_hand	7	15		0	4	1	0	0	0	0	0	0	0	3			^Several fingers consumed from left hand.
fire	left_hand	8	25		0	5	1	0	0	0	0	0	0	0	3			^Flame burns everything but the bones from .*? left hand.
fire	left_hand	9	30		0	7	1	0	0	0	0	0	0	0	3			^Left hand burned off.
fire	right_hand	0	0		0	0	0	0	0	0	0	0	0	0	0			^Burst of flame to right hand singes knuckles.
fire	right_hand	1	1		0	0	0	0	0	0	0	0	0	0	1			^Minor burns to right hand.
fire	right_hand	2	3		0	0	0	0	0	0	0	0	0	0	1			^Burst of flames to right hand burns fingers bright red.
fire	right_hand	3	5		0	0	0	0	0	0	0	0	0	0	1			^Burst of flames to right hand fries palm.
fire	right_hand	4	7		0	1	0	0	0	0	0	0	0	0	2			^Nasty burns to right hand.
fire	right_hand	5	8		0	2	0	0	0	0	0	0	0	0	2			^Right hand fried to a crisp.
fire	right_hand	6	10		0	3	0	0	0	0	0	0	0	0	2			^Extreme heat melts the skin off .*? right hand.
fire	right_hand	7	15		0	4	1	0	0	0	0	0	0	0	3			^Skin and muscle seared off right hand.
fire	right_hand	8	25		0	5	1	0	0	0	0	0	0	0	3			^Right hand reduced to smoking ash.
fire	right_hand	9	30		0	7	1	0	0	0	0	0	0	0	3			^Unbelievable heat melts .*? hand down to the wrist.
fire	left_leg	0	0		0	0	0	0	0	0	0	0	0	0	0			^Flames tickle left leg.
fire	left_leg	1	5		0	0	0	0	0	0	0	0	0	0	1			^Minor burns to left leg.
fire	left_leg	2	10		0	0	0	0	0	0	0	0	0	0	1			^Burst of flames to left leg burns skin bright red.
fire	left_leg	3	15		0	1	0	0	0	0	0	0	0	0	1			^Burst of flames to left leg blackens kneecap.
fire	left_leg	4	17	prone	0	3	0	0	0	0	0	0	0	0	2			^Nasty burns to left leg.
fire	left_leg	5	20	prone	0	5	0	0	0	0	0	0	0	0	2			^Flames incinerate left leg to the bone.
fire	left_leg	6	25	prone	0	6	0	0	0	0	0	0	0	0	2			^Extreme heat causes .*? left leg to expand and snap.
fire	left_leg	7	30	prone	0	8	1	0	0	0	0	0	0	0	3			^Scorching heat shrivels left leg to a useless black mass.
fire	left_leg	8	40	prone	0	10	1	0	0	0	0	0	0	0	3			^Left leg burned off at the knee.
fire	left_leg	9	45	prone	0	12	1	0	0	0	0	0	0	0	3			^Left leg completely charred.
fire	right_leg	0	0		0	0	0	0	0	0	0	0	0	0	0			^Flames tickle right leg.
fire	right_leg	1	5		0	0	0	0	0	0	0	0	0	0	1			^Minor burns to right leg.
fire	right_leg	2	10		0	0	0	0	0	0	0	0	0	0	1			^Burst of flames to right leg burns skin bright red.
fire	right_leg	3	15		0	1	0	0	0	0	0	0	0	0	1			^Burst of flames to right leg blackens kneecap.
fire	right_leg	4	17	prone	0	3	0	0	0	0	0	0	0	0	2			^Nasty burns to right leg.
fire	right_leg	5	20	prone	0	5	0	0	0	0	0	0	0	0	2			^Flames incinerate right leg to the bone.
fire	right_leg	6	25	prone	0	6	0	0	0	0	0	0	0	0	2			^Extreme heat causes .*? right leg to expand and snap.
fire	right_leg	7	30	prone	0	8	1	0	0	0	0	0	0	0	3			^Right leg horribly scorched.
fire	right_leg	8	40	prone	0	10	1	0	0	0	0	0	0	0	3			^The lower half of .*? right leg is almost completely burned away.
fire	right_leg	9	45	prone	0	12	1	0	0	0	0	0	0	0	3			^Right leg aflame.
generic	unspecified	0	0		0	999	0	0	0	0	0	0	0	0	0			.*? is stunned.
grapple	head	1	5		0	1	0	0	0	0	0	0	0	0	0			^Decent blow to the head, may leave a bruise.
grapple	head	2	10	prone	0	3	0	0	0	0	0	0	0	0	1			^Solid headlock.
grapple	head	3	15	prone	0	5	0	0	0	0	0	0	0	0	1			^Head grappled, slight ringing in the ears.
grapple	head	4	20	prone	0	7	0	0	0	0	0	0	0	0	1			^Crushing grapple to the head, skull cracks.
grapple	head	5	25	prone	0	10	0	0	0	0	0	0	0	0	2			^Head bounces off the ground.
grapple	head	6	30	prone	0	12	0	0	0	0	0	0	0	0	2			^Forehead strikes the ground.
grapple	head	7	35	prone	0	14	0	0	0	0	0	0	0	0	3			^(?:.*? h|H)ead (?:is )?cracked as (?:.*? is thrown|you throw .*?) to the ground.
grapple	head	8	40		0	16	0	0	0	0	0	0	0	0	3			^Rough grapple to the head, cracks skull in several places.
grapple	head	9	45		1	0	0	0	0	0	0	0	0	0	3			^Head crushed.  Resulting death is\.\.\. messy.
grapple	neck	1	5		0	1	0	0	0	0	0	0	0	0	0			^Weak grapple around the neck bruises windpipe.
grapple	neck	2	10	prone	0	2	0	0	0	0	0	0	0	0	1			^Sprained neck.
grapple	neck	3	15	prone	0	4	0	0	0	0	0	0	0	0	1			^Hard pull on head strains neck.
grapple	neck	4	20	prone	0	6	0	0	0	0	0	0	0	0	1			^Hard head twist sends jolts of pain up the neck.
grapple	neck	5	25	prone	0	8	0	0	0	0	0	0	0	0	2			^Neck grapple, loud .pop. as the bones strain.
grapple	neck	6	30	prone	0	10	0	0	0	0	0	0	0	0	2			^Something gives in .*? neck.
grapple	neck	7	35	prone	0	12	0	0	0	0	0	0	0	0	3			^Grab to the head sprains .*? neck badly before .*? hits the ground.
grapple	neck	8	40		1	0	0	0	0	0	0	0	0	0	3			^Neck twisted entirely around, quite dead.
grapple	neck	9	45		1	0	0	0	0	0	0	0	0	0	3			^Throat driven into spine by awesome grapple.
grapple	left_eye	0	0		0	0	0	0	0	0	0	0	0	0	0			^Lame eye gouge, barely close to the head.
grapple	left_eye	1	5		0	1	0	0	0	0	0	0	0	0	0			^Weak eye gouge, (?:probably distracting|you may have .*? attention now).
grapple	left_eye	2	10	prone	0	3	0	0	0	0	0	0	0	0	0			^Eye gouge, that hurt.
grapple	left_eye	3	15	prone	0	5	0	0	0	0	0	0	0	0	1			^Head maneuver catches eye.
grapple	left_eye	4	20	prone	0	7	0	0	0	0	0	0	0	0	1			^Move scratches the eye which quickly fills with tears.
grapple	left_eye	5	25	prone	0	10	0	0	0	0	0	0	0	0	1			^Dirt gets in .*? eyes as .*? is pushed to the ground.
grapple	left_eye	6	30		0	12	0	0	0	0	0	0	0	0	2			^Eye struck as .*? lands face first, swelling it shut.
grapple	left_eye	7	35	prone	0	16	0	0	0	0	0	0	0	0	2			^Strong grapple to the head gouges eye.
grapple	left_eye	8	40	prone	0	18	0	0	0	0	0	0	0	0	3			^Nasty eye gouge forces eye into skull.
grapple	left_eye	9	50	prone	0	20	0	0	0	0	0	0	0	0	3			^Eyeball annihilated with a loud .POP..
grapple	chest	1	5		0	0	0	0	0	0	0	0	0	0	0			^Attempt to snare chest shrugged off.
grapple	chest	2	10		0	1	0	0	0	0	0	0	0	0	0			^Chest grapple, decent grip.
grapple	chest	3	15	prone	0	3	0	0	0	0	0	0	0	0	1			^Solid chest grapple, .*? is winded.
grapple	chest	4	20	prone	0	5	0	0	0	0	0	0	0	0	1			^Hard shove to the chest staggers .*?.
grapple	chest	5	25	prone	0	7	0	0	0	0	0	0	0	0	1			^Hard blow to chest knocks .*? back and winds .*?.
grapple	chest	6	30		0	9	0	0	0	0	0	0	0	0	1			^Blow to the chest takes .*? breath away.
grapple	chest	7	35	prone	0	12	0	0	0	0	0	0	0	0	2			^Impressive chest grapple snaps ribs.
grapple	chest	8	40		0	14	0	0	0	0	0	0	0	0	2			^Awesome chest grapple, sternum cracks.
grapple	chest	9	55	prone	0	16	0	0	0	0	0	0	0	0	3			^Huge grapple, chest gives slightly, several ribs snap.
grapple	abdomen	1	5		0	0	0	0	0	0	0	0	0	0	0			^Attempt to snare hips shaken loose.
grapple	abdomen	2	10		0	1	0	0	0	0	0	0	0	0	0			^Blow to the diaphragm.
grapple	abdomen	3	15	prone	0	3	0	0	0	0	0	0	0	0	1			^Solid abdomen grapple, stomach bruised.
grapple	abdomen	4	20	prone	0	5	0	0	0	0	0	0	0	0	1			^Hard shove to the midriff staggers .*?.
grapple	abdomen	5	25	prone	0	7	0	0	0	0	0	0	0	0	1			^Hard blow to stomach knocks .*? back and winds .*?.
grapple	abdomen	6	30		0	11	0	0	0	0	0	0	0	0	1			^Blow to the stomach makes .*? gasp for air.
grapple	abdomen	7	35	prone	0	12	0	0	0	0	0	0	0	0	2			^.*? (?:takes a hard fall from being|thrown down hard), cracking .*? hip.
grapple	abdomen	8	40		0	14	0	0	0	0	0	0	0	0	2			^Fierce grapple injures internal organs.
grapple	abdomen	9	45	prone	0	16	0	0	0	0	0	0	0	0	3			^Internal organs crushed.
grapple	back	1	5		0	0	0	0	0	0	0	0	0	0	0			^Attempt to grab from behind shrugged off.
grapple	back	2	10		0	1	0	0	0	0	0	0	0	0	0			^Blow to the kidneys.
grapple	back	3	15	prone	0	3	0	0	0	0	0	0	0	0	1			^Solid grapple to the back, back muscles pulled.
grapple	back	4	20	prone	0	5	0	0	0	0	0	0	0	0	1			^Hard shove to the back staggers .*?.
grapple	back	5	25	prone	0	7	0	0	0	0	0	0	0	0	1			^Hard blow to back sends .*? sprawling.
grapple	back	6	30	prone	0	9	0	0	0	0	0	0	0	0	1			^Hard maneuver throws .*? to the ground.
grapple	back	7	35	prone	0	12	0	0	0	0	0	0	0	0	2			^Vertebrae snap in succession.
grapple	back	8	40		0	14	0	0	0	0	0	0	0	0	2			^Wicked grapple of the back, followed by the snapping of vertebrae.
grapple	back	9	45	prone	0	16	0	0	0	0	0	0	0	0	3			^Grapple to the back crushes several useful bones.
grapple	left_arm	1	5		0	0	0	0	0	0	0	0	0	0	0			^Loose arm hold.
grapple	left_arm	2	10		0	1	0	0	0	0	0	0	0	0	0			^Arm lock.
grapple	left_arm	3	15	prone	0	2	0	0	0	0	0	0	0	0	0			^Hard pull to the arm throws .*? off balance.
grapple	left_arm	4	20	prone	0	3	0	0	0	0	0	0	0	0	1			^Fierce arm lock twists a .*? left arm.
grapple	left_arm	5	25	prone	0	4	0	0	0	0	0	0	0	0	1			^Solid arm grapple, pulls muscles to their limits.
grapple	left_arm	6	30	prone	0	5	0	0	0	0	0	0	0	0	1			^Arm twists painfully behind the back as .*? is thrown forward.
grapple	left_arm	7	35	prone	0	6	0	0	0	0	0	0	0	0	1			^Grapple pins shield arm, and twists it severely.
grapple	left_arm	8	40		0	8	0	0	0	0	0	0	0	0	2			^Shield arm grappled, twisted until it breaks.
grapple	left_arm	9	50	prone	0	10	1	0	0	0	0	0	0	0	3			^Arm grappled, almost ripped from the socket.
grapple	right_arm	4	20	prone	0	3	0	0	0	0	0	0	0	0	1			^Fierce arm lock twists an? .*? right arm.
grapple	right_arm	7	35	prone	0	6	0	0	0	0	0	0	0	0	1			^Grapple pins weapon arm, and twists it severely.
grapple	right_arm	8	40		0	8	0	0	0	0	0	0	0	0	2			^Weapon arm grappled, twisted until it breaks.
grapple	left_hand	1	5		0	0	0	0	0	0	0	0	0	0	0			^Loose wrist lock.
grapple	left_hand	2	10		0	0	0	0	0	0	0	0	0	0	0			^Solid wrist lock but .*? slips away.
grapple	left_hand	3	15		0	1	0	0	0	0	0	0	0	0	0			^Hard pull to the hand hurts but not much else.
grapple	left_hand	4	20	prone	0	2	0	0	0	0	0	0	0	0	0			^Finger and wrist grappled, twists hand.
grapple	left_hand	5	25	prone	0	3	0	0	0	0	0	0	0	0	1			^Strong wrist lock, tendons strained.
grapple	left_hand	6	30	prone	0	4	0	0	0	0	0	0	0	0	1			^Hand twists painfully behind the back as .*? is thrown forward.
grapple	left_hand	7	35	prone	0	5	0	0	0	0	0	0	0	0	1			^(?:.*? l|L)eft hand (?:is )?wrenched hard as .*? is thrown to the ground.
grapple	left_hand	8	40	prone	0	6	0	0	0	0	0	0	0	0	1			^Fingers dislocated and snap like twigs.
grapple	left_hand	9	45	prone	0	7	0	0	0	0	0	0	0	0	2			^Hand crushed by massive grapple, that had to hurt.
grapple	right_hand	7	35	prone	0	5	0	0	0	0	0	0	0	0	1			^(?:.*? r|R)ight hand (?:is )?wrenched hard as .*? is thrown to the ground.
grapple	left_leg	1	5		0	0	0	0	0	0	0	0	0	0	0			^Slight leg hold.
grapple	left_leg	2	10		0	1	0	0	0	0	0	0	0	0	0			^Leg grapple, twisted ankle but .*? is not knocked down.
grapple	left_leg	3	15	prone	0	3	0	0	0	0	0	0	0	0	1			^Leg sweep keeps .*? feet overhead.
grapple	left_leg	4	20	prone	0	5	0	0	0	0	0	0	0	0	1			^Tough leg grapple followed by a .snap. in the left leg.
grapple	left_leg	5	25	prone	0	7	0	0	0	0	0	0	0	0	1			^Solid leg grapple, pulls muscles to their limits.
grapple	left_leg	6	30	prone	0	9	0	0	0	0	0	0	0	0	1			^Leg grappled, knee .pops. audibly.
grapple	left_leg	7	35	prone	0	11	0	0	0	0	0	0	0	0	1			^(?:.*? l|L)eft leg (?:is )?wrenched hard as .*? is thrown to the ground.
grapple	left_leg	8	40	prone	0	13	0	0	0	0	0	0	0	0	2			^Leg grapple snaps left leg in several places
grapple	left_leg	9	55	prone	0	15	0	0	0	0	0	0	0	0	2			^Leg twisted at hideous angle, snaps in several places.
grapple	right_leg	4	20	prone	0	5	0	0	0	0	0	0	0	0	1			^Tough leg grapple followed by a .snap. in the right leg.
grapple	right_leg	7	35	prone	0	11	0	0	0	0	0	0	0	0	1			^(?:.*? r|R)ight leg (?:is )?wrenched hard as .*? is thrown to the ground.
grapple	right_leg	8	40	prone	0	13	0	0	0	0	0	0	0	0	2			^Leg grapple snaps right leg in several places
impact	head	0	0		0	0	0	0	0	0	0	0	0	0	0			^Blow grazes cheek.
impact	head	1	5		0	0	0	0	0	0	0	0	0	0	1			^Brushing blow to temple.
impact	head	2	10		0	1	0	0	0	0	0	0	0	0	2			^Strike to head breaks cheekbone.
impact	head	3	15		0	4	0	0	0	0	0	0	0	0	2			^Nice blow to head.
impact	head	4	20		0	8	0	0	0	0	0	0	0	0	3			^Good blow to head.
impact	head	5	25		1	0	0	0	0	0	0	0	0	0	3			^Strong shot to head messes up brain fatally.
impact	head	6	30		1	0	0	0	0	0	0	0	0	0	3			^Hard blow to temple scrambles brain.
impact	head	7	35		1	0	0	0	0	0	0	0	0	0	3			^Massive blow to temple drops .*? in .*? tracks.
impact	head	8	45		1	0	0	0	0	0	0	0	0	0	3			^Strike to temple cracks skull open.
impact	head	9	50		1	0	0	0	0	0	0	0	0	0	3			^Blow to head removes skull.
impact	neck	0	0		0	0	0	0	0	0	0	0	0	0	0			^Blow just brushes neck.
impact	neck	1	2		0	0	0	0	0	0	0	0	0	0	1			^Blow grazes neck lightly.
impact	neck	2	5		0	1	0	0	0	0	0	0	0	0	2			^Blow to neck tears tissue.
impact	neck	3	15		0	3	0	0	0	0	0	0	0	0	3			^Nice blow to neck.
impact	neck	4	12		0	6	0	0	0	0	0	0	0	0	3			^Good blow to neck.
impact	neck	5	15		1	0	0	0	0	0	0	0	0	0	3			^Strong blow breaks neck.
impact	neck	6	20		1	0	0	0	0	0	0	0	0	0	3			^Hard blow to neck loosens head on shoulders.
impact	neck	7	25		1	0	0	0	0	0	0	0	0	0	3			^Massive blow to neck snaps it.
impact	neck	8	30		1	0	0	0	0	0	0	0	0	0	3			^Blow shatters bones in .*? neck leaving .*? head hanging loosely.
impact	neck	9	40		1	0	0	0	0	0	0	0	0	0	3			^Strike to .*? throat removes it.
impact	left_eye	0	0		0	0	0	0	0	0	0	0	0	0	0			^Strike catches eyebrow narrowly missing left eye.
impact	left_eye	1	1		0	0	0	0	0	0	0	0	0	0	1			^Strike hits close to the left eye.
impact	left_eye	2	3		0	1	0	0	0	0	0	0	0	0	1			^Blow connects right below left eye.
impact	left_eye	3	5		0	3	0	0	0	0	0	0	0	0	2			^Glancing blow to left eye scratches cornea.
impact	left_eye	4	10		0	5	0	0	0	0	0	0	0	0	2			^Blow to the eye swells it shut.
impact	left_eye	5	15		0	10	0	0	0	0	0	0	0	0	3			^Blow to left eye destroys it.
impact	left_eye	6	20		0	12	0	0	0	0	0	0	0	0	3			^Hard strike to left eye pops it.
impact	left_eye	7	40		1	0	0	0	0	0	0	0	0	0	3	head	3	^Massive blow to left eye sending bone back into the brain.
impact	left_eye	8	45		0	16	0	0	0	0	0	0	0	0	3			^Poke to the left eye continues into the brain.
impact	left_eye	9	50		1	0	0	0	0	0	0	0	0	0	3	head	3	^Hard strike removes the left eye and a goodly bit of skull.
impact	right_eye	0	0		0	0	0	0	0	0	0	0	0	0	0			^Strike catches eyebrow narrowly missing right eye.
impact	right_eye	1	1		0	0	0	0	0	0	0	0	0	0	1			^Strike hits close to the right eye.
impact	right_eye	2	3		0	1	0	0	0	0	0	0	0	0	1			^Blow connects right below right eye.
impact	right_eye	3	5		0	3	0	0	0	0	0	0	0	0	2			^Glancing blow to right eye scratches cornea.
impact	right_eye	5	15		0	10	0	0	0	0	0	0	0	0	3			^Blow to right eye destroys it.
impact	right_eye	6	20		0	12	0	0	0	0	0	0	0	0	3			^Hard strike to right eye pops it.
impact	right_eye	7	40		1	0	0	0	0	0	0	0	0	0	3	head	3	^Massive blow to right eye sending bone back into the brain.
impact	right_eye	8	45		1	0	0	0	0	0	0	0	0	0	3	head	3	^Poke to the right eye continues into the brain.
impact	right_eye	9	50		1	0	0	0	0	0	0	0	0	0	3	head	3	^Hard strike removes the right eye and a goodly bit of skull.
impact	chest	0	0		0	0	0	0	0	0	0	0	0	0	0			^Strike connects lightly with chest.
impact	chest	1	3		0	0	0	0	0	0	0	0	0	0	1			^Light strike to chest.
impact	chest	2	5		0	0	0	0	0	0	0	0	0	0	1			^Strike glances off the chest.
impact	chest	3	15		0	1	0	0	0	0	0	0	0	0	1			^Nice blow to chest.
impact	chest	4	20		0	3	0	0	0	0	0	0	0	0	2			^Good blow to chest.
impact	chest	5	25		0	5	0	0	0	0	0	0	0	0	2			^Strong blow to chest.
impact	chest	6	35		0	6	0	0	0	0	0	0	0	0	3			^Hard blow to chest breaking ribs.
impact	chest	7	50		0	8	0	0	0	0	0	0	0	0	3			^Massive blow to chest collapses sternum.
impact	chest	8	60		0	10	0	0	0	0	0	0	0	0	3			^Blow to chest frees a rib to spear a lung and heart.
impact	chest	9	70		1	0	0	0	0	0	0	0	0	0	3			^Strike to chest causes a large gaping hole.
impact	abdomen	0	0		0	0	0	0	0	0	0	0	0	0	0			^Pathetic attack to the abdomen.
impact	abdomen	1	5		0	0	0	0	0	0	0	0	0	0	1			^Blow connects with abdomen.
impact	abdomen	2	10		0	0	0	0	0	0	0	0	0	0	1			^Light strike to abdomen.
impact	abdomen	3	15		0	1	0	0	0	0	0	0	0	0	2			^Nice blow to abdomen.
impact	abdomen	4	20		0	3	0	0	0	0	0	0	0	0	2			^Good blow to the abdomen.
impact	abdomen	5	25		0	5	0	0	0	0	0	0	0	0	2			^Strong blow to abdomen.
impact	abdomen	6	35		0	6	0	0	0	0	0	0	0	0	3			^Hard blow to abdomen looks painful.
impact	abdomen	7	50		0	8	0	0	0	0	0	0	0	0	3			^Massive blow to abdomen.
impact	abdomen	8	60		1	0	0	0	0	0	0	0	0	0	3			^Strike to abdomen ruptures internal organs.
impact	abdomen	9	70		1	0	0	0	0	0	0	0	0	0	3			^Blow to abdomen breaks .*? almost in two.
impact	back	0	0		0	0	0	0	0	0	0	0	0	0	0			^Strike brushes back.
impact	back	1	5		0	0	0	0	0	0	0	0	0	0	1			^Blow to back connects lightly.
impact	back	2	10		0	0	0	0	0	0	0	0	0	0	1			^Light blow to back.
impact	back	3	15		0	1	0	0	0	0	0	0	0	0	1			^Nice blow to back.
impact	back	4	20		0	3	0	0	0	0	0	0	0	0	2			^Good blow to back.
impact	back	5	25		0	5	0	0	0	0	0	0	0	0	2			^Strong blow to back.
impact	back	6	35		0	6	0	0	0	0	0	0	0	0	3			^Hard blow to .*? back causes .*? to cry out in pain.
impact	back	7	50	prone	0	8	0	0	0	0	0	0	0	0	3			^Massive blow to back separates vertebrae.
impact	back	8	60		1	0	0	0	0	0	0	0	0	0	3	nerves	3	^Blow to back crushes spinal column.
impact	back	9	70		1	0	0	0	0	0	0	0	0	0	3	nerves	3	^Blow to back removes the spinal column.
impact	left_arm	0	0		0	0	0	0	0	0	0	0	0	0	0			^Blow reddens skin on the left arm.
impact	left_arm	1	5		0	0	0	0	0	0	0	0	0	0	1			^Blow grazes left arm lightly.
impact	left_arm	2	7		0	0	0	0	0	0	0	0	0	0	1			^Light blow to left arm.
impact	left_arm	3	8		0	1	0	0	0	0	0	0	0	0	1			^Nice blow to left arm.
impact	left_arm	4	10		0	2	0	0	0	0	0	0	0	0	2			^Good blow to left arm.
impact	left_arm	5	15		0	3	0	0	0	0	0	0	0	0	2			^Strong blow to left arm breaks it.
impact	left_arm	6	20		0	5	0	0	0	0	0	0	0	0	2			^Hard strike to left arm breaking tendons and bone.
impact	left_arm	7	25		0	6	1	0	0	0	0	0	0	0	3			^Massive blow removes .*? left forearm at the elbow.
impact	left_arm	8	35		0	8	1	0	0	0	0	0	0	0	3			^Left arm is torn from shoulder.
impact	left_arm	9	40		0	10	1	0	0	0	0	0	0	0	3			^Every bone in the left arm shattered and scattered about.
impact	right_arm	0	0		0	0	0	0	0	0	0	0	0	0	0			^Blow reddens skin on the right arm.
impact	right_arm	1	5		0	0	0	0	0	0	0	0	0	0	1			^Blow grazes right arm lightly.
impact	right_arm	2	7		0	0	0	0	0	0	0	0	0	0	1			^Light blow to right arm.
impact	right_arm	3	8		0	1	0	0	0	0	0	0	0	0	1			^Nice blow to right arm.
impact	right_arm	4	10		0	2	0	0	0	0	0	0	0	0	2			^Good blow to right arm.
impact	right_arm	5	15		0	3	0	0	0	0	0	0	0	0	2			^Strong blow to right arm breaks it.
impact	right_arm	6	20		0	5	0	0	0	0	0	0	0	0	2			^Hard strike to right arm breaking tendons and bone.
impact	right_arm	7	25		0	6	1	0	0	0	0	0	0	0	3			^Massive blow removes .*? right forearm at the elbow.
impact	right_arm	8	35		0	8	1	0	0	0	0	0	0	0	3			^Right arm is torn from shoulder.
impact	right_arm	9	40		0	10	1	0	0	0	0	0	0	0	3			^Every bone in the right arm shattered and scattered about.
impact	left_hand	0	0		0	0	0	0	0	0	0	0	0	0	0			^Fingernail chipped on left hand.
impact	left_hand	1	1		0	0	0	0	0	0	0	0	0	0	1			^Stubs left hand finger.
impact	left_hand	2	3		0	0	0	0	0	0	0	0	0	0	1			^Brushing blow to left hand.
impact	left_hand	3	5		0	0	0	0	0	0	0	0	0	0	1			^Nice blow to left hand.
impact	left_hand	4	7		0	1	0	0	0	0	0	0	0	0	2			^Good blow to left hand.
impact	left_hand	5	8		0	2	0	0	0	0	0	0	0	0	2			^Strong blow to left hand breaks it.
impact	left_hand	6	10		0	3	0	0	0	0	0	0	0	0	2			^Hard blow to(?: the)? left hand breaking bones.
impact	left_hand	7	15		0	4	1	0	0	0	0	0	0	0	3			^Massive blow to left hand crushing it to pulp.
impact	left_hand	8	25		0	5	1	0	0	0	0	0	0	0	3			^Blow removes .*? left hand neatly.
impact	left_hand	9	30		0	7	1	0	0	0	0	0	0	0	3			^Impact removes the left hand in a spray of red mist.
impact	right_hand	0	0		0	0	0	0	0	0	0	0	0	0	0			^Fingernail chipped on right hand.
impact	right_hand	1	1		0	0	0	0	0	0	0	0	0	0	1			^Stubs right hand finger.
impact	right_hand	2	3		0	0	0	0	0	0	0	0	0	0	1			^Brushing blow to right hand.
impact	right_hand	3	5		0	0	0	0	0	0	0	0	0	0	1			^Nice blow to right hand.
impact	right_hand	4	7		0	1	0	0	0	0	0	0	0	0	2			^Good blow to right hand.
impact	right_hand	5	8		0	2	0	0	0	0	0	0	0	0	2			^Strong blow to right hand breaks it.
impact	right_hand	6	10		0	3	0	0	0	0	0	0	0	0	2			^Hard blow to right hand breaking bones.
impact	right_hand	7	15		0	4	1	0	0	0	0	0	0	0	3			^Massive blow to right hand crushing it to pulp.
impact	right_hand	8	25		0	5	1	0	0	0	0	0	0	0	3			^Blow removes .*? right hand neatly.
impact	right_hand	9	30		0	7	1	0	0	0	0	0	0	0	3			^Impact removes the right hand in a spray of red mist.
impact	left_leg	0	0		0	0	0	0	0	0	0	0	0	0	0			^Blow bounces off the left leg.
impact	left_leg	1	7		0	0	0	0	0	0	0	0	0	0	1			^Blow grazes left leg.
impact	left_leg	2	10		0	0	0	0	0	0	0	0	0	0	1			^Light blow to left leg.
impact	left_leg	3	15		0	1	0	0	0	0	0	0	0	0	1			^Nice blow to left leg.
impact	left_leg	4	17		0	3	0	0	0	0	0	0	0	0	2			^Good blow to left leg.
impact	left_leg	5	20	prone	0	5	0	0	0	0	0	0	0	0	2			^Strong blow to left leg breaks it.
impact	left_leg	6	25	prone	0	6	0	0	0	0	0	0	0	0	2			^Hard strike to left leg breaking tendons and bone.
impact	left_leg	7	30	prone	0	8	1	0	0	0	0	0	0	0	3			^Massive blow removes .*? left foot.
impact	left_leg	8	40	prone	0	10	1	0	0	0	0	0	0	0	3			^Blow to leg severs the Achilles tendon along with the rest of the leg.
impact	left_leg	9	45	prone	0	12	1	0	0	0	0	0	0	0	3			^Left leg collapses as the bones turn to dust.
impact	right_leg	0	0		0	0	0	0	0	0	0	0	0	0	0			^Blow bounces off the right leg.
impact	right_leg	1	7		0	0	0	0	0	0	0	0	0	0	1			^Blow grazes right leg.
impact	right_leg	2	10		0	0	0	0	0	0	0	0	0	0	1			^Light blow to right leg.
impact	right_leg	3	15		0	1	0	0	0	0	0	0	0	0	1			^Nice blow to right leg.
impact	right_leg	4	17		0	3	0	0	0	0	0	0	0	0	2			^Good blow to right leg.
impact	right_leg	5	20	prone	0	5	0	0	0	0	0	0	0	0	2			^Strong blow to right leg breaks it.
impact	right_leg	6	25	prone	0	6	0	0	0	0	0	0	0	0	2			^Hard strike to right leg breaking tendons and bone.
impact	right_leg	7	30	prone	0	8	1	0	0	0	0	0	0	0	3			^Massive blow removes .*? right foot.
impact	right_leg	9	45	prone	0	12	1	0	0	0	0	0	0	0	3			^Right leg collapses as the bones turn to dust.
lightning	head	0	0		0	0	0	0	0	0	0	0	0	0	0			^Hair stands on end.
lightning	head	1	5		0	0	0	0	0	0	0	0	0	0	1			^Light shock to head.
lightning	head	2	15		0	1	0	0	0	0	0	0	0	0	1			^Shocking jolt to forehead.
lightning	head	3	15		0	4	0	0	0	0	0	0	0	0	2			^Nasty shock to the head.
lightning	head	4	20		0	8	0	0	0	0	0	0	0	0	2			^Painfully bright jolt to head leaves ears glowing.
lightning	head	5	25		0	10	0	0	0	0	0	0	0	0	3			^Horrid jolt to forehead amplifies brain waves.
lightning	head	6	30		1	0	0	0	0	0	0	0	0	0	3			^Horrifying jolt to forehead.
lightning	head	7	35		1	0	0	0	0	0	0	0	0	0	3			^Spectacular arc of electricity enters one ear and comes out the other.
lightning	head	8	40		1	0	0	0	0	0	0	0	0	0	3			^Massive electrical shock turns head into shark bait.
lightning	head	9	50		1	0	0	0	0	0	0	0	0	0	3			^Horrifying electrical shock converts head into blood\-stained glass.
lightning	neck	0	0		0	0	0	0	0	0	0	0	0	0	0			^Tiny sparks around neck.
lightning	neck	1	2		0	0	0	0	0	0	0	0	0	0	1			^Light shock to neck.
lightning	neck	2	5		0	1	0	0	0	0	0	0	0	0	1			^Shocking jolt to neck.
lightning	neck	3	10		0	3	0	0	0	0	0	0	0	0	2			^Nasty shock to the neck.
lightning	neck	4	12		0	4	0	0	0	0	0	0	0	0	2			^Painfully bright jolt to neck explodes surrounding skin.
lightning	neck	5	15		0	8	0	0	0	0	0	0	0	0	3			^Horrid jolt to neck explodes vocal cords.
lightning	neck	6	20		1	0	0	0	0	0	0	0	0	0	3			^Terrible shock to neck fuses larynx shut.
lightning	neck	7	25		1	0	0	0	0	0	0	0	0	0	3			^Explosive bolt of electricity vaporized neck.
lightning	neck	8	30		1	0	0	0	0	0	0	0	0	0	3			^Arcing bolt of electricity snaps through neck as if it wasn't there and now it really isn't.
lightning	neck	9	40		1	0	0	0	0	0	0	0	0	0	3			^Surprisingly large electrical arc destroys neck and moves up around head making a flashy halo.
lightning	left_eye	0	0		0	0	0	0	0	0	0	0	0	0	0			^Tiny sparks around left eye.
lightning	left_eye	1	1		0	0	0	0	0	0	0	0	0	0	1			^Light shock to left eye.
lightning	left_eye	2	3		0	0	0	0	0	0	0	0	0	0	1			^Heavy spark to left eye causes tears and redness.
lightning	left_eye	3	5		0	3	0	0	0	0	0	0	0	0	2			^Nasty jolt to left eye causes eyelid to split.
lightning	left_eye	4	10		0	5	0	0	0	0	0	0	0	0	2			^Heavy shock to left eye bursts a few blood vessels.
lightning	left_eye	5	20		0	10	0	0	0	0	0	0	0	0	3			^Heavy jolt to left eye severs optic nerve.
lightning	left_eye	6	30		1	0	0	0	0	0	0	0	0	0	3	head	3	^Great bolt of electricity pierces left eye and fries brain till dead.
lightning	left_eye	7	40		1	0	0	0	0	0	0	0	0	0	3	head	3	^Left eye socket explodes in a dazzling array of multi\-colored sparks.
lightning	left_eye	8	45		1	0	0	0	0	0	0	0	0	0	3	head	3	^Sudden blast of electricity sends left eye flying to the ground.
lightning	left_eye	9	50		1	0	0	0	0	0	0	0	0	0	3	head	3	^Immense electrical bolt finds left eye the perfect conductor to ground out in.
lightning	right_eye	0	0		0	0	0	0	0	0	0	0	0	0	0			^Tiny sparks around right eye.
lightning	right_eye	1	1		0	0	0	0	0	0	0	0	0	0	1			^Light shock to right eye.
lightning	right_eye	2	3		0	0	0	0	0	0	0	0	0	0	1			^Heavy spark to right eye causes tears and redness.
lightning	right_eye	3	5		0	3	0	0	0	0	0	0	0	0	2			^Nasty jolt to right eye causes eyelid to split.
lightning	right_eye	4	10		0	5	0	0	0	0	0	0	0	0	2			^Heavy shock to right eye bursts a few blood vessels.
lightning	right_eye	5	20		0	10	0	0	0	0	0	0	0	0	3			^Heavy jolt to right eye chars the optic nerve.
lightning	right_eye	6	30		1	0	0	0	0	0	0	0	0	0	3	head	3	^Great bolt of electricity pierces right eye and fries brain till dead.
lightning	right_eye	7	40		1	0	0	0	0	0	0	0	0	0	3	head	3	^Right eye socket explodes in a dazzling array of multi\-colored sparks.
lightning	right_eye	8	45		1	0	0	0	0	0	0	0	0	0	3	head	3	^Sudden blast of electricity sends right eye flying to the ground.
lightning	right_eye	9	50		1	0	0	0	0	0	0	0	0	0	3	head	3	^Immense electrical bolt finds right eye the perfect conductor to ground out in.
lightning	chest	0	0		0	0	0	0	0	0	0	0	0	0	0			^Tiny sparks around chest.
lightning	chest	1	5		0	0	0	0	0	0	0	0	0	0	1			^Light shock to chest.
lightning	chest	2	10		0	0	0	0	0	0	0	0	0	0	1			^Heavy spark to chest.
lightning	chest	3	15		0	1	0	0	0	0	0	0	0	0	1			^Heavy shock to chest illuminates ribcage.
lightning	chest	4	20		0	3	0	0	0	0	0	0	0	0	1			^Nasty jolt to chest causes heart to skip a beat.
lightning	chest	5	25		0	5	0	0	0	0	0	0	0	0	2			^Heavy jolt to chest causes solar plexus to explode.
lightning	chest	6	30		0	6	0	0	0	0	0	0	0	0	2			^Horrid jolt of electricity shatters ribs in a sickening flash of light.
lightning	chest	7	50		0	8	0	0	0	0	0	0	0	0	3			^Massive electrical shock to chest tears through muscle tissue.
lightning	chest	8	60		0	10	0	0	0	0	0	0	0	0	3			^Horrifying jolt of electricity fries chest to a crisp.
lightning	chest	9	70		1	0	0	0	0	0	0	0	0	0	3			^Horrifying bolt of electricity turns chest into a smoking pulp of flesh.
lightning	abdomen	0	0		0	0	0	0	0	0	0	0	0	0	0			^Tiny sparks dance around belly.
lightning	abdomen	1	5		0	0	0	0	0	0	0	0	0	0	1			^Light shock to abdomen.
lightning	abdomen	2	10		0	0	0	0	0	0	0	0	0	0	1			^Heavy spark to abdomen.
lightning	abdomen	3	15		0	1	0	0	0	0	0	0	0	0	1			^Heavy shock to abdomen blackens skin.
lightning	abdomen	4	20		0	3	0	0	0	0	0	0	0	0	2			^Nasty jolt to abdomen makes .*? stomach turn.
lightning	abdomen	5	25		0	5	0	0	0	0	0	0	0	0	2			^Heavy jolt to abdomen causes skin to break open exposing liver.
lightning	abdomen	6	30		0	6	0	0	0	0	0	0	0	0	2			^Horrid jolt of electricity illuminates kidneys.
lightning	abdomen	7	50		0	8	0	0	0	0	0	0	0	0	3			^Massive electrical shock to abdomen turns muscle tissue into a crispy bubbled mess.
lightning	abdomen	8	60		1	0	0	0	0	0	0	0	0	0	3			^Horrifying jolt of electricity fries abdomen to a crisp.
lightning	abdomen	9	70		1	0	0	0	0	0	0	0	0	0	3			^Horrifying bolt of electricity crystalizes abdominal area.
lightning	back	0	0		0	0	0	0	0	0	0	0	0	0	0			^Static discharge to back.
lightning	back	1	5		0	0	0	0	0	0	0	0	0	0	1			^Light shock to back.
lightning	back	2	10		0	1	0	0	0	0	0	0	0	0	1			^Heavy spark to back.
lightning	back	3	15		0	2	0	0	0	0	0	0	0	0	1			^Arcing strand of electricity jolts across .*? back.
lightning	back	4	20		0	3	0	0	0	0	0	0	0	0	2			^Nasty jolt to back fuses a few vertebrae.
lightning	back	5	25		0	5	0	0	0	0	0	0	0	0	2			^Heavy jolt to back shoots up spine.
lightning	back	6	30		0	6	0	0	0	0	0	0	0	0	3			^Horrid jolt of electricity smokes a shoulder blade.
lightning	back	7	50		0	8	0	0	0	0	0	0	0	0	3			^Massive electrical shock to back.
lightning	back	8	60		1	0	0	0	0	0	0	0	0	0	3	nerves	3	^Terrifying electrical arc destroys spinal column one vertebra at a time.
lightning	back	9	70		1	0	0	0	0	0	0	0	0	0	3	nerves	3	^Massive electrical bolt burns a hole through the back and kidneys.?
lightning	left_arm	0	0		0	0	0	0	0	0	0	0	0	0	0			^Static discharge to left arm.
lightning	left_arm	1	3		0	0	0	0	0	0	0	0	0	0	1			^Light shock to left arm.
lightning	left_arm	2	7		0	0	0	0	0	0	0	0	0	0	1			^Heavy spark to left arm.
lightning	left_arm	3	8		0	1	0	0	0	0	0	0	0	0	1			^Visible wisps of electricity shoot up left arm.
lightning	left_arm	4	10		0	2	0	0	0	0	0	0	0	0	2			^Heavy shock to left arm numbs elbow.
lightning	left_arm	5	15		0	3	0	0	0	0	0	0	0	0	2			^Nasty shock to left arm stiffens joints.
lightning	left_arm	6	20		0	5	0	0	0	0	0	0	0	0	2			^Stunning arc of electricity fuses left arm at elbow.
lightning	left_arm	7	25		0	6	1	0	0	0	0	0	0	0	3			^Massive electrical shock to the left arm destroys flesh.
lightning	left_arm	8	35		0	9	1	0	0	0	0	0	0	0	3			^Arcing bolt of electricity galvanizes left arm to elbow.
lightning	left_arm	9	40		0	10	1	0	0	0	0	0	0	0	3			^Hideously bright electrical bolt sends left arm into another universe.
lightning	right_arm	0	0		0	0	0	0	0	0	0	0	0	0	0			^Static discharge to right arm.
lightning	right_arm	1	3		0	0	0	0	0	0	0	0	0	0	1			^Light shock to right arm.
lightning	right_arm	2	7		0	0	0	0	0	0	0	0	0	0	1			^Heavy spark to right arm.
lightning	right_arm	3	8		0	1	0	0	0	0	0	0	0	0	1			^Visible wisps of electricity shoot up right arm.
lightning	right_arm	4	10		0	2	0	0	0	0	0	0	0	0	2			^Heavy shock to right arm numbs elbow.
lightning	right_arm	5	15		0	3	0	0	0	0	0	0	0	0	2			^Nasty shock to right arm stiffens joints.
lightning	right_arm	6	20		0	5	0	0	0	0	0	0	0	0	2			^Stunning arc of electricity fuses right arm at elbow.
lightning	right_arm	7	25		0	6	1	0	0	0	0	0	0	0	3			^Massive electrical shock to the right arm destroys flesh.
lightning	right_arm	8	35		0	8	1	0	0	0	0	0	0	0	3			^Arcing bolt of electricity galvanizes right arm to elbow.
lightning	right_arm	9	40		0	10	1	0	0	0	0	0	0	0	3			^Hideously bright electrical bolt sends right arm into another universe.
lightning	left_hand	0	0		0	0	0	0	0	0	0	0	0	0	0			^Static discharge to left hand.
lightning	left_hand	1	1		0	0	0	0	0	0	0	0	0	0	1			^Light shock to left hand.
lightning	left_hand	2	3		0	0	0	0	0	0	0	0	0	0	1			^Heavy spark to left hand.
lightning	left_hand	3	5		0	0	0	0	0	0	0	0	0	0	1			^Shocking jolt to left hand stiffens skin around knuckles.
lightning	left_hand	4	7		0	1	0	0	0	0	0	0	0	0	2			^Heavy shock to left hand.
lightning	left_hand	5	8		0	2	0	0	0	0	0	0	0	0	2			^Nasty shock to left hand stiffens fingers.
lightning	left_hand	6	10		0	3	0	0	0	0	0	0	0	0	2			^Stunning arc of electricity fuses left hand at wrist.
lightning	left_hand	7	15		0	3	1	0	0	0	0	0	0	0	3			^Massive electrical shock to the left hand destroys flesh.
lightning	left_hand	8	25		0	5	1	0	0	0	0	0	0	0	3			^Arcing bolt of electricity galvanizes left hand to elbow.
lightning	left_hand	9	30		0	6	1	0	0	0	0	0	0	0	3			^Hideously bright electrical bolt sends left hand into another universe.
lightning	right_hand	0	0		0	0	0	0	0	0	0	0	0	0	0			^Static discharge to right hand.
lightning	right_hand	1	1		0	0	0	0	0	0	0	0	0	0	1			^Light shock to right hand.
lightning	right_hand	2	3		0	0	0	0	0	0	0	0	0	0	1			^Heavy spark to right hand.
lightning	right_hand	3	5		0	0	0	0	0	0	0	0	0	0	1			^Shocking jolt to right hand stiffens skin around knuckles.
lightning	right_hand	4	7		0	1	0	0	0	0	0	0	0	0	2			^Heavy shock to right hand.
lightning	right_hand	5	8		0	2	0	0	0	0	0	0	0	0	2			^Nasty shock to right hand stiffens fingers.
lightning	right_hand	6	10		0	3	0	0	0	0	0	0	0	0	2			^Stunning arc of electricity fuses right hand at wrist.
lightning	right_hand	7	15		0	3	1	0	0	0	0	0	0	0	3			^Massive electrical shock to the right hand destroys flesh.
lightning	right_hand	8	25		0	5	1	0	0	0	0	0	0	0	3			^Arcing bolt of electricity galvanizes right hand to elbow.
lightning	right_hand	9	30		0	6	1	0	0	0	0	0	0	0	3			^Hideously bright electrical bolt sends right hand into another universe.
lightning	left_leg	0	0		0	0	0	0	0	0	0	0	0	0	0			^Static discharge to left leg.
lightning	left_leg	1	5		0	0	0	0	0	0	0	0	0	0	1			^Light shock to left leg.
lightning	left_leg	2	10		0	0	0	0	0	0	0	0	0	0	1			^Heavy spark to left leg.
lightning	left_leg	3	15		0	1	0	0	0	0	0	0	0	0	1			^Visible wisps of electricity shoot up left leg.
lightning	left_leg	4	17		0	3	0	0	0	0	0	0	0	0	2			^Heavy shock to left leg.
lightning	left_leg	5	20		0	5	0	0	0	0	0	0	0	0	2			^Nasty shock to left leg stiffens joints.
lightning	left_leg	6	25	prone	0	6	0	0	0	0	0	0	0	0	2			^Stunning arc of electricity fuses left leg at knee.
lightning	left_leg	7	30	prone	0	8	1	0	0	0	0	0	0	0	3			^Massive electrical shock to the left leg destroys flesh.
lightning	left_leg	8	40	prone	0	10	1	0	0	0	0	0	0	0	3			^Arcing bolt of electricity galvanizes left leg to knee joint.
lightning	left_leg	9	45	prone	0	7	1	0	0	0	0	0	0	0	3			^Hideously bright electrical bolt sends left leg into another universe.
lightning	right_leg	0	0		0	0	0	0	0	0	0	0	0	0	0			^Static discharge to right leg.
lightning	right_leg	1	5		0	0	0	0	0	0	0	0	0	0	1			^Light shock to right leg.
lightning	right_leg	2	10		0	0	0	0	0	0	0	0	0	0	1			^Heavy spark to right leg.
lightning	right_leg	3	15		0	1	0	0	0	0	0	0	0	0	1			^Visible wisps of electricity shoot up right leg.
lightning	right_leg	4	17		0	3	0	0	0	0	0	0	0	0	2			^Heavy shock to right leg.
lightning	right_leg	5	20	prone	0	5	0	0	0	0	0	0	0	0	2			^Nasty shock to right leg stiffens joints.
lightning	right_leg	6	25	prone	0	6	0	0	0	0	0	0	0	0	2			^Stunning arc of electricity fuses right leg at knee.
lightning	right_leg	7	30	prone	0	8	1	0	0	0	0	0	0	0	3			^Massive electrical shock to the right leg destroys flesh.
lightning	right_leg	8	40	prone	0	10	1	0	0	0	0	0	0	0	3			^Arcing bolt of electricity galvanizes right leg to knee joint.
lightning	right_leg	9	45	prone	0	12	1	0	0	0	0	0	0	0	3			^Hideously bright electrical bolt sends right leg into another universe.
lightning	nerves	1	5		0	1	0	0	0	0	0	0	0	0	1			^Mild electric(?:al)? jolt sends .*? into spasms.
lightning	nerves	2	10		0	2	0	0	0	0	0	0	0	0	2			^Electric shot gives .*? a really bad cramp.
lightning	nerves	3	15		0	4	0	0	0	0	0	0	0	0	2			^Hard jolt knocks .*? back on .*? heels.
lightning	nerves	4	20	prone	0	7	0	0	0	0	0	0	0	0	3			^Heavy shock gives .*? fits.
lightning	nerves	5	30		1	0	0	0	0	0	0	0	0	0	3			^Electric blast goes right to the heart.  Fibrillation can be fun.
lightning	nerves	6	50		1	0	0	0	0	0	0	0	0	0	3			^Electrical charge toasts .*?.
lightning	nerves	7	50		1	0	0	0	0	0	0	0	0	0	3			^Powerful blast reduces .*? to a smoldering pile of ash.
lightning	nerves	8	60		1	0	0	0	0	0	0	0	0	0	3	neck	3	^Electric shock causes a strong enough convulsion to snap .*? neck.
lightning	nerves	9	70		1	0	0	0	0	0	0	0	0	0	3			^Massive shock totally burns out the nervous system.
non_corporeal	head	0	0		0	0	0	0	0	0	0	0	0	0	0			^Light tap to .*? head ruffles .*? appearance.
non_corporeal	head	1	0		0	0	0	0	0	0	0	0	0	0	0			^Quick blow to the head.
non_corporeal	head	2	0		0	0	0	0	0	0	0	0	0	0	0			^Light strike to .*? head.
non_corporeal	head	3	0		0	0	0	0	0	0	0	0	0	0	0			^Top of the head momentarily flattened.
non_corporeal	head	4	0		0	0	0	0	0	0	0	0	0	0	0			^Swift strike would have hit more than an ear, if only it were there.
non_corporeal	head	5	0		0	0	0	0	0	0	0	0	0	0	0			^.*? head wavers as (?:your|the) attack passes right through it.
non_corporeal	head	6	0		0	0	0	0	0	0	0	0	0	0	0			^Strong blow to the head.
non_corporeal	head	7	0		0	0	0	0	0	0	0	0	0	0	0			^Your attack whistles right through .*? face.
non_corporeal	head	8	0		0	0	0	0	0	0	0	0	0	0	0			^.*? head is split cleanly in two, but reseals from the neck up.
non_corporeal	head	9	0		0	0	0	0	0	0	0	0	0	0	0			^Head disappears in the breeze as a new one forms on .*? shoulders.
non_corporeal	neck	0	0		0	0	0	0	0	0	0	0	0	0	0			^Light blow to the neck causes even more unpleasant groans and wails.
non_corporeal	neck	1	0		0	0	0	0	0	0	0	0	0	0	0			^Weak blow to neck wouldn't have scared .*? even if it were still alive.
non_corporeal	neck	2	0		0	0	0	0	0	0	0	0	0	0	0			^Ethereal fluids spray forth and quickly vanish into vapor.
non_corporeal	neck	3	0		0	0	0	0	0	0	0	0	0	0	0			^Smoky tendrils rise from (?:.* )?neck as (?:your|the) attack sweeps through.
non_corporeal	neck	4	0		0	0	0	0	0	0	0	0	0	0	0			^Powerful hit to .*? neck leaves trails of vapor in its wake.
non_corporeal	neck	5	0		0	0	0	0	0	0	0	0	0	0	0			^To your horror, .*? substance flows around the wound without leaving a trace.
non_corporeal	neck	6	0		0	0	0	0	0	0	0	0	0	0	0			^.*? wails eerily as (?:your|the) blow passes through .*? vocal cords.
non_corporeal	neck	7	0		0	0	0	0	0	0	0	0	0	0	0			^Vicious blow to neck might have been fatal a few centuries ago.
non_corporeal	neck	8	0		0	0	0	0	0	0	0	0	0	0	0			^The head floats up and settles back in place as easily as a hat.
non_corporeal	neck	9	0		0	0	0	0	0	0	0	0	0	0	0			^Vapor rushes from the neck following the blow.
non_corporeal	left_eye	0	0		0	0	0	0	0	0	0	0	0	0	0			^.*? blinks as the strike grazes the left eye.
non_corporeal	left_eye	1	0		0	0	0	0	0	0	0	0	0	0	0			^Quick strike to the face.
non_corporeal	left_eye	2	0		0	0	0	0	0	0	0	0	0	0	0			^Nasty strike to the left eye causes it to dim a moment.
non_corporeal	left_eye	3	0		0	0	0	0	0	0	0	0	0	0	0			^Decent shot to the left eye would have blinded a normal foe.
non_corporeal	left_eye	4	0		0	0	0	0	0	0	0	0	0	0	0			^Quick strike sinks deep into the left eye socket.
non_corporeal	left_eye	5	0		0	0	0	0	0	0	0	0	0	0	0			^Hard blow strikes deep into the left eye socket.
non_corporeal	left_eye	6	0		0	0	0	0	0	0	0	0	0	0	0			^Smash to the cheek deforms left eye socket.
non_corporeal	left_eye	7	0		0	0	0	0	0	0	0	0	0	0	0			^Blow to the left eye slides through head.
non_corporeal	left_eye	8	0		0	0	0	0	0	0	0	0	0	0	0			^Hard blast to the side of the left eye.
non_corporeal	left_eye	9	0		0	0	0	0	0	0	0	0	0	0	0			^Surgical strike to the left eye removes the top of the head.
non_corporeal	right_eye	0	0		0	0	0	0	0	0	0	0	0	0	0			^.*? blinks as the strike grazes the right eye.
non_corporeal	right_eye	2	0		0	0	0	0	0	0	0	0	0	0	0			^Nasty strike to the right eye causes it to dim a moment.
non_corporeal	right_eye	3	0		0	0	0	0	0	0	0	0	0	0	0			^Decent shot to the right eye would have blinded a normal foe.
non_corporeal	right_eye	4	0		0	0	0	0	0	0	0	0	0	0	0			^Quick strike sinks deep into the right eye socket.
non_corporeal	right_eye	5	0		0	0	0	0	0	0	0	0	0	0	0			^Hard blow strikes deep into the right eye socket.
non_corporeal	right_eye	6	0		0	0	0	0	0	0	0	0	0	0	0			^Smash to the cheek deforms right eye socket.
non_corporeal	right_eye	7	0		0	0	0	0	0	0	0	0	0	0	0			^Blow to the right eye slides through head.
non_corporeal	right_eye	8	0		0	0	0	0	0	0	0	0	0	0	0			^Hard blast to the side of the right eye.
non_corporeal	right_eye	9	0		0	0	0	0	0	0	0	0	0	0	0			^Surgical strike to the right eye removes the top of the head.
non_corporeal	chest	0	0		0	0	0	0	0	0	0	0	0	0	0			^Did you even connect.
non_corporeal	chest	1	0		0	0	0	0	0	0	0	0	0	0	0			^Weak blow leaves a brief imprint on .*? chest.
non_corporeal	chest	2	0		0	0	0	0	0	0	0	0	0	0	0			^Direct assault cleaves straight through the breastbone.
non_corporeal	chest	3	0		0	0	0	0	0	0	0	0	0	0	0			^.*? fades for a second as the blow passes through the chest.
non_corporeal	chest	4	0		0	0	0	0	0	0	0	0	0	0	0			^Smash to the chest.
non_corporeal	chest	5	0		0	0	0	0	0	0	0	0	0	0	0			^Attack whistles right through the chest.
non_corporeal	chest	6	0		0	0	0	0	0	0	0	0	0	0	0			^Strong hit to the chest.
non_corporeal	chest	7	0		0	0	0	0	0	0	0	0	0	0	0			^Brutal assault cuts a swath through the torso.
non_corporeal	chest	8	0		0	0	0	0	0	0	0	0	0	0	0			^Mighty blow rips through .*? chest, causing .*? to pause as .*? reforms.
non_corporeal	chest	9	0		0	0	0	0	0	0	0	0	0	0	0			^Massive strike to the chest crashes through .*? back in a cloud of vapor.
non_corporeal	abdomen	0	0		0	0	0	0	0	0	0	0	0	0	0			^Half-hearted strike to the midsection.
non_corporeal	abdomen	1	0		0	0	0	0	0	0	0	0	0	0	0			^Quick blow to the belly causes .*? to drift backwards slightly.
non_corporeal	abdomen	2	0		0	0	0	0	0	0	0	0	0	0	0			^Glancing blow to the stomach.
non_corporeal	abdomen	3	0		0	0	0	0	0	0	0	0	0	0	0			^Hit passes right through the midsection.
non_corporeal	abdomen	4	0		0	0	0	0	0	0	0	0	0	0	0			^Strike swipes cleanly through the abdomen, but seals up a moment later.
non_corporeal	abdomen	5	0		0	0	0	0	0	0	0	0	0	0	0			^Massive blow strikes .*? and drives .*? back.
non_corporeal	abdomen	6	0		0	0	0	0	0	0	0	0	0	0	0			^Strong strike splits the belly open, revealing ghostly organs.
non_corporeal	abdomen	7	0		0	0	0	0	0	0	0	0	0	0	0			^Hard strike to the abdomen.
non_corporeal	abdomen	8	0		0	0	0	0	0	0	0	0	0	0	0			^Strike to the abdomen goes right through, leaving misty trails in its wake.
non_corporeal	abdomen	9	0		0	0	0	0	0	0	0	0	0	0	0			^Amazing strike enters one side and exits the other, neatly cutting .*? in half.
non_corporeal	back	0	0		0	0	0	0	0	0	0	0	0	0	0			^Light tap to .*? lower back.
non_corporeal	back	1	0		0	0	0	0	0	0	0	0	0	0	0			^Misjudged timing.
non_corporeal	back	2	0		0	0	0	0	0	0	0	0	0	0	0			^Hard strike connects with .*? back.
non_corporeal	back	3	0		0	0	0	0	0	0	0	0	0	0	0			^Quick strike connects with .*? lower back.
non_corporeal	back	4	0		0	0	0	0	0	0	0	0	0	0	0			^Hard shot to .*? back sends .*? drifting forward.
non_corporeal	back	5	0		0	0	0	0	0	0	0	0	0	0	0			^Deft blow to the spine cuts along the ethereal bones.
non_corporeal	back	6	0		0	0	0	0	0	0	0	0	0	0	0			^Attack whistles right through the lower back encountering little resistance.
non_corporeal	back	7	0		0	0	0	0	0	0	0	0	0	0	0			^Body swirls violently from a strong hit to the back.
non_corporeal	back	8	0		0	0	0	0	0	0	0	0	0	0	0			^Incredible strike to .*? back smashes through the chest.
non_corporeal	back	9	0		0	0	0	0	0	0	0	0	0	0	0			^Amazing shot cleaves the torso in half at the waist.
non_corporeal	left_arm	0	0		0	0	0	0	0	0	0	0	0	0	0			^Ineffectual strike knocks a wisp of ether from .*? left arm.
non_corporeal	left_arm	1	0		0	0	0	0	0	0	0	0	0	0	0			^Glancing blow to the left arm leaves a trail of vapor in its wake.
non_corporeal	left_arm	2	0		0	0	0	0	0	0	0	0	0	0	0			^Large gash to the left arm seals as strike passes through.
non_corporeal	left_arm	3	0		0	0	0	0	0	0	0	0	0	0	0			^Quick strike rips left arm open.
non_corporeal	left_arm	4	0		0	0	0	0	0	0	0	0	0	0	0			^Strong hit rips arm from wrist to elbow.
non_corporeal	left_arm	5	0		0	0	0	0	0	0	0	0	0	0	0			^Left shoulder is ripped from .*? socket,? then wriggles back into place.
non_corporeal	left_arm	6	0		0	0	0	0	0	0	0	0	0	0	0			^Hard strike shatters arm into vapor.
non_corporeal	left_arm	7	0		0	0	0	0	0	0	0	0	0	0	0			^Left arm ripped in half at the elbow.
non_corporeal	left_arm	8	0		0	0	0	0	0	0	0	0	0	0	0			^A massive blow to the left shoulder hoists .*? high into the air.
non_corporeal	left_arm	9	0		0	0	0	0	0	0	0	0	0	0	0			^Huge hit explodes left arm into cold, viscous mist.
non_corporeal	right_arm	0	0		0	0	0	0	0	0	0	0	0	0	0			^Ineffectual strike knocks a wisp of ether from .*? right arm.
non_corporeal	right_arm	1	0		0	0	0	0	0	0	0	0	0	0	0			^Glancing blow to the right arm leaves a trail of vapor in its wake.
non_corporeal	right_arm	2	0		0	0	0	0	0	0	0	0	0	0	0			^Large gash to the right arm seals as strike passes through.
non_corporeal	right_arm	3	0		0	0	0	0	0	0	0	0	0	0	0			^Quick strike rips right arm open.
non_corporeal	right_arm	5	0		0	0	0	0	0	0	0	0	0	0	0			^Right shoulder is ripped from .*? socket,? then wriggles back into place.
non_corporeal	right_arm	7	0		0	0	0	0	0	0	0	0	0	0	0			^Right arm ripped in half at elbow.
non_corporeal	right_arm	8	0		0	0	0	0	0	0	0	0	0	0	0			^A massive blow to the right shoulder hoists .*? high into the air.
non_corporeal	right_arm	9	0		0	0	0	0	0	0	0	0	0	0	0			^Huge hit explodes right arm into cold, viscous mist.
non_corporeal	left_hand	0	0		0	0	0	0	0	0	0	0	0	0	0			^Weak blow to the hand.
non_corporeal	left_hand	1	0		0	0	0	0	0	0	0	0	0	0	0			^A weak slap on the wrist.
non_corporeal	left_hand	2	0		0	0	0	0	0	0	0	0	0	0	0			^Weak attack slips silently through .*? fingers, stirring the breeze.
non_corporeal	left_hand	3	0		0	0	0	0	0	0	0	0	0	0	0			^.*? glares maliciously as the strike slides through .*? left hand.
non_corporeal	left_hand	4	0		0	0	0	0	0	0	0	0	0	0	0			^Hard blow to the left hand sends fingers flying.
non_corporeal	left_hand	5	0		0	0	0	0	0	0	0	0	0	0	0			^A fine blow splits the back of the hand.
non_corporeal	left_hand	6	0		0	0	0	0	0	0	0	0	0	0	0			^.*? hand explodes from the brutal strike.
non_corporeal	left_hand	7	0		0	0	0	0	0	0	0	0	0	0	0			^Strong smash to the left hand.
non_corporeal	left_hand	8	0		0	0	0	0	0	0	0	0	0	0	0			^A strong blow cleaves the left wrist.
non_corporeal	left_hand	9	0		0	0	0	0	0	0	0	0	0	0	0			^A mighty attack shatters the left hand into a thousand fragments.
non_corporeal	right_hand	3	0		0	0	0	0	0	0	0	0	0	0	0			^.*? glares maliciously as the strike slides through .*? right hand.
non_corporeal	right_hand	4	0		0	0	0	0	0	0	0	0	0	0	0			^Hard blow to the right hand sends fingers flying.
non_corporeal	right_hand	7	0		0	0	0	0	0	0	0	0	0	0	0			^Strong smash to the right hand.
non_corporeal	right_hand	8	0		0	0	0	0	0	0	0	0	0	0	0			^A strong blow cleaves the right wrist.
non_corporeal	right_hand	9	0		0	0	0	0	0	0	0	0	0	0	0			^A mighty attack shatters the right hand into a thousand fragments.
non_corporeal	left_leg	0	0		0	0	0	0	0	0	0	0	0	0	0			^A weak tap grazes the left ankle.
non_corporeal	left_leg	1	0		0	0	0	0	0	0	0	0	0	0	0			^Left ankle stung.
non_corporeal	left_leg	2	0		0	0	0	0	0	0	0	0	0	0	0			^Wild attack passes through the left leg, viciously assaulting the air.
non_corporeal	left_leg	3	0		0	0	0	0	0	0	0	0	0	0	0			^A strong blow bursts the left calf open in a spray of vapor.
non_corporeal	left_leg	4	0		0	0	0	0	0	0	0	0	0	0	0			^A fine strike (?:pins|immobilizes) the left leg for an instant.
non_corporeal	left_leg	5	0		0	0	0	0	0	0	0	0	0	0	0			^Quick strike to the left leg.
non_corporeal	left_leg	6	0		0	0	0	0	0	0	0	0	0	0	0			^Strong assault amputates the leg at the knee.
non_corporeal	left_leg	7	0		0	0	0	0	0	0	0	0	0	0	0			^Painful attack flays the leg from thigh to calf.
non_corporeal	left_leg	8	0		0	0	0	0	0	0	0	0	0	0	0			^Massive blow obliterates the left knee.
non_corporeal	left_leg	9	0		0	0	0	0	0	0	0	0	0	0	0			^Huge strike vaporizes the left thigh.
non_corporeal	right_leg	0	0		0	0	0	0	0	0	0	0	0	0	0			^A weak tap grazes the right ankle.
non_corporeal	right_leg	1	0		0	0	0	0	0	0	0	0	0	0	0			^Right ankle stung.
non_corporeal	right_leg	2	0		0	0	0	0	0	0	0	0	0	0	0			^Wild attack passes through the right leg, viciously assaulting the air.
non_corporeal	right_leg	3	0		0	0	0	0	0	0	0	0	0	0	0			^A strong blow bursts the right calf open in a spray of vapor.
non_corporeal	right_leg	4	0		0	0	0	0	0	0	0	0	0	0	0			^A fine strike pins the right leg for an instant.
non_corporeal	right_leg	5	0		0	0	0	0	0	0	0	0	0	0	0			^Quick strike to the right leg.
non_corporeal	right_leg	8	0		0	0	0	0	0	0	0	0	0	0	0			^Massive blow obliterates the right knee.
non_corporeal	right_leg	9	0		0	0	0	0	0	0	0	0	0	0	0			^Huge strike vaporizes the right thigh.
plasma	head	0	0		0	0	0	0	0	0	0	0	0	0	0			^A brilliant burst of energy appears over .*? head, an unhealthy heat.
plasma	head	1	5		0	0	0	0	0	0	0	0	0	0	1			^Light burns to .*? head.
plasma	head	2	10		0	1	0	0	0	0	0	0	0	0	1			^Burst of brilliant energy to head stuns .*? for an instant.
plasma	head	3	15		0	4	0	0	0	0	0	0	0	0	2			^Stunning blast of plasma reduces .*? nose to a blackened stump.
plasma	head	4	20		0	8	0	0	0	0	0	0	0	0	2			^Wreath of energy burns away .*? hair and leaves skin blackened.
plasma	head	5	25		0	10	0	0	0	0	0	0	0	0	3			^Streaking blast of plasma fills .*? mouth searing away the tongue.
plasma	head	6	30		1	0	0	0	0	0	0	0	0	0	3			^Hole drilled clean through .*? forehead, instant ventilation.
plasma	head	7	35		1	0	0	0	0	0	0	0	0	0	3			^Terrifying surge of plasma reduces .*? head to burnt meat.
plasma	head	8	40		1	0	0	0	0	0	0	0	0	0	3			^Slicing arc of plasma slices the top of .*? head off.
plasma	head	9	50		1	0	0	0	0	0	0	0	0	0	3			^Head and most of upper body turned into a smoking pile of gore.
plasma	neck	0	0		0	0	0	0	0	0	0	0	0	0	0			^Blue flames form a shimmering necklace around .*? throat.
plasma	neck	1	5		0	0	0	0	0	0	0	0	0	0	1			^Insignificant burns to .*? neck.
plasma	neck	2	10		0	1	0	0	0	0	0	0	0	0	1			^Plasma strike to neck constricts throat causing .*? to choke.
plasma	neck	3	15		0	3	0	0	0	0	0	0	0	0	2			^Precise burst of energy causes .*? neck to blacken and peel.
plasma	neck	4	20		0	6	0	0	0	0	0	0	0	0	2			^Plasma encircles .*? neck causing skin to shrivel and bleed.
plasma	neck	5	25		1	0	0	0	0	0	0	0	0	0	3			^Crackling blue plasma roasts a smoking hole in .*? neck.
plasma	neck	6	30		1	0	0	0	0	0	0	0	0	0	3			^Intense blast causes .*? carotid arteries to explode.
plasma	neck	7	35		1	0	0	0	0	0	0	0	0	0	3			^Shimmering beam of plasma nearly shears .*? neck in two.
plasma	neck	8	40		1	0	0	0	0	0	0	0	0	0	3			^Powerful lash of plasma travels down neck to .*? heart.
plasma	neck	9	45		1	0	0	0	0	0	0	0	0	0	3			^.*? neck and shoulders blasted away by intense wave of plasma.
plasma	left_eye	0	0		0	0	0	0	0	0	0	0	0	0	0			^.*? blinks away tears from a brilliant flash of light.
plasma	left_eye	1	5		0	1	0	0	0	0	0	0	0	0	1			^Flash burns to eye momentarily blind .*?.
plasma	left_eye	2	10		0	2	0	0	0	0	0	0	0	0	2			^Intense blast to .*? eyelid causes it to sizzle and pop.
plasma	left_eye	3	15		0	3	0	0	0	0	0	0	0	0	2			^Blistering bolt of energy causes .*? eyelid to burn to a crisp.
plasma	left_eye	4	20		0	8	0	0	0	0	0	0	0	0	3			^.*? eye blackens and pops leaving a smoking hole behind.
plasma	left_eye	5	25		0	10	0	0	0	0	0	0	0	0	3			^.*? eye is blown out of socket by powerful bolt of plasma.
plasma	left_eye	6	35		0	12	0	0	0	0	0	0	0	0	3			^Ferocious bolt of plasma tears through .*? eye and fries the brain.
plasma	left_eye	7	40		1	0	0	0	0	0	0	0	0	0	3	head	3	^.*? eye is melted into a bloody mess by a stunning bolt of plasma.
plasma	left_eye	8	45		1	0	0	0	0	0	0	0	0	0	3	head	3	^Explosive blast sears .*? eye away along with most of the face.
plasma	left_eye	9	50		1	0	0	0	0	0	0	0	0	0	3	head	3	^.*? eye bubbles and bursts along with most of the head.
plasma	chest	0	0		0	0	0	0	0	0	0	0	0	0	0			^A blast of hot air pushes .*? back a step.
plasma	chest	1	5		0	0	0	0	0	0	0	0	0	0	1			^Pinpoint strike sears .*? chest.
plasma	chest	2	10		0	0	0	0	0	0	0	0	0	0	1			^Searing bolt of energy strikes .*?, scorching a wide swath of flesh.
plasma	chest	3	15		0	1	0	0	0	0	0	0	0	0	1			^Dazzling arc of energy traces blackened path across .*? chest.
plasma	chest	4	25		0	3	0	0	0	0	0	0	0	0	2			^Glaring burst to .*? chest dances across skin leaving smoking holes.
plasma	chest	5	25		0	5	0	0	0	0	0	0	0	0	2			^A raw, red hole is drilled in .*? chest by a powerful bolt.
plasma	chest	6	45		0	6	0	0	0	0	0	0	0	0	2			^Tremendous plasma discharge slices deep into .*? chest.
plasma	chest	7	50		1	0	0	0	0	0	0	0	0	0	3			^.*? is sliced open neatly by a brilliant beam of plasma.
plasma	chest	8	60		1	0	0	0	0	0	0	0	0	0	3			^.*? lungs superheat forcing plasma up through nose and mouth.
plasma	chest	9	75		1	0	0	0	0	0	0	0	0	0	3			^Explosive burst wreaths .*? body in blue flames.
plasma	abdomen	0	0		0	0	0	0	0	0	0	0	0	0	0			^Plasma burst to stomach gives .*? a bad case of indigestion.
plasma	abdomen	1	5		0	0	0	0	0	0	0	0	0	0	1			^Plasma scalds .*? stomach leaving painful red streaks.
plasma	abdomen	2	10		0	0	0	0	0	0	0	0	0	0	1			^A curling tongue of blue flame sears the skin on .*? stomach.
plasma	abdomen	3	15		0	1	0	0	0	0	0	0	0	0	1			^Superheated arc of plasma traces blackened path across .*? belly.
plasma	abdomen	4	20		0	3	0	0	0	0	0	0	0	0	2			^Skin blasted away leaving exposed and bloody muscle.
plasma	abdomen	5	25		0	5	0	0	0	0	0	0	0	0	2			^Muscle and blood explode from .*? abdomen in a steaming spray.
plasma	abdomen	6	30		0	6	0	0	0	0	0	0	0	0	2			^Powerful blast to .*? abdomen parboils internal organs.
plasma	abdomen	8	60		1	0	0	0	0	0	0	0	0	0	3			^Internal organs roasted instantly in an explosive flash of plasma.
plasma	abdomen	9	75		1	0	0	0	0	0	0	0	0	0	3			^Internal organs boil and explode in a bloody spray.
plasma	back	0	0		0	0	0	0	0	0	0	0	0	0	0			^Blast of heat to .*? back causes muscle spasms.
plasma	back	1	5		0	0	0	0	0	0	0	0	0	0	1			^Searing strike to back causes .*? to grunt in pain.
plasma	back	2	10		0	0	0	0	0	0	0	0	0	0	1			^Powerful burst to .*? back causes excruciating pain.
plasma	back	3	15		0	1	0	0	0	0	0	0	0	0	1			^Dazzling arc of energy traces blackened path across .*? back.
plasma	back	4	20		0	3	0	0	0	0	0	0	0	0	2			^Skin and muscle roasted away leaving the ribs exposed on .*? back.
plasma	back	5	25		0	5	0	0	0	0	0	0	0	0	2			^Skin roasted away from back exposing .*? spinal column.
plasma	back	6	30		0	6	0	0	0	0	0	0	0	0	2			^Vicious beam of energy rips open .*? back.
plasma	back	7	50		0	8	0	0	0	0	0	0	0	0	3			^Whiplike blast of plasma creates a gaping hole in .*? lower back.
plasma	back	8	60		1	0	0	0	0	0	0	0	0	0	3			^Explosive burst wreaths .*? back in shimmering blue flames.
plasma	back	9	75		1	0	0	0	0	0	0	0	0	0	3			^.*? skeletal structure and muscle tissue reduced to fine ash.
plasma	left_arm	0	0		0	0	0	0	0	0	0	0	0	0	0			^.*? shield arm seriously tanned.
plasma	left_arm	1	5		0	0	0	0	0	0	0	0	0	0	1			^Plasma lashes .*? shield arm blistering flesh.
plasma	left_arm	2	10		0	0	0	0	0	0	0	0	0	0	1			^Minor burns to .*? shield arm.
plasma	left_arm	3	15		0	1	0	0	0	0	0	0	0	0	1			^Plasma scorches a hole in .*? shield arm.
plasma	left_arm	4	20		0	2	0	0	0	0	0	0	0	0	2			^Intense arc of energy flays .*? arm to the bone.
plasma	left_arm	5	25		0	3	0	0	0	0	0	0	0	0	2			^Intense beam of plasma shears away large chunks of .*? forearm.
plasma	left_arm	6	30		0	5	0	0	0	0	0	0	0	0	2			^Muscle blasted away from .*? arm exposing scorched bone.
plasma	left_arm	7	35		0	6	1	0	0	0	0	0	0	0	3			^Awesome lash of plasma severs .*? arm completely.
plasma	left_arm	8	40		0	8	1	0	0	0	0	0	0	0	3			^.*? arm shatters and explodes from a tremendous surge of plasma.
plasma	right_arm	0	0		0	0	0	0	0	0	0	0	0	0	0			^.*? weapon arm seriously tanned.
plasma	right_arm	1	5		0	0	0	0	0	0	0	0	0	0	1			^Plasma lashes .*? weapon arm blistering flesh.
plasma	right_arm	2	10		0	0	0	0	0	0	0	0	0	0	1			^Minor burns to .*? weapon arm.
plasma	right_arm	3	15		0	1	0	0	0	0	0	0	0	0	1			^Plasma scorches a hole in .*? weapon arm.
plasma	left_hand	0	0		0	0	0	0	0	0	0	0	0	0	0			^.*? sweaty palm is quick\-dried by the heat.
plasma	left_hand	1	5		0	0	0	0	0	0	0	0	0	0	1			^Stinging burn to .*? hand.?
plasma	left_hand	2	10		0	0	0	0	0	0	0	0	0	0	1			^.*? hand is encased in shimmering blue flames.
plasma	left_hand	3	15		0	0	0	0	0	0	0	0	0	0	1			^.*? hand blisters and bleeds from intense heat.
plasma	left_hand	4	20		0	1	0	0	0	0	0	0	0	0	2			^Vicious hole burned through .*? shield hand.
plasma	left_hand	5	25		0	2	0	0	0	0	0	0	0	0	2			^.*? fingers burn and explode leaving blackened stumps.
plasma	left_hand	6	30		0	3	0	0	0	0	0	0	0	0	2			^Scorching blast causes the bones in .*? hand to expand and burst.
plasma	left_hand	7	35		0	4	1	0	0	0	0	0	0	0	3			^Immolating blast causes .*? hand to explode.
plasma	left_hand	8	40		0	5	1	0	0	0	0	0	0	0	3			^Encasing plasma cremates .*? hand leaving a bloody stump.
plasma	left_hand	9	45		0	7	1	0	0	0	0	0	0	0	3			^Muscle and bone blasted to pieces by powerful bolt of energy.
plasma	right_hand	4	20		0	1	0	0	0	0	0	0	0	0	2			^Vicious hole burned through .*? weapon hand.
plasma	left_leg	0	0		0	0	0	0	0	0	0	0	0	0	0			^.*? leg hair is singed off, smooth shave.
plasma	left_leg	1	5		0	0	0	0	0	0	0	0	0	0	1			^Light burns to .*? leg.?
plasma	left_leg	2	10		0	0	0	0	0	0	0	0	0	0	1			^Blistering strike to leg shrivels skin and causes excruciating pain.
plasma	left_leg	3	15		0	1	0	0	0	0	0	0	0	0	1			^Searing blast of energy to hip spins .*? around.
plasma	left_leg	4	20	prone	0	3	0	0	0	0	0	0	0	0	2			^Searing wave of plasma cuts through skin and muscle on .*? leg.
plasma	left_leg	5	25	prone	0	5	0	0	0	0	0	0	0	0	2			^Superheated energy causes the artery in .*? leg to explode.
plasma	left_leg	6	30	prone	0	6	0	0	0	0	0	0	0	0	2			^Sizzling arc of plasma blows .*? kneecap off.
plasma	left_leg	7	35	prone	0	8	1	0	0	0	0	0	0	0	3			^Fiery blast of plasma blows .*? leg into a bloody spray.
plasma	left_leg	8	40	prone	0	10	1	0	0	0	0	0	0	0	3			^.*? leg is consumed in an intense field of plasma reducing it to ash.
plasma	left_leg	9	45	prone	0	12	1	0	0	0	0	0	0	0	3			^Muscle and bone blasted to pieces by searing wave of energy.
puncture	head	0	0		0	0	0	0	0	0	0	0	0	0	0			^Leaves an impression but no cut.
puncture	head	1	5		0	0	0	0	0	0	0	0	0	0	1			^Glancing strike to the head.
puncture	head	2	8		0	2	0	0	0	0	0	0	0	0	2			^Nice shot to the head gouges .*? cheek.
puncture	head	3	10		0	5	0	0	0	0	0	0	0	0	2			^Beautiful head shot.
puncture	head	4	15		0	7	0	0	0	0	0	0	0	0	3			^Strike to temple. Saved by a thick skull.
puncture	head	5	20		0	10	0	0	0	0	0	0	0	0	3			^Amazing .*? wasn't killed outright.
puncture	head	6	25		1	0	0	0	0	0	0	0	0	0	3			^Amazing shot through .*? nose enters the brain.
puncture	head	7	30		1	0	0	0	0	0	0	0	0	0	3			^Strike through both ears, .*? is quite dead.
puncture	head	8	35		1	0	0	0	0	0	0	0	0	0	3			^Strike pierces temple and kills .*? instantly.
puncture	head	9	40		1	0	0	0	0	0	0	0	0	0	3			^Awesome shot skewers skull.
puncture	neck	0	0		0	0	0	0	0	0	0	0	0	0	0			^Talk about a close shave.
puncture	neck	1	3		0	0	0	0	0	0	0	0	0	0	1			^Minor strike to (?:the )?neck.
puncture	neck	2	5		0	2	0	0	0	0	0	0	0	0	2			^Well placed shot to the neck.
puncture	neck	3	7		0	3	0	0	0	0	0	0	0	0	2			^Strike just below the jaw, nice shot to the neck.
puncture	neck	4	10		0	5	0	0	0	0	0	0	0	0	3			^Pierced through (?:the\s)?neck, a fine shot.
puncture	neck	5	15		0	8	0	0	0	0	0	0	0	0	3			^Neck skewered, sliding past the throat and spine.
puncture	neck	6	15		1	0	0	0	0	0	0	0	0	0	3			^Fine shot pierces jugular vein.
puncture	neck	7	20		1	0	0	0	0	0	0	0	0	0	3			^Strike clean through neck, what a shot.
puncture	neck	8	25		1	0	0	0	0	0	0	0	0	0	3			^Strike punctures throat and ruins vocal cords.
puncture	neck	9	30		1	0	0	0	0	0	0	0	0	0	3			^Incredible shot clean through the throat severs the spine.
puncture	left_eye	0	0		0	0	0	0	0	0	0	0	0	0	0			^Attack bumps an eyebrow.
puncture	left_eye	1	1		0	0	0	0	0	0	0	0	0	0	1			^Minor strike under the left eye, that was close.
puncture	left_eye	2	5		0	3	0	0	0	0	0	0	0	0	2			^Well aimed shot almost removes an eye.
puncture	left_eye	3	10		0	5	0	0	0	0	0	0	0	0	3			^Surgical strike removes .*? left eye.
puncture	left_eye	4	17		1	0	0	0	0	0	0	0	0	0	3	head	3	^Attack punctures the eye and connects with something really vital.
puncture	left_eye	5	20		1	0	0	0	0	0	0	0	0	0	3	head	3	^Shot knocks .*? head back by pushing on the inside of the skull.
puncture	left_eye	6	25		1	0	0	0	0	0	0	0	0	0	3	head	3	^Incredible shot to the eye penetrates deep into skull.
puncture	left_eye	7	30		1	0	0	0	0	0	0	0	0	0	3	head	3	^Shot destroys eye and the brain behind it.
puncture	left_eye	8	35		1	0	0	0	0	0	0	0	0	0	3	head	3	^Strike through eye, .*? is lobotomized.
puncture	left_eye	9	40		1	0	0	0	0	0	0	0	0	0	3	head	3	^Strike to the eye penetrates skull, ocular fluid sprays widely.
puncture	right_eye	1	1		0	0	0	0	0	0	0	0	0	0	1			^Minor strike under the right eye, that was close.
puncture	right_eye	3	10		0	5	0	0	0	0	0	0	0	0	3			^Slash across right eye.
puncture	chest	0	0		0	0	0	0	0	0	0	0	0	0	0			^Blow slides along (?:the )?ribs.
puncture	chest	1	5		0	0	0	0	0	0	0	0	0	0	1			^Minor puncture to the chest.
puncture	chest	2	10		0	0	0	0	0	0	0	0	0	0	1			^Strike to the chest breaks a rib.
puncture	chest	3	15		0	2	0	0	0	0	0	0	0	0	1			^Loud \*crack\* as .*? sternum breaks.
puncture	chest	4	20		0	3	0	0	0	0	0	0	0	0	2			^Well placed strike shatters a rib.
puncture	chest	5	25		0	5	0	0	0	0	0	0	0	0	2			^Damaging strike to chest, several ribs shattered.
puncture	chest	6	30		0	6	0	0	0	0	0	0	0	0	3			^Strong strike, punctures lung.
puncture	chest	7	35		0	8	0	0	0	0	0	0	0	0	3			^Awesome shot shatters ribs and punctures lung.
puncture	chest	8	40		1	0	0	0	0	0	0	0	0	0	3			^Beautiful shot pierces both lungs
puncture	chest	9	50		1	0	0	0	0	0	0	0	0	0	3			^Incredible strike pierces heart and runs .*? clean through.
puncture	abdomen	0	0		0	0	0	0	0	0	0	0	0	0	0			^Poked in the tummy.
puncture	abdomen	1	5		0	0	0	0	0	0	0	0	0	0	1			^Minor puncture to the abdomen.
puncture	abdomen	2	10		0	0	0	0	0	0	0	0	0	0	1			^Nice puncture to the abdomen, just missed vital organs.
puncture	abdomen	3	15		0	3	0	0	0	0	0	0	0	0	2			^Strike pierces gall bladder.
puncture	abdomen	4	20		0	3	0	0	0	0	0	0	0	0	2			^Strike to abdomen punctures stomach.
puncture	abdomen	5	25		0	5	0	0	0	0	0	0	0	0	2			^Vicious strike punctures intestines.
puncture	abdomen	6	30		0	6	0	0	0	0	0	0	0	0	3			^Deft strike to abdomen penetrates several useful organs.
puncture	abdomen	7	35		0	8	0	0	0	0	0	0	0	0	3			^Bladder impaled, what a mess.
puncture	abdomen	8	40		1	0	0	0	0	0	0	0	0	0	3			^Strike to abdomen skewers .*? quite nicely.
puncture	abdomen	9	50		1	0	0	0	0	0	0	0	0	0	3			^Perfect strike to (?:the )?abdomen.
puncture	back	0	0		0	0	0	0	0	0	0	0	0	0	0			^Thrust slides along the back.
puncture	back	1	5		0	0	0	0	0	0	0	0	0	0	1			^Minor puncture to the back.
puncture	back	2	10		0	0	0	0	0	0	0	0	0	0	1			^Nice puncture to the back, just grazed the spine.
puncture	back	3	15		0	2	0	0	0	0	0	0	0	0	1			^Strike connects with shoulder blade.
puncture	back	4	20		0	3	0	0	0	0	0	0	0	0	2			^Nailed in lower back.
puncture	back	5	25	prone	0	5	0	0	0	0	0	0	0	0	2			^Well placed strike to back shatters vertebrae.
puncture	back	6	30		0	6	0	0	0	0	0	0	0	0	3			^Deft strike to the back cracks vertebrae.
puncture	back	7	35	prone	0	8	0	0	0	0	0	0	0	0	3			^Awesome shot shatters spine and punctures lung.
puncture	back	8	40		1	0	0	0	0	0	0	0	0	0	3	neck	3	^Shot to back shatters bone and vertebrae.
puncture	back	9	50		1	0	0	0	0	0	0	0	0	0	3			^Incredible shot impales a kidney.
puncture	left_arm	0	0		0	0	0	0	0	0	0	0	0	0	0			^Tap to the arm pricks some interest but not much else.
puncture	left_arm	1	3		0	0	0	0	0	0	0	0	0	0	1			^Minor puncture to the left arm.
puncture	left_arm	2	5		0	0	0	0	0	0	0	0	0	0	1			^Strike pierces upper arm.
puncture	left_arm	3	7		0	1	0	0	0	0	0	0	0	0	1			^Well aimed shot, punctures upper arm.
puncture	left_arm	4	10		0	2	0	0	0	0	0	0	0	0	2			^Strike pierces forearm.
puncture	left_arm	5	14		0	3	0	0	0	0	0	0	0	0	2			^Elbow punctured, oh what pain.
puncture	left_arm	6	17		0	5	0	0	0	0	0	0	0	0	2			^Well aimed strike shatters bone in left arm.
puncture	left_arm	7	22		0	6	1	0	0	0	0	0	0	0	3			^Strike to left arm cleanly severs it at the shoulder.
puncture	left_arm	8	25		0	8	1	0	0	0	0	0	0	0	3			^Strike to left arm shatters elbow and severs forearm.
puncture	left_arm	9	25		0	10	1	0	0	0	0	0	0	0	3			^Shot shatters shoulder and severs left arm.
puncture	right_arm	1	3		0	0	0	0	0	0	0	0	0	0	1			^Minor puncture to the right arm.
puncture	right_arm	6	17		0	5	0	0	0	0	0	0	0	0	2			^Well aimed strike shatters bone in right arm.
puncture	right_arm	7	22		0	6	1	0	0	0	0	0	0	0	3			^Strike to right arm cleanly severs it at the shoulder.
puncture	right_arm	8	25		0	8	1	0	0	0	0	0	0	0	3			^Strike to right arm shatters elbow and severs forearm.
puncture	right_arm	9	25		0	10	0	0	0	0	0	0	0	0	3			^Shot shatters shoulder and severs right arm.
puncture	left_hand	0	0		0	0	0	0	0	0	0	0	0	0	0			^Strikes a fingernail. Bet it'll lose it now.
puncture	left_hand	1	1		0	0	0	0	0	0	0	0	0	0	1			^Strike to left hand breaks a fingernail.
puncture	left_hand	2	3		0	0	0	0	0	0	0	0	0	0	1			^Strike through the palm.
puncture	left_hand	3	5		0	0	0	0	0	0	0	0	0	0	1			^Shot to the hand slices a finger to the bone.
puncture	left_hand	4	7		0	1	0	0	0	0	0	0	0	0	2			^Shot pierces a wrist.
puncture	left_hand	5	9		0	2	0	0	0	0	0	0	0	0	2			^Slash across back of hand, tendons sliced.
puncture	left_hand	6	12		0	3	0	0	0	0	0	0	0	0	2			^Impressive shot shatters wrist.
puncture	left_hand	8	18		0	5	1	0	0	0	0	0	0	0	3			^Strike to wrist severs left hand.
puncture	left_hand	9	20		0	10	1	0	0	0	0	0	0	0	3			^Strike to wrist severs left hand quite neatly.
puncture	right_hand	1	1		0	0	0	0	0	0	0	0	0	0	1			^Strike to right hand breaks a fingernail.
puncture	right_hand	8	18		0	5	1	0	0	0	0	0	0	0	3			^Strike to wrist severs right hand.
puncture	right_hand	9	20		0	10	1	0	0	0	0	0	0	0	3			^Strike to wrist severs right hand quite neatly.
puncture	left_leg	0	0		0	0	0	0	0	0	0	0	0	0	0			^Thrust glances off .*? knee without a lot of effect.
puncture	left_leg	1	5		0	0	0	0	0	0	0	0	0	0	1			^Minor puncture to the left leg.
puncture	left_leg	2	9	prone	0	0	0	0	0	0	0	0	0	0	1			^Strike pierces thigh.
puncture	left_leg	3	13		0	1	0	0	0	0	0	0	0	0	2			^Well aimed shot, punctures calf.
puncture	left_leg	4	17	prone	0	3	0	0	0	0	0	0	0	0	2			^Strike pierces calf.
puncture	left_leg	5	20	prone	0	5	0	0	0	0	0	0	0	0	2			^Well placed shot pierces knee, that hurt.
puncture	left_leg	6	23	prone	0	6	0	0	0	0	0	0	0	0	2			^Great shot penetrates thigh and shatters bone.
puncture	left_leg	7	27	prone	0	8	1	0	0	0	0	0	0	0	3			^Blow shatters knee and severs lower leg.
puncture	left_leg	8	30	prone	0	10	1	0	0	0	0	0	0	0	3			^Strike punctures thigh and shatters femur.
puncture	left_leg	9	35	prone	0	10	1	0	0	0	0	0	0	0	3			^Shot shatters hip and severs left leg.
puncture	right_leg	1	5		0	0	0	0	0	0	0	0	0	0	1			^Minor puncture to the right leg.
puncture	right_leg	9	35	prone	0	10	1	0	0	0	0	0	0	0	3			^Shot shatters hip and severs right leg.
slash	head	0	0		0	0	0	0	0	0	0	0	0	0	0			^Too bad it only bopped .*? nose.
slash	head	1	5		0	0	0	0	0	0	0	0	0	0	1			^Quick slash catches .*? cheek.
slash	head	2	10		0	1	0	0	0	0	0	0	0	0	1			^Blade slashes across .*? face.
slash	head	3	15		0	3	0	0	0	0	0	0	0	0	2			^(?!.*removes skull.)Blow to head.
slash	head	4	20		0	6	0	0	0	0	0	0	0	0	2			^(?:Quick flick slashes|The) .*? (?:is slashed across .*? )?forehead.
slash	head	5	25		0	8	0	0	0	0	0	0	0	0	3			^Deep gash and a terrible headache.
slash	head	6	30		1	0	0	0	0	0	0	0	0	0	3			^Gruesome slash opens .*? forehead.
slash	head	7	35		1	0	0	0	0	0	0	0	0	0	3			^Wild upward slash removes? .*? face from .*? skull.
slash	head	8	40		1	0	0	0	0	0	0	0	0	0	3			^(?:Horrible|Horrifying) slash to .*? head.
slash	head	9	50		1	0	0	0	0	0	0	0	0	0	3			^Gruesome, slashing blow to the side of .*? head.
slash	neck	0	0		0	0	0	0	0	0	0	0	0	0	0			^.*? takes a quick step back.
slash	neck	1	2		0	0	0	0	0	0	0	0	0	0	1			^Attack hits .*? throat but doesn't break the skin.
slash	neck	2	5		0	1	0	0	0	0	0	0	0	0	1			^Strike dents .*? larynx.
slash	neck	3	10		0	2	0	0	0	0	0	0	0	0	2			^Deft swing strikes .*? neck.
slash	neck	4	12		0	4	0	0	0	0	0	0	0	0	3			^Strong slash to throat nicks a few blood vessels.
slash	neck	5	15		0	8	0	0	0	0	0	0	0	0	3			^Fast slash to .*? neck exposes .*? windpipe.
slash	neck	6	20		1	0	0	0	0	0	0	0	0	0	3			^Deep slash to .*? neck severs an artery.
slash	neck	7	25		1	0	0	0	0	0	0	0	0	0	3			^Gruesome slash to .*? throat.
slash	neck	8	30		1	0	0	0	0	0	0	0	0	0	3			^Awful slash nearly decapitates .*?.
slash	neck	9	40		1	0	0	0	0	0	0	0	0	0	3			^Throat and vocal cords destroyed.
slash	left_eye	0	0		0	0	0	0	0	0	0	0	0	0	0			^Quick slash to .*? left eye.
slash	left_eye	1	3		0	0	0	0	0	0	0	0	0	0	1			^Slashing strike near forehead nicks an eyelid.
slash	left_eye	2	3		0	1	0	0	0	0	0	0	0	0	2			^Gash to .*? left eyebrow.
slash	left_eye	3	5		0	3	0	0	0	0	0	0	0	0	2			^Scratches .*? left eye.
slash	left_eye	4	20		0	5	0	0	0	0	0	0	0	0	3	head	2	^Left eye lost.
slash	left_eye	5	25		1	0	0	0	0	0	0	0	0	0	3	head	3	^Slash strikes .*? left eye.
slash	left_eye	6	30		1	0	0	0	0	0	0	0	0	0	3	head	3	^Slash to head destroys .*? left eye.
slash	left_eye	7	40		1	0	0	0	0	0	0	0	0	0	3	head	3	^Slash to .*? left eye.
slash	left_eye	8	45		1	0	0	0	0	0	0	0	0	0	3	head	3	^Left eye sliced open.
slash	left_eye	9	50		1	0	0	0	0	0	0	0	0	0	3	head	3	^Blast to .*? head destroys left eye.
slash	right_eye	0	0		0	0	0	0	0	0	0	0	0	0	0			^Quick slash at .*? right eye.
slash	right_eye	1	3		0	0	0	0	0	0	0	0	0	0	1			^Slashing strike near forehead nicks an eyebrow.
slash	right_eye	2	3		0	1	0	0	0	0	0	0	0	0	2			^Gash to .*? right eyebrow.
slash	right_eye	3	5		0	3	0	0	0	0	0	0	0	0	2			^Scratch to .*? eyelids.
slash	right_eye	4	20		0	5	0	0	0	0	0	0	0	0	3	head	2	^Right eye lost.
slash	right_eye	5	25		1	0	0	0	0	0	0	0	0	0	3	head	3	^Slash strikes .*? right eye.
slash	right_eye	6	30		1	0	0	0	0	0	0	0	0	0	3	head	3	^Slash to head destroys .*? right eye.
slash	right_eye	7	40		1	0	0	0	0	0	0	0	0	0	3	head	3	^Slash to .*? right eye.
slash	right_eye	8	45		1	0	0	0	0	0	0	0	0	0	3	head	3	^Right eye sliced open.
slash	right_eye	9	50		1	0	0	0	0	0	0	0	0	0	3	head	3	^Blast to .*? head destroys right eye.
slash	chest	0	0		0	0	0	0	0	0	0	0	0	0	0			^Weak slash across chest.
slash	chest	1	1		0	0	0	0	0	0	0	0	0	0	1			^Deft slash across chest draws blood.
slash	chest	2	10		0	0	0	0	0	0	0	0	0	0	1			^That heart's not broken, it's only scratched.
slash	chest	3	15		0	1	0	0	0	0	0	0	0	0	1			^Breathe deep, it'll feel better in a minute.
slash	chest	4	20		0	3	0	0	0	0	0	0	0	0	2			^Slashing blow to chest knocks .*? back a few paces.
slash	chest	5	25		0	5	0	0	0	0	0	0	0	0	2			^(?:Crushing|Crossing) slash to (?:the )?chest catches .*? attention.
slash	chest	6	45		0	6	0	0	0	0	0	0	0	0	3	back	2	^Hard slash to .*? side opens .*? spleen.
slash	chest	7	60		0	8	0	0	0	0	0	0	0	0	3	back	2	^.*? chest is ripped open.
slash	chest	8	65		1	0	0	0	0	0	0	0	0	0	3	abdomen	3	^Slash to .*? ribs opens a sucking chest wound.
slash	chest	9	70		1	0	0	0	0	0	0	0	0	0	3	abdomen	3	^Wicked slash slices open .*? chest.
slash	abdomen	0	0		0	0	0	0	0	0	0	0	0	0	0			^Light slash to .*? abdomen.
slash	abdomen	1	5		0	0	0	0	0	0	0	0	0	0	1			^Awkward slash to .*? stomach.
slash	abdomen	2	10		0	0	0	0	0	0	0	0	0	0	1			^Smooth slash to .*? hip.
slash	abdomen	3	15		0	3	0	0	0	0	0	0	0	0	2	nerves	1	^Hard slash to belly severs a few nerve endings.
slash	abdomen	4	20		0	3	0	0	0	0	0	0	0	0	2			^Diagonal slash leaves a bloody trail across .*? torso.
slash	abdomen	5	25		0	5	0	0	0	0	0	0	0	0	2			^.*? is backed up by a strong slash to .*? abdomen.
slash	abdomen	6	30	prone	0	6	0	0	0	0	0	0	0	0	3	back	2	^Deep slash to .*? right side.
slash	abdomen	7	50		0	8	0	0	0	0	0	0	0	0	3	back	2	^Amazing slash to .*? belly.
slash	abdomen	8	60		1	0	0	0	0	0	0	0	0	0	3	back	3	^Bloody slash to .*? side.
slash	abdomen	9	75		1	0	0	0	0	0	0	0	0	0	3	back	3	^Terrible slash to .*? side.
slash	back	0	0		0	0	0	0	0	0	0	0	0	0	0			^Glancing blow to .*? back.
slash	back	1	3		0	0	0	0	0	0	0	0	0	0	1			^Weak slash to .*? lower back.
slash	back	2	10		0	0	0	0	0	0	0	0	0	0	1			^Feint to the left (?:goes astray )?as .*? dodges(?: that way)?.
slash	back	3	15		0	2	0	0	0	0	0	0	0	0	1			^Slash (?:to|along) .*? lower back.
slash	back	4	20		0	2	0	0	0	0	0	0	0	0	1			^Pain shoots up along .*? spine.
slash	back	5	25		0	3	0	0	0	0	0	0	0	0	2			^Jagged slash to lower back.
slash	back	6	30	prone	0	5	0	0	0	0	0	0	0	0	3			^.*? twists away but is caught with a hard slash.
slash	back	7	50	prone	0	6	0	0	0	0	0	0	0	0	3	abdomen	2	^.*? is spun around and hit hard in .*? lower back.
slash	back	8	60		1	0	0	0	0	0	0	0	0	0	3	nerves	3	^Kidneys sliced and diced.
slash	back	9	75		1	0	0	0	0	0	0	0	0	0	3	nerves	3	^Masterful slash to .*? lower back.
slash	left_arm	0	0		0	0	0	0	0	0	0	0	0	0	0			^Hard blow, but deflected.
slash	left_arm	1	3		0	0	0	0	0	0	0	0	0	0	1			^Quick slash to .*? upper left arm.
slash	left_arm	2	7		0	0	0	0	0	0	0	0	0	0	1			^Shears off a thin layer of skin.
slash	left_arm	3	8		0	1	0	0	0	0	0	0	0	0	1			^Glancing slash to .*? shield arm.
slash	left_arm	4	10		0	2	0	0	0	0	0	0	0	0	2			^Powerful slash just cracks .*? shield arm.
slash	left_arm	5	15		0	3	0	0	0	0	0	0	0	0	2			^Deep slash to .*? left forearm.
slash	left_arm	6	20		0	5	0	0	0	0	0	0	0	0	2			^Off\-balance slash to .*? left arm shatters .*? elbow.
slash	left_arm	7	25		0	6	1	0	0	0	0	0	0	0	3			^Left arm no longer available for use.
slash	left_arm	8	35		0	8	1	0	0	0	0	0	0	0	3			^.*? left arm is neatly amputated.
slash	left_arm	9	40		0	10	1	0	0	0	0	0	0	0	3			^Awesome slash severs .*? left arm.
slash	right_arm	0	0		0	0	0	0	0	0	0	0	0	0	0			^Weak slash to .*? right arm.
slash	right_arm	1	3		0	0	0	0	0	0	0	0	0	0	1			^Quick slash to .*? upper right arm.
slash	right_arm	2	7		0	0	0	0	0	0	0	0	0	0	1			^Hesitant slash to .*? upper right arm.
slash	right_arm	3	8		0	1	0	0	0	0	0	0	0	0	1			^Slices neatly through the skin and meets bone.
slash	right_arm	4	10		0	2	0	0	0	0	0	0	0	0	2			^Powerful slash just cracks .*? weapon arm.
slash	right_arm	5	15		0	3	0	0	0	0	0	0	0	0	2			^(?:Deep s|S)lash to .*? right (?:forearm|arm).
slash	right_arm	6	20		0	5	0	0	0	0	0	0	0	0	2			^Quick, hard slash to .*? right arm.
slash	right_arm	7	25		0	6	1	0	0	0	0	0	0	0	3			^Right arm no longer available for use.
slash	right_arm	8	35		0	8	1	0	0	0	0	0	0	0	3			^.*? right arm is neatly amputated.
slash	right_arm	9	40		0	10	1	0	0	0	0	0	0	0	3			^Awesome slash severs? .*? right arm.
slash	left_hand	0	0		0	0	0	0	0	0	0	0	0	0	0			^Knuckles kissed but little damage.
slash	left_hand	1	1		0	0	0	0	0	0	0	0	0	0	1			^Slash to .*? shield arm.
slash	left_hand	2	3		0	0	0	0	0	0	0	0	0	0	1			^Wild slash scratches the back of .*? hand.
slash	left_hand	3	5		0	0	0	0	0	0	0	0	0	0	1			^Slice to .*? left fingers.
slash	left_hand	4	7		0	1	0	0	0	0	0	0	0	0	2			^Deep cut to .*? left hand.
slash	left_hand	5	8		0	2	0	0	0	0	0	0	0	0	2			^Slash to .*? (?:left |shield )hand.
slash	left_hand	6	10		0	3	0	0	0	0	0	0	0	0	2			^Left hand sounds broken.
slash	left_hand	7	15		0	4	1	0	0	0	0	0	0	0	3			^Jagged slash to .*? left arm.
slash	left_hand	8	25		0	5	1	0	0	0	0	0	0	0	3			^and the remainder of .*? left hand.
slash	left_hand	9	30		0	10	1	0	0	0	0	0	0	0	3			^Enough force to sever .*? left hand.
slash	right_hand	0	0		0	0	0	0	0	0	0	0	0	0	0			^That'll hurt tomorrow.
slash	right_hand	1	1		0	0	0	0	0	0	0	0	0	0	1			^Diagonal slash to .*? weapon arm.
slash	right_hand	2	3		0	0	0	0	0	0	0	0	0	0	1			^Wild slash bounces off the back of .*? hand.
slash	right_hand	3	5		0	0	0	0	0	0	0	0	0	0	1			^Nasty cut to right hand.
slash	right_hand	4	7		0	1	0	0	0	0	0	0	0	0	2			^Strong slash to .*? right hand cuts deep.
slash	right_hand	5	8		0	2	0	0	0	0	0	0	0	0	2			^(?:Quick flick at .*?|Slash to .*?) weapon hand.
slash	right_hand	6	10		0	3	0	0	0	0	0	0	0	0	2			^Right hand sounds broken.
slash	right_hand	7	15		0	4	1	0	0	0	0	0	0	0	3			^Jagged slash to .*? right arm.
slash	right_hand	8	25		0	5	1	0	0	0	0	0	0	0	3			^and the remainder of .*? right hand.
slash	right_hand	9	30		0	10	1	0	0	0	0	0	0	0	3			^Enough force to sever .*? right hand.
slash	left_leg	0	0		0	0	0	0	0	0	0	0	0	0	0			^Light, bruising slash to .*? left thigh.
slash	left_leg	1	5		0	0	0	0	0	0	0	0	0	0	1			^Slash to .*? left leg hits high.
slash	left_leg	2	10		0	0	0	0	0	0	0	0	0	0	1			^Banged .*? left shin.
slash	left_leg	3	10		0	1	0	0	0	0	0	0	0	0	1			^Downward slash across .*? left thigh.
slash	left_leg	4	17	prone	0	3	0	0	0	0	0	0	0	0	2			^Deft slash to .*? (?:left )?leg digs deep.
slash	left_leg	5	20	prone	0	5	0	0	0	0	0	0	0	0	2			^Quick, powerful slash to .*? left knee.
slash	left_leg	6	25	prone	0	6	0	0	0	0	0	0	0	0	2			^Weak diagonal slash catches .*? left knee.
slash	left_leg	7	30	prone	0	8	1	0	0	0	0	0	0	0	3			^Wild downward slash severs .*? left foot.
slash	left_leg	8	40	prone	0	10	1	0	0	0	0	0	0	0	3			^.*? left leg is severed at the knee.
slash	left_leg	9	45	prone	0	12	1	0	0	0	0	0	0	0	3			^Powerful slash leaves .*? without a left leg.
slash	right_leg	0	0		0	0	0	0	0	0	0	0	0	0	0			^Quick feint to .*? right foot.
slash	right_leg	1	5		0	0	0	0	0	0	0	0	0	0	1			^Slash to .*? right leg hits high.
slash	right_leg	2	10		0	0	0	0	0	0	0	0	0	0	1			^Banged .*? right shin.
slash	right_leg	3	10		0	1	0	0	0	0	0	0	0	0	1			^Downward slash across .*? right thigh.
slash	right_leg	4	17	prone	0	3	0	0	0	0	0	0	0	0	2			^Deep, bloody slash to .*? right thigh.
slash	right_leg	5	20	prone	0	5	0	0	0	0	0	0	0	0	2			^Quick, powerful slash to .*? right knee.
slash	right_leg	6	25	prone	0	6	0	0	0	0	0	0	0	0	2			^Strong slash to .*? right leg.
slash	right_leg	7	30	prone	0	8	1	0	0	0	0	0	0	0	3			^Wild downward slash severs .*? right foot.
slash	right_leg	8	40	prone	0	10	1	0	0	0	0	0	0	0	3			^.*? right leg is severed at the knee.
slash	right_leg	9	45	prone	0	12	1	0	0	0	0	0	0	0	3			^Powerful slash leaves .*? without a right leg.
steam	head	0	0		0	0	0	0	0	0	0	0	0	0	0			^Steam billows around .*?.
steam	head	1	4		0	0	0	0	0	0	0	0	0	0	1			^Burst of steam to the head leaves .*? face flushed.
steam	head	2	10		0	1	0	0	0	0	0	0	0	0	1			^Hot steam strike to face made .*? flinch.
steam	head	3	16		0	2	0	0	0	0	0	0	0	0	1			^Hot vapors to face leave .*? gasping.
steam	head	4	22		0	4	0	0	0	0	0	0	0	0	2			^Hot steam to the face causes .*? to grimace in pain.
steam	head	5	28		0	9	0	0	0	0	0	0	0	0	2			^Spray of hot water vapors to face causes large blisters.
steam	head	6	34		0	12	0	0	0	0	0	0	0	0	3			^Exposure to overheated steam removes wrinkles along with face.
steam	head	7	40		1	0	0	0	0	0	0	0	0	0	3			^Scalding blast removes hair and peels back scalp to show bone.
steam	head	8	46		1	0	0	0	0	0	0	0	0	0	3			^.*? head is engulfed in a hot ball of steam.
steam	head	9	52		1	0	0	0	0	0	0	0	0	0	3			^Superheated blast turns facial complexion to a curiously unhealthy pallor.
steam	neck	0	0		0	0	0	0	0	0	0	0	0	0	0			^Wisps of steam make .*? hot under the collar.
steam	neck	1	3		0	0	0	0	0	0	0	0	0	0	1			^Hot steam raises the hair on the back of .*? neck.
steam	neck	2	5		0	1	0	0	0	0	0	0	0	0	1			^Steam catches .*? in the neck causing minor discomfort.
steam	neck	3	10		0	2	0	0	0	0	0	0	0	0	1			^Hot burst (?:to to|to the|to) neck leaves .*? a li'l steamed.
steam	neck	4	13		0	4	0	0	0	0	0	0	0	0	2			^Hot vapors cause noticeable discoloration in neck.
steam	neck	5	16		0	6	0	0	0	0	0	0	0	0	2			^Scalding steam leaves the throat feeling sore but sterilized.
steam	neck	6	20		0	9	0	0	0	0	0	0	0	0	3			^Over exposure to hot steam leaves neck feeling stiff.
steam	neck	7	27		1	0	0	0	0	0	0	0	0	0	3			^Seething steam strike to neck leaves it tender and juicy.
steam	neck	8	35		1	0	0	0	0	0	0	0	0	0	3			^.*? neck is parboiled, leaves throat a li'l parched.
steam	neck	9	41		1	0	0	0	0	0	0	0	0	0	3			^Blast of superheated steam cauterizes carotid artery, leading to instant death.
steam	left_eye	0	0		0	0	0	0	0	0	0	0	0	0	0			^.*? barely notices the puff of steam.
steam	left_eye	1	1		0	1	0	0	0	0	0	0	0	0	1			^Hot vapors cause .*? eyes to water profusely.
steam	left_eye	2	4		0	1	0	0	0	0	0	0	0	0	1			^Steamy gust to (?:the )?left eye causes .*? to blink repeatedly.
steam	left_eye	3	7		0	2	0	0	0	0	0	0	0	0	2			^.*? left eye swells from hot gust of steam.
steam	left_eye	4	15		0	3	0	0	0	0	0	0	0	0	2			^Left eye boiled in skull to a soft consistency.
steam	left_eye	5	22		0	5	0	0	0	0	0	0	0	0	3			^Extended exposure to hot steam fuses eyelid to cornea.
steam	left_eye	6	30		0	10	0	0	0	0	0	0	0	0	3	head	3	^Hot steam blast causes cornea to blister.
steam	left_eye	7	35		1	0	0	0	0	0	0	0	0	0	3	head	3	^Left eye bursts from pressure of boiling ocular fluid.
steam	left_eye	8	40		1	0	0	0	0	0	0	0	0	0	3	head	3	^Scalding jet eviscerates left eye.
steam	left_eye	9	45		1	0	0	0	0	0	0	0	0	0	3	head	3	^Steaming ocular fluid cooks eyeball evenly.
steam	right_eye	2	4		0	1	0	0	0	0	0	0	0	0	1			^Steamy gust to (?:the )?right eye causes .*? to blink repeatedly.
steam	right_eye	3	7		0	2	0	0	0	0	0	0	0	0	2			^.*? right eye swells from hot gust of steam.
steam	right_eye	4	15		0	3	0	0	0	0	0	0	0	0	2			^Right eye boiled in skull to a soft consistency.
steam	right_eye	7	35		1	0	0	0	0	0	0	0	0	0	3	head	3	^Right eye bursts from pressure of boiling ocular fluid.
steam	right_eye	8	40		1	0	0	0	0	0	0	0	0	0	3	head	3	^Scalding jet eviscerates right eye.
steam	chest	0	0		0	0	0	0	0	0	0	0	0	0	0			^Steam billows around .*?.
steam	chest	1	4		0	0	0	0	0	0	0	0	0	0	1			^Hot gush of steam to the chest startles .*?.
steam	chest	2	8		0	0	0	0	0	0	0	0	0	0	1			^(?:Sweltering|Swirling) vapors to upper body cause noticeable discomfort.
steam	chest	3	15		0	1	0	0	0	0	0	0	0	0	1			^.*? fails to avoid the steam fumes.
steam	chest	4	20		0	2	0	0	0	0	0	0	0	0	2			^Steamed ribs make fine soup bone.
steam	chest	5	26		0	4	0	0	0	0	0	0	0	0	2			^Solid strike of steam peels back epidermis in large chunks.
steam	chest	6	30		0	5	0	0	0	0	0	0	0	0	2			^Steaming strike turns lungs to pudding.
steam	chest	7	45		0	7	0	0	0	0	0	0	0	0	3			^Boiling steam strike to .*? chest causes major heartburn.*? and lungburn.
steam	chest	8	55		1	0	0	0	0	0	0	0	0	0	3			^.*? chest is cooked to tender perfection.
steam	chest	9	65		1	0	0	0	0	0	0	0	0	0	3			^Superheated steam boils internal organs.
steam	abdomen	0	0		0	0	0	0	0	0	0	0	0	0	0			^Warm mnist covers .*? abdomen.
steam	abdomen	1	4		0	0	0	0	0	0	0	0	0	0	1			^Hot steam makes .*? feel warm all inside and out.
steam	abdomen	2	8		0	0	0	0	0	0	0	0	0	0	1			^A hot gust of vapors to stomach reheats meal.
steam	abdomen	3	15		0	1	0	0	0	0	0	0	0	0	1			^The hot steam exposure causes skin to blister and redden.
steam	abdomen	4	20		0	2	0	0	0	0	0	0	0	0	2			^Seething vapors causes? severe abdominal pains.
steam	abdomen	5	26		0	2	0	0	0	0	0	0	0	0	2			^Boiling vapors cooks? abdomen evenly.
steam	abdomen	6	30		0	5	0	0	0	0	0	0	0	0	2			^A steaming burst to the stomach sends .*? reeling backwards.
steam	abdomen	7	45		0	7	0	0	0	0	0	0	0	0	3			^Direct strike to abdomen leaves? .*? simmering, stewed in .*? juices.
steam	abdomen	8	55		1	0	0	0	0	0	0	0	0	0	3	nerves	3	^.*? abdomen is parboiled.
steam	abdomen	9	65		1	0	0	0	0	0	0	0	0	0	3	nerves	3	^Superheated steam turns .*? intestines into a fine delicacy.
steam	back	0	0		0	0	0	0	0	0	0	0	0	0	0			^Mist envelops .*? back.
steam	back	1	4		0	0	0	0	0	0	0	0	0	0	1			^Hot steam causes .*? to squirm uncomfortably.
steam	back	2	10		0	1	0	0	0	0	0	0	0	0	1			^Hot vapors to back cause .*? to squirm in discomfort.
steam	back	3	15		0	1	0	0	0	0	0	0	0	0	1			^Close proximity to scalding mist causes? minor burns to back side.
steam	back	4	20		0	2	0	0	0	0	0	0	0	0	2			^Boiling steam reduces backside to blistering pulp.
steam	back	5	26		0	4	0	0	0	0	0	0	0	0	2			^Strike to back leaves it simmering.
steam	back	6	30		0	5	0	0	0	0	0	0	0	0	2			^Scaldl?ing blast peels large layers of skin off .*? back.
steam	back	7	45		0	7	0	0	0	0	0	0	0	0	3			^Boiling strike to back leaves nerves raw and everything else steamed.
steam	back	8	55		1	0	0	0	0	0	0	0	0	0	3	nerves	3	^.*? back is cooked to tender perfection.
steam	back	9	65		1	0	0	0	0	0	0	0	0	0	3	nerves	3	^Superheated steam cooks .*? spine and fuses nerves.
steam	left_arm	0	0		0	0	0	0	0	0	0	0	0	0	0			^Sprinkle of mist.
steam	left_arm	1	3		0	0	0	0	0	0	0	0	0	0	1			^.*? flinches from the spurt of hot steam to .*? left arm.
steam	left_arm	2	7		0	0	0	0	0	0	0	0	0	0	1			^Excoriating vapors cause chafing of left arm.
steam	left_arm	3	8		0	1	0	0	0	0	0	0	0	0	1			^.*? jerks .*? left arm away from the hot steam.
steam	left_arm	4	10		0	1	0	0	0	0	0	0	0	0	1			^Scalding steam blisters left arm with painful splotches.
steam	left_arm	5	17		0	3	0	0	0	0	0	0	0	0	2			^Boiling vapor strike leaves left arm quivering uncontrollably.
steam	left_arm	6	20		0	3	0	0	0	0	0	0	0	0	2			^.*? cringes from a scalding blast to left arm.
steam	left_arm	7	26		0	6	1	0	0	0	0	0	0	0	2			^Torrid steam blast to left arm cooks it to the bone.
steam	left_arm	8	32		0	8	1	0	0	0	0	0	0	0	3			^Boiling str?eam strikes left arm.
steam	left_arm	9	45		0	10	1	0	0	0	0	0	0	0	3			^Overexposure to superheated steam reduces left arm to simmering tissue.
steam	right_arm	1	3		0	0	0	0	0	0	0	0	0	0	1			^.*? flinches from the spurt of hot steam to .*? right arm.
steam	right_arm	2	7		0	0	0	0	0	0	0	0	0	0	1			^Excoriating vapors cause chafing of right arm.
steam	right_arm	3	8		0	1	0	0	0	0	0	0	0	0	1			^.*? jerks .*? right arm away from the hot steam.
steam	right_arm	4	10		0	1	0	0	0	0	0	0	0	0	1			^Scalding steam blisters right arm with painful splotches.
steam	right_arm	5	17		0	3	0	0	0	0	0	0	0	0	2			^Boiling vapor strike leaves right arm quivering uncontrollably.
steam	right_arm	6	20		0	3	0	0	0	0	0	0	0	0	2			^.*? cringes from a scalding blast to right arm.
steam	right_arm	7	26		0	6	0	0	0	0	0	0	0	0	2			^Torrid steam blast to right arm cooks it to the bone.
steam	right_arm	8	32		0	8	1	0	0	0	0	0	0	0	3			^Boiling str?eam strikes right arm.
steam	right_arm	9	45		0	10	1	0	0	0	0	0	0	0	3			^Overexposure to superheated steam reduces right arm to simmering tissue.
steam	left_hand	0	0		0	0	0	0	0	0	0	0	0	0	0			^Moisturizing vapors cover .*? left hand.
steam	left_hand	1	1		0	0	0	0	0	0	0	0	0	0	1			^.*? jerks .*? left hand back as hot steam envelops it.
steam	left_hand	2	3		0	0	0	0	0	0	0	0	0	0	1			^Brief exposure to hot vapors on left hand startles .*?.
steam	left_hand	3	5		0	1	0	0	0	0	0	0	0	0	1			^Blistering mist leaves .*? holding .*? left hand tenderly.
steam	left_hand	4	7		0	1	0	0	0	0	0	0	0	0	1			^.*? grimaces as hot droplets scald .*? left hand.
steam	left_hand	5	8		0	2	0	0	0	0	0	0	0	0	2			^Boiling vapor strike to left hand causes loss of feeling in fingers.
steam	left_hand	6	10		0	3	0	0	0	0	0	0	0	0	2			^Boiling steam causes fingers to shrivel.
steam	left_hand	7	15		0	4	0	0	0	0	0	0	0	0	2			^Overheated steam blast boils .*? left hand.
steam	left_hand	8	26		0	5	1	0	0	0	0	0	0	0	3			^Accurate steam gust severely burns .*? left hand.
steam	left_hand	9	28		0	6	1	0	0	0	0	0	0	0	3			^Blast of superheated steam shrivels .*? left hand.
steam	right_hand	0	0		0	0	0	0	0	0	0	0	0	0	0			^Moisturizing vapors cover .*? right hand.
steam	right_hand	1	1		0	0	0	0	0	0	0	0	0	0	1			^.*? jerks .*? right hand back as hot steam envelops it.
steam	right_hand	2	3		0	0	0	0	0	0	0	0	0	0	1			^Brief exposure to hot vapors on right hand startles .*?.
steam	right_hand	3	5		0	1	0	0	0	0	0	0	0	0	1			^Blistering mist leaves .*? holding .*? right hand tenderly.
steam	right_hand	4	7		0	1	0	0	0	0	0	0	0	0	1			^.*? grimaces as hot droplets scald .*? right hand.
steam	right_hand	5	8		0	2	0	0	0	0	0	0	0	0	2			^Boiling vapor strike to right hand causes loss of feeling in fingers.
steam	right_hand	7	15		0	4	0	0	0	0	0	0	0	0	2			^Overheated steam blast boils .*? right hand.
steam	right_hand	8	26		0	5	1	0	0	0	0	0	0	0	3			^Accurate steam gust severely burns .*? right hand.
steam	right_hand	9	28		0	6	1	0	0	0	0	0	0	0	3			^Blast of superheated steam shrivels .*? right hand.
steam	left_leg	0	0		0	0	0	0	0	0	0	0	0	0	0			^A tepid mist clings to .*? left leg.
steam	left_leg	1	5		0	0	0	0	0	0	0	0	0	0	1			^Hot steam spray to the leg makes .*? jump back.
steam	left_leg	2	10		0	0	0	0	0	0	0	0	0	0	1			^Hot vapors cause reddening of skin on left leg.
steam	left_leg	3	15		0	1	0	0	0	0	0	0	0	0	1			^.*? shakes .*? left leg trying to cool off hot clinging mist.
steam	left_leg	4	17	prone	0	1	1	0	0	0	0	0	0	0	3			^Scouring steam strips skin from left leg.
steam	left_leg	5	20	prone	0	3	0	0	0	0	0	0	0	0	2			^.*? staggers from hot steam blast to left leg.
steam	left_leg	6	24	prone	0	4	0	0	0	0	0	0	0	0	2			^Fuming water vapors make .*? knees all wobbly.
steam	left_leg	7	30	prone	0	8	0	0	0	0	0	0	0	0	2			^Exposure to broiling vapors renders? left leg barely usable.
steam	left_leg	8	38	prone	0	10	1	0	0	0	0	0	0	0	3			^An accurate strike renders .*? left leg to a steaming lump of flesh.
steam	left_leg	9	43	prone	0	11	1	0	0	0	0	0	0	0	3			^Exposure to superheated steam renders left leg useless but fat\-free.
steam	right_leg	0	0		0	0	0	0	0	0	0	0	0	0	0			^A tepid mist clings to .*? right leg.
steam	right_leg	2	10		0	0	0	0	0	0	0	0	0	0	1			^Hot vapors cause reddening of skin on right leg.
steam	right_leg	3	15		0	1	0	0	0	0	0	0	0	0	1			^.*? shakes .*? right leg trying to cool off hot clinging mist.
steam	right_leg	4	17	prone	0	1	1	0	0	0	0	0	0	0	3			^Scouring steam strips skin from right leg.
steam	right_leg	5	20	prone	0	3	0	0	0	0	0	0	0	0	2			^.*? staggers from hot steam blast to right leg.
steam	right_leg	7	30	prone	0	8	0	0	0	0	0	0	0	0	2			^Exposure to broiling vapors render right leg barely usable.
steam	right_leg	8	38	prone	0	10	1	0	0	0	0	0	0	0	3			^An accurate strike renders .*? right leg to a steaming lump of flesh.
steam	right_leg	9	43	prone	0	11	1	0	0	0	0	0	0	0	3			^Exposure to superheated steam renders right leg useless but fat\-free.
ucs_grapple	head	0	0		0	0	0	0	0	0	0	0	0	0	0			^Grab to head falls short, and fingers find no purchase.
ucs_grapple	head	1	3		0	0	0	0	0	0	0	0	0	0	0			^Good form, but only managed to catch the nose, barely tweaking it.
ucs_grapple	head	2	6		0	0	0	0	0	0	0	2	0	0	1			^Brief ear hold yanks .*? head to the side.
ucs_grapple	head	3	9		0	2	0	0	0	0	0	0	0	0	1			^Grab to .*? face digs deep, producing bloody gouges.
ucs_grapple	head	4	12		0	3	0	0	0	0	0	0	0	0	1			^Forehead slam to nose results in dislocation.
ucs_grapple	head	5	16		0	4	0	0	0	0	0	0	1	0	2			^Well timed elbow to the jaw causes .*? mouth to suddenly snap shut, catching the tongue.
ucs_grapple	head	6	20		0	6	0	0	0	0	0	0	0	0	2			^Head gripped and pulled down violently.
ucs_grapple	head	7	24		0	8	0	0	0	1	0	0	1	0	2			^Fast grab\-and\-slam to head smashes .*? teeth to pieces.
ucs_grapple	head	8	28		0	8	0	0	0	1	0	0	0	1	3			^Repeated blows to both sides of the head dizzies .*?.
ucs_grapple	head	9	32	prone	0	10	0	0	1	0	0	0	0	1	3			^Crushing headlock.
ucs_grapple	head	10	36		1	0	0	0	0	0	0	0	0	0	3			^.*? head crushed between legs in a leaping takedown.
ucs_grapple	head	11	40		1	0	0	0	0	0	0	0	0	0	3	neck	2	^Awesome grapple pulls head from body.
ucs_grapple	neck	0	0		0	0	0	0	0	0	0	0	0	0	0			^Grab to the head just tweaks the neck.
ucs_grapple	neck	1	3		0	0	0	0	0	0	0	0	0	0	0			^Grabbed from behind.
ucs_grapple	neck	2	6		0	0	0	0	0	0	0	2	0	0	1			^Fingernails leave bloody scratches as .*? pulls away.
ucs_grapple	neck	3	9		0	2	0	0	0	0	0	0	1	0	1			^Arms wrap around neck.
ucs_grapple	neck	4	12		0	4	0	0	0	0	0	0	0	0	1			^Fingers sink deep into soft neck tissue.
ucs_grapple	neck	5	15		0	4	0	0	0	0	0	0	1	0	2			^Arm snakes in under .*? chin, cutting off the air supply.
ucs_grapple	neck	6	18		0	5	0	0	0	1	0	0	1	0	2			^Sharp blow to throat, impacting larynx.
ucs_grapple	neck	7	21		0	6	0	0	0	1	0	0	0	0	2			^Sharp twist to neck leaves head dangling to the side.
ucs_grapple	neck	8	24		0	8	0	0	1	0	0	0	1	0	3			^Hands wrap around NECK reducing blood flow to the brain.
ucs_grapple	neck	9	28		1	0	0	0	0	0	0	0	0	0	3			^Sudden twist rewarded by a wet .POP.. in the neck.
ucs_grapple	neck	10	32		1	0	0	0	0	0	0	0	0	0	3			^A sharp vicious twist snaps .*? neck.
ucs_grapple	neck	11	36		1	0	0	0	0	0	0	0	0	0	3			^Powerful grip twists head around until it faces backwards, giving .*? a new perspective on life.
ucs_grapple	left_eye	2	6		0	2	0	0	0	0	0	0	0	0	1			^Forehead slam causes .*? left eye to roll in .*? socket.
ucs_grapple	left_eye	3	9		0	2	0	0	0	0	0	0	0	0	1			^Head squeeze compresses left eye from the outside.
ucs_grapple	left_eye	4	12		0	3	0	0	0	0	0	0	0	0	1			^Elbow to left eye dazes .*?.
ucs_grapple	left_eye	5	16		0	4	0	0	0	0	0	0	0	1	2			^Quick clench to left eye makes .*? see the light.
ucs_grapple	left_eye	6	20		0	6	0	0	0	0	0	0	0	0	2			^Sudden slam to left eye causes swelling.
ucs_grapple	left_eye	8	28		0	8	0	0	0	0	0	0	0	0	3			^Lightning\-fast gouge to left socket brings the eye along when it withdraws.
ucs_grapple	left_eye	9	32		0	10	0	0	0	0	0	0	0	0	3			^Strong gouge turns left eye into jelly.
ucs_grapple	right_eye	0	0		0	0	0	0	0	0	0	0	0	0	0			^Attempted eye gouge falls just short.
ucs_grapple	right_eye	1	3		0	0	0	0	0	0	0	0	0	0	0			^Sudden lunge at eye catches the eyebrow instead.
ucs_grapple	right_eye	2	6		0	2	0	0	0	0	0	0	0	0	1			^Forehead slam causes .*? right eye to roll in .*? socket.
ucs_grapple	right_eye	3	9		0	2	0	0	0	0	0	0	0	0	1			^Head squeeze compresses right eye from the outside.
ucs_grapple	right_eye	4	12		0	3	0	0	0	0	0	0	0	0	1			^Elbow to right eye dazes .*?.
ucs_grapple	right_eye	5	16		0	4	0	0	0	0	0	0	0	1	2			^Quick clench to right eye makes .*? see the light.
ucs_grapple	right_eye	6	20		0	6	0	0	0	0	0	0	0	0	2			^Sudden slam to right eye causes swelling.
ucs_grapple	right_eye	7	24		0	8	0	0	0	0	0	0	0	0	3			^Eye socket provides a convenient fingerhold.
ucs_grapple	right_eye	8	28		0	8	0	0	0	0	0	0	0	0	3			^Lightning\-fast gouge to right socket brings the eye along when it withdraws.
ucs_grapple	right_eye	9	32		0	10	0	0	0	0	0	0	0	0	3			^Strong gouge turns right eye into jelly.
ucs_grapple	right_eye	10	36		1	0	0	0	0	0	0	0	0	0	3	head	2	^Awesome slam to front of skull drives bone shards into both eyes.
ucs_grapple	right_eye	11	40		1	0	0	0	0	0	0	20	0	0	3	head	2	^Double gouge puts both eyeballs as the first thing in .*? mind.
ucs_grapple	chest	0	0		0	0	0	0	0	0	0	0	0	0	0			^Attempted slam to chest, but you just bounce off.
ucs_grapple	chest	1	4		0	0	0	0	0	0	0	0	0	0	0			^Strong push to chest, but it only rocks .*? back a pace.
ucs_grapple	chest	2	8		0	0	0	0	0	0	0	2	0	0	1			^Slam to chest forces a grunt from .*?.
ucs_grapple	chest	3	12	sitting	0	0	0	0	0	0	0	0	0	0	1			^Sudden charge to chest knocks .*? backwards.
ucs_grapple	chest	4	16		0	2	0	0	0	0	0	0	0	1	1			^Well\-executed grapple pins and leaves .*? short of breath.
ucs_grapple	chest	5	20	prone	0	2	0	0	0	0	0	0	0	0	1			^Sudden balance shift throws .*? forward.
ucs_grapple	chest	6	24	prone	0	3	0	0	0	0	0	0	0	0	2			^Leaping scissor takedown puts the squeeze on .*?.
ucs_grapple	chest	7	28		0	4	0	0	0	0	0	0	0	1	2			^.*? pinned in a crushing grip.
ucs_grapple	chest	8	32		0	4	0	0	0	0	0	0	0	1	2			^Powerful charge catches .*? by surprise, forcing air from .*? lungs.
ucs_grapple	chest	9	36		0	8	0	0	0	0	0	0	0	0	3			^Crushing hug punctures both lungs with .*? own ribs.
ucs_grapple	chest	10	40		0	8	0	0	0	0	0	0	0	1	3			^Magnificent grapple exposes ribcage to air in several areas.
ucs_grapple	chest	11	44		1	0	0	0	0	0	0	0	0	0	3			^Solid blow to chest smashes through ribcage.
ucs_grapple	abdomen	0	0		0	0	0	0	0	0	0	0	0	0	0			^Awkward grasp slaps .*? across the belly.
ucs_grapple	abdomen	1	4		0	0	0	0	0	0	0	0	0	0	0			^Solid squeeze on abdomen makes life uncomfortable.
ucs_grapple	abdomen	2	8	sitting	0	0	0	0	0	0	0	0	0	1	1			^Sudden elbow to the gut causes .*? to exhale suddenly.
ucs_grapple	abdomen	3	12		0	1	0	0	0	0	0	0	0	0	1			^Well\-placed knee to stomach drives the breath from .*? with a .WHOOSH..
ucs_grapple	abdomen	4	16		0	4	0	0	0	0	0	10	0	0	1			^Grapple to stomach pins .*? neatly.
ucs_grapple	abdomen	5	20		0	4	0	0	0	0	0	0	0	1	1			^Strong strike to the stomach leaves .*? sucking for wind.
ucs_grapple	abdomen	6	24	sitting	0	4	0	0	0	0	0	0	0	1	2			^Repeated blows to the abdomen put .*? incredibly off\-balance.
ucs_grapple	abdomen	7	28		0	6	0	0	0	0	0	10	0	1	2			^Good blow to gut disturbs last night's dinner.
ucs_grapple	abdomen	8	32		0	8	0	0	0	0	0	0	0	1	2			^Powerful grasp squeezes abdominal muscles.
ucs_grapple	abdomen	9	36		0	10	0	0	0	0	0	10	0	1	2			^Forceful squeeze compresses digestive system.
ucs_grapple	abdomen	10	40		1	0	0	0	0	0	0	10	0	0	3			^Incredible clench abruptly gives .*? a wasp\-waist figure.
ucs_grapple	abdomen	11	44		1	0	0	0	0	0	0	10	0	0	3			^.*? is nearly torn into two pieces as the abdomen is compressed back toward the spine.
ucs_grapple	back	0	0		0	0	0	0	0	0	0	0	0	0	0			^Sudden dive at .*? just catches the back, but does no real harm.
ucs_grapple	back	1	4		0	0	0	0	0	0	0	0	0	0	0			^Attempted throw does little more than bruise the back.
ucs_grapple	back	2	8		0	0	0	0	0	0	0	2	0	0	1			^Powerful shove to the shoulder blades staggers .*?.
ucs_grapple	back	3	12	kneeling	0	0	0	0	0	0	0	5	0	0	1			^Abrupt charge impacts the back, throwing .*? forward.
ucs_grapple	back	4	16		0	0	0	0	0	0	0	10	0	0	1			^Sudden pressure on spine causes .*? to sit up and pay attention.
ucs_grapple	back	5	20	kneeling	0	4	0	0	0	0	0	0	0	1	1			^Repeated blows to spine forces .*? to double over in agony.
ucs_grapple	back	6	24		0	5	0	0	0	0	0	0	0	0	2			^Hard blow dislocates shoulder.
ucs_grapple	back	7	28		0	6	0	0	0	0	0	0	0	0	2			^Double strike to the upper and lower back.
ucs_grapple	back	8	32	kneeling	0	7	0	0	0	0	0	0	0	0	2			^Firm grasp from behind.
ucs_grapple	back	9	36	kneeling	0	8	0	0	0	0	0	0	0	0	3			^Grapple to center spine adds curves never intended by nature.
ucs_grapple	back	10	40		1	0	0	0	0	0	0	20	0	0	3			^Strong clench to back bends .*? far over.
ucs_grapple	back	11	44		1	0	0	0	0	0	0	20	0	0	3			^Spine snaps like a dry twig.
ucs_grapple	left_arm	1	3		0	0	0	0	0	0	0	0	0	0	0			^Left arm bent into an awkward position, but there's no force behind it.
ucs_grapple	left_arm	2	6		0	0	0	0	0	0	1	2	0	0	1			^Left arm twisted behind back, throwing .*? off\-balance.
ucs_grapple	left_arm	3	9		0	0	0	0	0	0	1	5	0	0	1			^Left arm grabbed and twisted behind back.
ucs_grapple	left_arm	4	12		0	2	0	0	0	0	1	0	0	0	2			^Left arm snapped to side, leaving the bone protruding.
ucs_grapple	left_arm	5	15		0	4	0	0	0	0	1	0	0	0	2			^Firm grip and weight shift dislocates left arm.
ucs_grapple	left_arm	6	18	prone	0	5	0	0	0	0	1	0	0	0	2			^Strong yank to left arm forces .*? into an awkward off\-balance tumble.
ucs_grapple	left_arm	7	21		0	6	0	0	0	0	1	0	0	0	2			^Fast grab\-and\-twist forces left elbow to bend the wrong way.
ucs_grapple	left_arm	8	24	prone	0	6	0	0	0	0	1	0	0	0	2			^.*? (?:is )?flipped head\-over\-heels, landing badly on left arm.
ucs_grapple	left_arm	9	27	prone	0	8	1	0	0	0	0	0	0	0	3			^Left arm yanked out of socket as a strong grapple sends .*? sprawling.
ucs_grapple	left_arm	10	30		0	10	1	0	0	0	0	0	0	0	3			^Left arm torn out at the shoulder.
ucs_grapple	left_arm	11	33	prone	0	12	1	0	0	0	0	0	0	0	3			^Amazing throw sends .*? in one direction, but left arm stays behind.
ucs_grapple	right_arm	0	0		0	0	0	0	0	0	0	0	0	0	0			^.*? shakes off a weak arm grab.
ucs_grapple	right_arm	1	3		0	0	0	0	0	0	0	0	0	0	0			^Right arm bent into an awkward position, but there's no force behind it.
ucs_grapple	right_arm	2	6		0	0	0	0	0	0	1	2	0	0	1			^Right arm twisted behind back, throwing .*? off\-balance.
ucs_grapple	right_arm	3	9		0	0	0	0	0	0	1	5	0	0	1			^Right arm grabbed and twisted behind back.
ucs_grapple	right_arm	4	12		0	2	0	0	0	0	1	0	0	0	2			^Right arm snapped to side, leaving the bone protruding.
ucs_grapple	right_arm	5	15		0	4	0	0	0	0	1	0	0	0	2			^Firm grip and weight shift dislocates right arm.
ucs_grapple	right_arm	6	18	prone	0	4	0	0	0	0	1	0	0	0	2			^Strong yank to right arm forces .*? into an awkward off\-balance tumble.
ucs_grapple	right_arm	7	21		0	6	0	0	0	0	1	0	0	0	2			^Fast grab\-and\-twist forces right elbow to bend the wrong way.
ucs_grapple	right_arm	8	24	prone	0	6	0	0	0	0	1	0	0	0	2			^.*? is flipped head\-over\-heels, landing badly on right arm.
ucs_grapple	right_arm	9	27	prone	0	8	0	0	0	0	1	0	0	0	2			^Right arm yanked out of socket as a strong grapple sends .*? sprawling.
ucs_grapple	right_arm	10	30		0	10	1	0	0	0	0	0	0	0	3			^Right arm torn out at the shoulder.
ucs_grapple	right_arm	11	33	prone	0	12	1	0	0	0	0	0	0	0	3			^Amazing throw sends .*? in one direction, but right arm stays behind.
ucs_grapple	left_hand	1	2		0	0	0	0	0	0	0	0	0	0	0			^Left hand grasped for a moment before grip is lost.
ucs_grapple	left_hand	3	6	prone	0	0	0	0	0	0	1	0	0	0	1			^Fast yank sends .*? tumbling sideways, landing awkwardly on the left hand.
ucs_grapple	left_hand	4	8		0	2	0	0	0	0	0	0	0	0	1			^Sudden twist to left wrist.
ucs_grapple	left_hand	6	12		0	4	0	0	0	0	0	0	0	0	2			^Fingers smashed on left hand.
ucs_grapple	left_hand	8	18		0	5	0	0	0	0	1	0	0	0	2			^Strong grasp to left hand.
ucs_grapple	left_hand	9	21		0	6	1	0	0	0	0	0	0	0	2			^Left hand snapped back over on itself.
ucs_grapple	left_hand	10	24		0	10	1	0	0	0	0	0	0	0	2			^Amazingly strong handclasp tugs at the left wrist, hard.
ucs_grapple	left_hand	11	27		0	10	1	0	0	0	0	0	0	0	3			^Amazing twist\-and\-pull pulls left hand off like a cork.
ucs_grapple	right_hand	0	0		0	0	0	0	0	0	0	0	0	0	0			^Weak grip is ineffective.
ucs_grapple	right_hand	1	2		0	0	0	0	0	0	0	0	0	0	0			^Right hand grasped for a moment before grip is lost.
ucs_grapple	right_hand	2	4		0	0	0	0	0	0	0	2	0	0	1			^Hard finger wrench, but .*? quickly recovers.
ucs_grapple	right_hand	3	6	prone	0	0	0	0	0	0	1	0	0	0	1			^Fast yank sends .*? tumbling sideways, landing awkwardly on the right hand.
ucs_grapple	right_hand	4	8		0	2	0	0	0	0	0	0	0	0	1			^Sudden twist to right wrist.
ucs_grapple	right_hand	5	10		0	3	0	0	0	0	1	0	0	0	2			^Several fingers badly wrenched.
ucs_grapple	right_hand	6	12		0	4	0	0	0	0	0	0	0	0	2			^Fingers smashed on right hand.
ucs_grapple	right_hand	7	15		0	4	0	0	0	0	1	0	0	0	2			^Hard grip breaks thumb in three places.
ucs_grapple	right_hand	8	18		0	5	0	0	0	0	1	0	0	0	2			^Strong grasp to right hand.
ucs_grapple	right_hand	9	21		0	6	1	0	0	0	0	0	0	0	2			^Right hand snapped back over on itself.
ucs_grapple	right_hand	10	24		0	8	1	0	0	0	0	0	0	0	2			^Amazingly strong handclasp tugs at the right wrist, hard.
ucs_grapple	right_hand	11	27		0	10	1	0	0	0	0	0	0	0	3			^Amazing twist\-and\-pull pulls right hand off like a cork.
ucs_grapple	left_leg	0	0		0	0	0	0	0	0	0	0	0	0	0			^Attempt to grapple left leg fails as .*? moves aside.
ucs_grapple	left_leg	1	3		0	0	0	0	0	0	0	0	0	0	0			^Ineffective partial throw as .*? hops back on left leg.
ucs_grapple	left_leg	2	6		0	0	0	0	0	0	0	2	0	0	1			^Grab to left ankle briefly pulls .*? off\-balance.
ucs_grapple	left_leg	3	9	prone	0	0	0	0	0	0	0	0	0	0	1			^Quick move yanks left leg out from under .*?
ucs_grapple	left_leg	5	15		0	2	0	0	0	0	1	0	0	0	2			^Powerful grab twists left knee.
ucs_grapple	left_leg	6	18	prone	0	3	0	0	0	0	0	0	0	0	2			^Sliding takedown buckles left leg.
ucs_grapple	left_leg	7	21		0	4	0	0	0	0	1	0	0	0	2			^Left knee cracks loudly as it gets wrenched out of position.
ucs_grapple	left_leg	8	24	prone	0	5	0	0	0	0	1	0	0	0	2			^Left ankle snapped sideways resulting in a clean break.
ucs_grapple	left_leg	10	30	prone	0	7	1	0	0	0	0	0	0	0	3			^Crushing grasp pulps upper left thigh into uselessness.
ucs_grapple	left_leg	11	33	prone	0	8	1	0	0	0	0	0	0	0	3			^Powerful tug pulls left hip, and leg, free of the socket.
ucs_grapple	right_leg	0	0		0	0	0	0	0	0	0	0	0	0	0			^Attempt to grapple right leg fails as .*? moves aside.
ucs_grapple	right_leg	1	3		0	0	0	0	0	0	0	0	0	0	0			^Ineffective partial throw as .*? hops back on right leg.
ucs_grapple	right_leg	2	6		0	0	0	0	0	0	0	2	0	0	1			^Grab to right ankle briefly pulls .*? off\-balance.
ucs_grapple	right_leg	3	9	prone	0	0	0	0	0	0	0	0	0	0	1			^Quick move yanks right leg out from under .*?.
ucs_grapple	right_leg	4	12		0	0	0	0	0	0	1	0	0	0	2			^Well\-executed reap leaves .*? stumbling to maintain balance.
ucs_grapple	right_leg	5	15		0	2	0	0	0	0	1	0	0	0	2			^Powerful grab twists right knee.
ucs_grapple	right_leg	6	18	prone	0	3	0	0	0	0	0	0	0	0	2			^Sliding takedown buckles right leg.
ucs_grapple	right_leg	7	21		0	4	0	0	0	0	1	0	0	0	2			^Right knee cracks loudly as it gets wrenched out of position.
ucs_grapple	right_leg	8	24	prone	0	5	0	0	0	0	1	0	0	0	2			^Right ankle snapped sideways resulting in a clean break.
ucs_grapple	right_leg	9	27	prone	0	6	1	0	0	0	0	0	0	0	3			^Lightning\-fast move sends ankle in one direction and knee in the other.
ucs_grapple	right_leg	10	30	prone	0	7	1	0	0	0	0	0	0	0	3			^Crushing grasp pulps upper right thigh into uselessness.
ucs_grapple	right_leg	11	33	prone	0	8	1	0	0	0	0	0	0	0	3			^Powerful tug pulls right hip, and leg, free of the socket.
ucs_jab	head	0	0		0	0	0	0	0	0	0	0	0	0	0			^No more than a love tap.
ucs_jab	head	1	0		0	0	0	0	0	0	0	0	0	0	0			^Fast slap only reddens the cheek.
ucs_jab	head	2	0		0	0	0	0	0	0	0	0	0	0	0			^Quick jab to the nose leaves eyes watering.
ucs_jab	head	3	2		0	0	0	0	0	0	0	0	0	0	0			^Glancing slap upside the head causes slight disorientation.
ucs_jab	head	4	4		0	0	0	0	0	0	0	2	0	0	0			^Minor strike to head puts .*? momentarily off\-balance.
ucs_jab	head	5	6		0	1	0	0	0	0	0	0	0	0	1			^Fast jab flattens nose.
ucs_jab	head	6	8		0	0	0	0	0	0	0	0	0	0	1			^Quick box to side of head makes ears ring.
ucs_jab	head	7	10		0	3	0	0	0	0	0	0	0	0	1			^Feint to the gut leads into a nasty uppercut to the chin.
ucs_jab	head	8	12		0	3	0	0	0	0	0	0	0	0	1			^Sharp jab to nose connects with a sharp .CRUNCH..
ucs_jab	head	9	15		0	5	0	0	0	0	0	0	1	0	2			^Blood gushes from .*? mouth as several teeth are knocked out.
ucs_jab	head	10	20		0	6	0	0	0	0	0	0	1	0	2			^Forceful uppercut shatters jaw and teeth.
ucs_jab	head	11	25		0	8	0	0	0	0	0	0	0	0	3	neck	1	^Multiple rapid punches make a mess of .*? head.
ucs_jab	neck	0	0		0	0	0	0	0	0	0	0	0	0	0			^Fingertips barely brush the throat.
ucs_jab	neck	1	0		0	0	0	0	0	0	0	0	0	0	0			^Deft jab to neck.
ucs_jab	neck	2	0		0	0	0	0	0	0	0	0	0	0	0			^Nice strike to the neck, but lacks power.
ucs_jab	neck	3	2		0	0	0	0	0	0	0	2	0	0	0			^Light jab to throat makes .*? swallow.
ucs_jab	neck	4	4		0	1	0	0	0	0	0	0	0	0	1			^Slashing strike leaves a shallow gash on the side of .*? neck.
ucs_jab	neck	5	6		0	1	0	0	0	0	0	0	1	0	1			^Strong blow to throat makes .*? gag.
ucs_jab	neck	6	8		0	2	0	0	0	0	0	0	0	0	1			^Neck vertebrae pop in several places.
ucs_jab	neck	7	10		0	2	0	0	0	0	0	0	1	0	1			^Solid strike to the windpipe.
ucs_jab	neck	8	12		0	3	0	0	0	0	0	0	1	0	1			^Flat of hand slices across throat, leaving .*? gasping for breath.
ucs_jab	neck	9	15		0	4	0	0	0	1	0	0	0	0	2			^Cartilage in the neck pops audibly.
ucs_jab	neck	10	20		0	6	0	0	0	0	0	0	1	0	2			^Stiffened fingers slice hard at .*? throat, tearing out a bloody chunk.
ucs_jab	neck	11	25		0	8	0	0	0	1	0	0	1	0	3			^Elbow drives into .*? throat in a devastating strike.
ucs_jab	left_eye	1	0		0	0	0	0	0	0	0	0	0	0	0			^Strike to left eye barely clips the brow.
ucs_jab	left_eye	3	2		0	1	0	0	0	0	0	0	0	0	0			^Solid jab to left eye.
ucs_jab	left_eye	5	6		0	3	0	0	0	0	0	0	0	0	1			^Jab to left eye momentarily incapacitates .*?.
ucs_jab	left_eye	6	8		0	4	0	0	0	0	0	0	0	0	1			^Swift jab to left eye causes immediate swelling.
ucs_jab	left_eye	7	10		0	4	0	0	0	0	0	5	0	0	1			^Fist smashes into left eye, temporarily blinding .*?.
ucs_jab	left_eye	8	12		0	5	0	0	0	0	0	0	0	0	2	head	1	^Well\-executed jab to .*? left eye.
ucs_jab	left_eye	9	15		0	6	0	0	0	0	0	0	0	0	2	head	2	^Strong strike opens a bleeding cut across the left eye socket.
ucs_jab	left_eye	10	20		0	8	0	0	0	0	0	0	0	0	3	head	2	^Vicious strike to left eye, removing it neatly.
ucs_jab	right_eye	0	0		0	0	0	0	0	0	0	0	0	0	0			^Jab to eye, but unable to follow through.
ucs_jab	right_eye	1	0		0	0	0	0	0	0	0	0	0	0	0			^Strike to right eye barely clips the brow.
ucs_jab	right_eye	2	0		0	0	0	0	0	0	0	0	0	0	0			^Light strike to the eyebrow.
ucs_jab	right_eye	3	2		0	1	0	0	0	0	0	0	0	0	0			^Solid jab to right eye.
ucs_jab	right_eye	4	4		0	2	0	0	0	0	0	0	0	0	0			^Slap across the eye causes disorientation.
ucs_jab	right_eye	5	6		0	3	0	0	0	0	0	0	0	0	1			^Jab to right eye momentarily incapacitates .*?.
ucs_jab	right_eye	6	8		0	4	0	0	0	0	0	0	0	0	1			^Swift jab to right eye causes immediate swelling.
ucs_jab	right_eye	7	10		0	4	0	0	0	0	0	5	0	0	1			^Fist smashes into right eye, temporarily blinding .*?.
ucs_jab	right_eye	8	12		0	5	0	0	0	0	0	0	0	0	2	head	1	^Well\-executed jab to .*? right eye.
ucs_jab	right_eye	9	15		0	6	0	0	0	0	0	0	0	0	2	head	2	^Strong strike opens a bleeding cut across the right eye socket.
ucs_jab	right_eye	10	20		0	8	0	0	0	0	0	0	0	0	3	head	2	^Vicious strike to right eye, removing it neatly.
ucs_jab	right_eye	11	25		0	10	0	0	0	0	0	0	0	0	3	head	2	^Jab to .*? eye blinds .*?.
ucs_jab	chest	0	0		0	0	0	0	0	0	0	0	0	0	0			^Weak jab to chest doesn't faze .*?.
ucs_jab	chest	1	0		0	0	0	0	0	0	0	0	0	0	0			^Jab to chest.
ucs_jab	chest	2	0		0	0	0	0	0	0	0	0	0	0	0			^Hasty strike to chest doesn't do much harm.
ucs_jab	chest	3	3		0	0	0	0	0	0	0	0	0	0	0			^Quick one\-two jab causes slight bruising on chest.
ucs_jab	chest	4	6		0	0	0	0	0	0	0	2	0	0	0			^Strong push to chest unbalances .*?.
ucs_jab	chest	5	9		0	0	0	0	0	0	0	5	0	0	1			^Flurry of jabs to the ribs leaves .*? winded.
ucs_jab	chest	6	12		0	2	0	0	0	0	0	0	0	0	1			^Several rapid blows to .*? chest.
ucs_jab	chest	7	15		0	2	0	0	0	0	0	0	0	1	1			^Stiffened fingers connect with solar plexus, causing a painful jolt.
ucs_jab	chest	8	18		0	4	0	0	0	0	0	0	0	0	1			^Repeated strikes to the chest drive .*? further off\-balance.
ucs_jab	chest	9	22		0	6	0	0	0	0	0	0	0	0	2			^Fast, jarring blow to the chest audibly cracks several ribs.
ucs_jab	chest	10	26	sitting	0	6	0	0	0	0	0	0	0	0	2			^Powerful jab to the chest strips flesh off the ribcage.
ucs_jab	chest	11	30	prone	0	7	0	0	0	0	0	0	0	0	3			^Amazing jab to chest shatters several ribs.
ucs_jab	abdomen	0	0		0	0	0	0	0	0	0	0	0	0	0			^Ineffective swat to the belly.
ucs_jab	abdomen	1	0		0	0	0	0	0	0	0	0	0	0	0			^Fancy twisting jab to side confuses .*?.
ucs_jab	abdomen	2	0		0	0	0	0	0	0	0	0	0	0	0			^Stiffened fingers poke into belly button.
ucs_jab	abdomen	3	3		0	0	0	0	0	0	0	0	0	0	0			^Edge of hand scores a shallow cut across the abdomen.
ucs_jab	abdomen	4	6		0	0	0	0	0	0	0	2	0	0	0			^Light punch to stomach makes .*? gasp.
ucs_jab	abdomen	5	9		0	0	0	0	0	0	0	5	0	0	1			^Sinking jab to gut causes .*? to exhale sharply.
ucs_jab	abdomen	6	12		0	2	0	0	0	0	0	0	0	0	1			^Solid fist to the stomach makes .*? wince.
ucs_jab	abdomen	7	15		0	3	0	0	0	0	0	0	0	0	1			^Hard blow to abdomen does bad things to .*? digestive system.
ucs_jab	abdomen	8	18		0	3	0	0	0	0	0	10	0	0	1			^Strong strike to abdomen makes .*? gasp for air.
ucs_jab	abdomen	9	22		0	4	0	0	0	0	0	0	0	0	2			^Hard chop across the stomach causes internal bleeding.
ucs_jab	abdomen	10	26	sitting	0	4	0	0	0	0	0	0	0	1	2			^Nasty blow to the abdomen causes .*? to double over in agony.
ucs_jab	abdomen	11	30	prone	0	5	0	0	0	0	0	0	0	0	3			^Multiple strong strikes to the abdomen fold .*? over like a bad card hand.
ucs_jab	back	0	0		0	0	0	0	0	0	0	0	0	0	0			^Lackluster jab to the mid\-back.
ucs_jab	back	1	0		0	0	0	0	0	0	0	0	0	0	0			^Quick jabs patter across .*? back like rain.+ and are about as effective.
ucs_jab	back	2	0		0	0	0	0	0	0	0	0	0	0	0			^Quick strike to the side takes .*? by surprise.
ucs_jab	back	3	3		0	0	0	0	0	0	0	0	0	0	0			^Solid shot to the back.
ucs_jab	back	4	6		0	0	0	0	0	0	0	2	0	0	0			^Double jab to upper and lower back momentarily unbalances .*?.
ucs_jab	back	5	9		0	0	0	0	0	0	0	0	0	0	1			^Flesh torn from the shoulder blade.
ucs_jab	back	7	15		0	2	0	0	0	0	0	0	0	0	1			^Hard strike to the back forces .*? into a sharp bend.
ucs_jab	back	8	18		0	3	0	0	0	0	0	0	0	0	1			^Fast strike jars the spine.
ucs_jab	back	9	22		0	4	0	0	0	0	0	0	0	0	2			^Several shots to the back break some vertebrae.
ucs_jab	back	10	26	sitting	0	4	0	0	0	0	0	10	0	0	2			^Hard shot to back makes .*? stagger.
ucs_jab	back	11	30		0	4	0	0	0	0	0	0	0	1	3			^Punishing strike to the spine partially severs spinal cord.
ucs_jab	left_arm	0	0		0	0	0	0	0	0	0	0	0	0	0			^Barely brushed the left arm.
ucs_jab	left_arm	1	0		0	0	0	0	0	0	0	0	0	0	0			^Hits left elbow, but lacks force.
ucs_jab	left_arm	2	0		0	0	0	0	0	0	0	0	0	0	0			^Sudden sideways jab to left arm gets through .*? defenses.
ucs_jab	left_arm	3	1		0	0	0	0	0	0	1	0	0	0	0			^Fast slap to left arm knocks it out of position.
ucs_jab	left_arm	4	2		0	0	0	0	0	0	0	0	0	0	1			^Solid blow to upper left arm.
ucs_jab	left_arm	5	3		0	0	0	0	0	0	0	0	0	0	1			^Solid jab leaves bruises on left forearm.
ucs_jab	left_arm	6	5		0	0	0	0	0	0	0	2	0	0	1			^Left arm knocked aside in a twisting lunge.
ucs_jab	left_arm	7	7		0	0	0	0	0	0	1	0	0	0	1			^Quick chop to elbow numbs left arm.
ucs_jab	left_arm	8	10		0	2	0	0	0	0	1	0	0	0	1			^Hard overhand strike to left shoulder penetrates skin and reaches muscle.
ucs_jab	left_arm	9	13		0	3	0	0	0	0	1	5	0	0	2			^Lightning fast jab to the left arm, which goes limp.
ucs_jab	left_arm	10	16		0	4	0	0	0	0	1	0	0	0	2			^Strong strike to left elbow shatters the joint.
ucs_jab	left_arm	11	19		0	6	0	0	0	0	1	0	0	0	2			^Amazing jab to left forearm shatters radius bone.
ucs_jab	right_arm	0	0		0	0	0	0	0	0	0	0	0	0	0			^Barely brushed the right arm.
ucs_jab	right_arm	1	0		0	0	0	0	0	0	0	0	0	0	0			^Hits right elbow, but lacks force.
ucs_jab	right_arm	2	0		0	0	0	0	0	0	0	0	0	0	0			^Sudden sideways jab to right arm gets through .*? defenses.
ucs_jab	right_arm	3	1		0	0	0	0	0	0	1	0	0	0	0			^Fast slap to right arm knocks it out of position.
ucs_jab	right_arm	4	2		0	0	0	0	0	0	0	0	0	0	1			^Solid blow to upper right arm.
ucs_jab	right_arm	5	3		0	0	0	0	0	0	0	0	0	0	1			^Solid jab leaves bruises on right forearm.
ucs_jab	right_arm	6	5		0	0	0	0	0	0	0	2	0	0	1			^Right arm knocked aside in a twisting lunge.
ucs_jab	right_arm	7	7		0	0	0	0	0	0	1	0	0	0	1			^Quick chop to elbow numbs right arm.
ucs_jab	right_arm	8	10		0	2	0	0	0	0	1	0	0	0	1			^Hard overhand strike to right shoulder penetrates skin and reaches muscle.
ucs_jab	right_arm	9	13		0	3	0	0	0	0	1	5	0	0	2			^Lightning fast jab to the right arm, which goes limp.
ucs_jab	right_arm	10	16		0	4	0	0	0	0	1	0	0	0	2			^Strong strike to right elbow shatters the joint.
ucs_jab	right_arm	11	19		0	6	0	0	0	0	1	0	0	0	2			^Amazing jab to right forearm shatters radius bone.
ucs_jab	left_hand	2	0		0	0	0	0	0	0	0	0	0	0	0			^Quick jab to left hand only twists a finger.
ucs_jab	left_hand	3	1		0	0	0	0	0	0	0	0	0	0	0			^Contact with left hand leaves .*? with bloody knuckles.
ucs_jab	left_hand	4	2		0	0	0	0	0	0	0	0	0	0	0			^Fast jab bruises left palm.
ucs_jab	left_hand	5	3		0	0	0	0	0	0	1	0	0	0	0			^Curling strike knocks left hand aside.
ucs_jab	left_hand	6	4		0	0	0	0	0	0	0	0	0	0	1			^Quick strike leaves a gouge on .*? left hand.
ucs_jab	left_hand	7	5		0	1	0	0	0	0	1	0	0	0	1			^Strong jab breaks a few fingers on the left hand.
ucs_jab	left_hand	8	8		0	2	0	0	0	0	1	0	0	0	1			^Heavy chop shatters bones in left wrist.
ucs_jab	left_hand	9	11		0	3	0	0	0	0	1	0	0	0	2			^Twisting jab dislocates left wrist.
ucs_jab	left_hand	10	14		0	4	0	0	0	0	1	0	0	0	2			^Scraping blow to left hand exposes several bones to air.
ucs_jab	left_hand	11	17		0	5	0	0	0	0	1	0	0	0	2			^Fantastic strike to left hand reduces it to pulp.
ucs_jab	right_hand	0	0		0	0	0	0	0	0	0	0	0	0	0			^Slow jab barely brushes the palm.
ucs_jab	right_hand	1	0		0	0	0	0	0	0	0	0	0	0	0			^Slap on the wrist.
ucs_jab	right_hand	2	0		0	0	0	0	0	0	0	0	0	0	0			^Quick jab to right hand only twists a finger.
ucs_jab	right_hand	3	1		0	0	0	0	0	0	0	0	0	0	0			^Contact with right hand leaves .*? with bloody knuckles.
ucs_jab	right_hand	4	2		0	0	0	0	0	0	0	0	0	0	0			^Fast jab bruises right palm.
ucs_jab	right_hand	5	3		0	0	0	0	0	0	1	0	0	0	0			^Curling strike knocks right hand aside.
ucs_jab	right_hand	6	4		0	0	0	0	0	0	0	0	0	0	1			^Quick strike leaves a gouge on .*? right hand.
ucs_jab	right_hand	7	5		0	1	0	0	0	0	1	0	0	0	1			^Strong jab breaks a few fingers on the right hand.
ucs_jab	right_hand	8	8		0	2	0	0	0	0	1	0	0	0	1			^Heavy chop shatters bones in right wrist.
ucs_jab	right_hand	9	11		0	3	0	0	0	0	1	0	0	0	2			^Twisting jab dislocates right wrist.
ucs_jab	right_hand	10	14		0	4	0	0	0	0	1	0	0	0	2			^Scraping blow to right hand exposes several bones to air.
ucs_jab	right_hand	11	17		0	5	0	0	0	0	1	0	0	0	2			^Fantastic strike to right hand reduces it to pulp.
ucs_jab	left_leg	1	0		0	0	0	0	0	0	0	0	0	0	0			^Fast but ineffective blow to left hip.
ucs_jab	left_leg	2	0		0	0	0	0	0	0	0	0	0	0	0			^Low jab glances off the left thigh.
ucs_jab	left_leg	3	1		0	0	0	0	0	0	0	0	0	0	0			^Downward\-swinging jab lands a swift blow against the left ankle.
ucs_jab	left_leg	4	2		0	0	0	0	0	0	1	0	0	0	0			^Quick blow to left knee makes .*? wince.
ucs_jab	left_leg	7	7		0	2	0	0	0	0	1	0	0	0	1			^Powerful jab to left leg staggers .*?.
ucs_jab	left_leg	8	10	prone	0	3	0	0	0	0	0	0	0	0	2			^Hard jab to upper left leg fractures the tibia.
ucs_jab	left_leg	9	13	prone	0	4	0	0	0	0	0	0	0	0	2			^Left foot smashed by quickly descending fist.
ucs_jab	left_leg	10	16	prone	0	5	0	0	0	0	1	0	0	0	2			^Left knee smashed into pieces.
ucs_jab	left_leg	11	19	prone	0	6	0	0	0	0	1	0	0	0	2			^Fantastic blow to left leg cracks femur and pushes it out through the skin.
ucs_jab	right_leg	0	0		0	0	0	0	0	0	0	0	0	0	0			^.*? probably scratches himself harder than that.
ucs_jab	right_leg	1	0		0	0	0	0	0	0	0	0	0	0	0			^Fast but ineffective blow to right hip.
ucs_jab	right_leg	2	0		0	0	0	0	0	0	0	0	0	0	0			^Low jab glances off the right thigh.
ucs_jab	right_leg	3	1		0	0	0	0	0	0	0	0	0	0	0			^Downward\-swinging jab lands a swift blow against the right ankle.
ucs_jab	right_leg	4	2		0	0	0	0	0	0	1	0	0	0	0			^Quick blow to right knee makes .*? wince.
ucs_jab	right_leg	5	3	sitting	0	1	0	0	0	0	0	0	0	0	1			^Fast strike to inner thigh knocks .*? off\-balance.
ucs_jab	right_leg	6	5		0	2	0	0	0	0	0	0	0	0	1			^Damaging upper leg strike.
ucs_jab	right_leg	7	7		0	2	0	0	0	0	1	0	0	0	1			^Powerful jab to right leg staggers .*?.
ucs_jab	right_leg	8	10	prone	0	3	0	0	0	0	0	0	0	0	2			^Hard jab to upper right leg fractures the tibia.
ucs_jab	right_leg	9	13	prone	0	4	0	0	0	0	0	0	0	0	2			^Right foot smashed by quickly descending fist.
ucs_jab	right_leg	10	16	prone	0	5	0	0	0	0	1	0	0	0	2			^Right knee smashed into pieces.
ucs_jab	right_leg	11	19	prone	0	6	0	0	0	0	1	0	0	0	2			^Fantastic blow to right leg cracks femur and pushes it out through the skin.
ucs_kick	head	0	0		0	0	0	0	0	0	0	0	0	0	0			^Side kick to face barely grazes the chin.
ucs_kick	head	1	6		0	0	0	0	0	0	0	0	0	0	1			^Glancing roundhouse kick lands heel upside .*? face.
ucs_kick	head	2	12		0	2	0	0	0	0	0	0	0	0	1			^Head snaps backward from surprisingly fast kick to the jaw.
ucs_kick	head	3	18		0	3	0	0	0	0	0	0	0	0	1			^Sudden high kick nails .*? just between the eyes.
ucs_kick	head	4	24		0	4	0	0	0	0	0	0	0	0	2			^Flying axe kick seriously rattles .*? noggin.
ucs_kick	head	5	30		0	5	0	0	0	0	0	0	0	0	2			^.*? skull resonates like an ill-tuned drum.
ucs_kick	head	6	36		0	6	0	0	0	0	0	0	0	0	3			^Nose torn off from wheeling hook kick.
ucs_kick	head	7	42		0	7	0	0	0	1	0	0	0	0	3			^Rapid side kick knocks out several teeth.
ucs_kick	head	8	48		1	0	0	0	0	0	0	0	0	0	3			^Brutal head kick flips .*? over.
ucs_kick	head	9	56		1	0	0	0	0	0	0	0	0	0	3			^Knee drives into skull with a horrible .CRUNCH. sound.
ucs_kick	head	10	64		1	0	0	0	0	0	0	0	0	0	3			^Flying roundhouse lands severe blow to the head.
ucs_kick	head	11	72		1	0	0	0	0	0	0	0	0	0	3			^Double spin flying roundhouse shatters skull and turns brain to jelly.
ucs_kick	neck	0	0		0	0	0	0	0	0	0	0	0	0	0			^Awkward kick just brushes the throat.
ucs_kick	neck	1	6		0	0	0	0	0	0	0	0	0	0	1			^High kick impacts neck leaving a bruise.
ucs_kick	neck	2	12		0	2	0	0	0	0	0	0	0	0	1			^Arcing butterfly kick to the throat looks fancy, but does little injury.
ucs_kick	neck	3	18		0	3	0	0	0	0	0	0	0	0	1			^Swift high kick lands a solid blow to .*? neck.
ucs_kick	neck	4	24	sitting	0	4	0	0	0	0	0	0	0	0	2			^Descending axe kick strikes base of neck, staggering .*?.
ucs_kick	neck	5	30		0	5	0	0	0	0	0	0	1	0	2			^Rising hook kick catches .*? solidly in the throat, leading to gagging.
ucs_kick	neck	6	36	sitting	0	6	0	0	0	0	0	0	0	0	2			^Rapid scissor kick catches neck and pulls .*? off\-balance.
ucs_kick	neck	7	42		0	7	0	0	0	1	0	0	0	0	3			^Rapidly moving foot crushes the windpipe.
ucs_kick	neck	8	48		1	0	0	0	0	0	0	0	0	0	3			^Tremendous side kick snaps neck instantly.
ucs_kick	neck	9	54		1	0	0	0	0	0	0	0	0	0	3			^High flying kick drives toe deep into the neck, cutting off blood and air simultaneously.
ucs_kick	neck	10	60		1	0	0	0	0	0	0	0	0	0	3			^Reverse roundhouse impacts base of neck, driving upper spine through the throat.
ucs_kick	neck	11	66		1	0	0	0	0	0	0	0	0	0	3			^Magnificent rising side kick smashes through .*? neck, removing .*? head from .*? body.
ucs_kick	left_eye	0	0		0	0	0	0	0	0	0	0	0	0	0			^High kick connects just above left eye, ruffling the eyebrow.
ucs_kick	left_eye	1	6		0	0	0	0	0	0	0	0	0	0	1			^Sharp upward kick bruises left eye.
ucs_kick	left_eye	2	12		0	1	0	0	0	0	0	0	0	0	1			^Front kick catches .*? below the left eye, blackening it.
ucs_kick	left_eye	3	18		0	2	0	0	0	0	0	0	0	0	1			^High butterfly kick impacts left eye and rocks .*? back.
ucs_kick	left_eye	4	24		0	3	0	0	0	0	0	0	0	0	2			^Side kick slams into left side of head, damaging the eye.
ucs_kick	left_eye	5	30		0	4	0	0	0	0	0	0	0	0	2			^Hooking kick to left eye dazes .*?.
ucs_kick	left_eye	6	36		0	6	0	0	0	0	0	0	0	0	2			^High arcing kick causes severe swelling over the left eye.
ucs_kick	left_eye	7	42	prone	0	8	0	0	1	0	0	0	0	0	3			^Descending axe kick impacts just above left eye, knocking the living daylights out of .*?.
ucs_kick	left_eye	8	48		1	0	0	0	0	0	0	0	0	0	3	head	1	^Swift roundhouse to left eye cracks the socket.
ucs_kick	left_eye	9	56		1	0	0	0	0	0	0	0	0	0	3	head	2	^Flying axe kick smashes left eye out of head, pulling bits of brain matter with it.
ucs_kick	left_eye	10	64		1	0	0	0	0	0	0	0	0	0	3	head	3	^Magnificent reverse roundhouse drives heel of foot into .*? head through the left eye socket.
ucs_kick	left_eye	11	72		1	0	0	0	0	0	0	0	0	0	3	head	3	^Spinning aerial kick removes left eye from head, and head from body.
ucs_kick	right_eye	0	0		0	0	0	0	0	0	0	0	0	0	0			^High kick connects just above right eye, ruffling the eyebrow.
ucs_kick	right_eye	1	6		0	0	0	0	0	0	0	0	0	0	1			^Sharp upward kick bruises right eye.
ucs_kick	right_eye	2	12		0	1	0	0	0	0	0	0	0	0	1			^Front kick catches .*? below the right eye, blackening it.
ucs_kick	right_eye	3	18		0	2	0	0	0	0	0	0	0	0	1			^High butterfly kick impacts right eye and rocks .*? back.
ucs_kick	right_eye	4	24		0	3	0	0	0	0	0	0	0	0	2			^Side kick slams into right side of head, damaging the eye.
ucs_kick	right_eye	5	30		0	4	0	0	0	0	0	0	0	0	2			^Hooking kick to right eye dazes .*?.
ucs_kick	right_eye	6	36		0	6	0	0	0	0	0	0	0	0	2			^High arcing kick causes severe swelling over the right eye.
ucs_kick	right_eye	7	42	prone	0	8	0	0	1	0	0	0	0	0	3			^Descending axe kick impacts just above right eye, knocking the living daylights out of .*?.
ucs_kick	right_eye	8	48		1	0	0	0	0	0	0	0	0	0	3	head	1	^Swift roundhouse to right eye cracks the socket.
ucs_kick	right_eye	9	56		1	0	0	0	0	0	0	0	0	0	3	head	2	^Flying axe kick smashes right eye out of head, pulling bits of brain matter with it.
ucs_kick	right_eye	10	64		1	0	0	0	0	0	0	0	0	0	3	head	3	^Magnificent reverse roundhouse drives heel of foot into .*? head through the right eye socket.
ucs_kick	right_eye	11	72		1	0	0	0	0	0	0	0	0	0	3	head	3	^Spinning aerial kick removes right eye from head, and head from body.
ucs_kick	chest	0	0		0	0	0	0	0	0	0	0	0	0	0			^Fast kick to chest doesn't even make .*? blink.
ucs_kick	chest	1	8		0	0	0	0	0	0	0	0	0	0	1			^Rapid kick to the chest connects with a dull .THUD..
ucs_kick	chest	2	16		0	2	0	0	0	0	0	0	0	0	1			^Leaping butterfly kick to the chest forces .*? backwards.
ucs_kick	chest	3	24		0	3	0	0	0	0	0	0	0	0	1			^Solid front kick causes heart to skip wildly for a moment.
ucs_kick	chest	4	32		0	4	0	0	0	0	0	0	0	0	1			^Feint to left leaves opening for a solid front kick to the chest.
ucs_kick	chest	5	40		0	5	0	0	0	0	0	0	0	0	2			^Sweeping side kick brings full weight to land against .*? chest.
ucs_kick	chest	6	48		0	6	0	0	0	0	0	0	0	0	2			^Flying kick impacts center of chest.
ucs_kick	chest	7	56		0	8	0	0	0	0	0	0	0	0	3			^Quickly descending axe kick shatters several ribs.
ucs_kick	chest	8	64		1	0	0	0	0	0	0	0	0	0	3			^Strong roundhouse penetrates the chest.
ucs_kick	chest	9	72		1	0	0	0	0	0	0	0	0	0	3	back	2	^Perfectly targeted flying kick drives foot through center of chest.
ucs_kick	chest	10	80		1	0	0	0	0	0	0	0	0	0	3	back	3	^Rapid spin brings leg around with immense power, caving in .*? entire torso in the process.
ucs_kick	chest	11	88		1	0	0	0	0	0	0	0	0	0	3	back	2	^Devastating reverse roundhouse sends .*? flying, only to land in a crumpled heap.
ucs_kick	abdomen	0	0		0	0	0	0	0	0	0	0	0	0	0			^Light kick to abdomen doesn't do any significant damage.
ucs_kick	abdomen	1	8		0	0	0	0	0	0	0	0	0	0	1			^Quick kick to abdomen.
ucs_kick	abdomen	2	16		0	1	0	0	0	0	0	0	0	0	1			^Swift kick to side jars .*? momentarily.
ucs_kick	abdomen	3	24		0	2	0	0	0	0	0	2	0	0	1			^Rotating kick catches .*? in the pit of the stomach.
ucs_kick	abdomen	4	32	sitting	0	3	0	0	0	0	0	0	0	0	1			^Sharp kick to the side puts .*? off\-balance.
ucs_kick	abdomen	5	40		0	4	0	0	0	0	0	5	0	0	2			^Front kick to midsection doubles .*? over.
ucs_kick	abdomen	6	48		0	5	0	0	0	0	0	0	0	0	2			^Well executed roundhouse knocks .*? back.
ucs_kick	abdomen	7	56	prone	0	6	0	0	0	0	0	0	0	0	3			^Strong kick to gut knocks .*? back a few feet.
ucs_kick	abdomen	8	64		1	0	0	0	0	0	0	0	0	0	3			^Well\-aimed hook kick strikes a vital spot in the abdomen... from the inside.
ucs_kick	abdomen	9	72		1	0	0	0	0	0	0	0	0	0	3			^Powerful front kick connects with a sickening .CRUNCH., shattering bones and rupturing internal organs.
ucs_kick	abdomen	10	80		1	0	0	0	0	0	0	0	0	0	3	back	2	^Reverse roundhouse drives through abdomen, stopping only when it encounters the spine.
ucs_kick	abdomen	11	88		1	0	0	0	0	0	0	0	0	0	3	back	3	^Amazing kick goes through abdomen without slowing, sending stomach flying out through the back.
ucs_kick	back	0	0		0	0	0	0	0	0	0	0	0	0	0			^Poorly\-executed kick impacts the back with no real force.
ucs_kick	back	1	8		0	0	0	0	0	0	0	0	0	0	1			^Kick to lower back leaves a minor bruise.
ucs_kick	back	2	16		0	0	0	0	0	0	0	0	0	0	1			^Jumping butterfly kick connects squarely with upper back.
ucs_kick	back	3	24		0	2	0	0	0	0	0	0	0	0	1			^Solid kick impacts .*? back.
ucs_kick	back	4	32		0	3	0	0	0	0	0	5	0	0	1			^Square kick to back knocks the wind out of .*?.
ucs_kick	back	5	40		0	4	0	0	0	0	0	0	0	0	2			^Hooking kick connects with .*? side, injuring back.
ucs_kick	back	6	48	kneeling	0	5	0	0	0	0	0	0	0	0	2			^Flawless roundhouse to the back forces .*? to stumble forward.
ucs_kick	back	7	56	prone	0	6	0	0	0	0	0	0	0	0	3			^Fluid move followed by a leaping kick to back.
ucs_kick	back	8	64		0	7	0	0	0	0	0	0	0	0	3			^.*? attempts to evade, but moves directly into the path of a flying kick.
ucs_kick	back	9	72		0	8	0	0	0	0	0	0	0	0	3			^Flying kick shatters spine in multiple places.
ucs_kick	back	10	80		1	0	0	0	0	0	0	0	0	0	3	chest	3	^Shattering kick to spine sends .*? flying through the air, already fully limp.
ucs_kick	back	11	88		1	0	0	0	0	0	0	0	0	0	3	abdomen	3	^Reverse roundhouse punches through back, organs, and out through the stomach.
ucs_kick	left_arm	0	0		0	0	0	0	0	0	0	0	0	0	0			^Snap kick to elbow falls just short, barely impacting the arm.
ucs_kick	left_arm	1	5		0	0	0	0	0	0	0	0	0	0	1			^Front kick catches .*? left forearm, leaving a bruise.
ucs_kick	left_arm	2	10		0	1	0	0	0	0	0	0	0	0	1			^Butterfly kick looks impressive, but impact to left forearm only pushes .*? back a bit.
ucs_kick	left_arm	3	15		0	2	0	0	0	0	0	0	0	0	1			^Sudden kick to left elbow bends joint the wrong way.
ucs_kick	left_arm	4	20		0	3	0	0	0	0	0	0	0	0	2			^Leaping kick smashes into left shoulder.
ucs_kick	left_arm	5	25		0	4	0	0	0	0	0	0	0	0	2			^Hard kick to upper arm tears several muscles.
ucs_kick	left_arm	6	30	prone	0	5	0	0	0	0	0	0	0	0	2			^Tumbling scissor kick traps left arm and yanks it down hard.
ucs_kick	left_arm	7	35		0	5	0	0	0	0	1	0	0	0	2			^Fast\-descending axe kick cracks collarbone and numbs left arm.
ucs_kick	left_arm	8	40		0	7	1	0	0	0	0	0	0	0	3			^Powerful roundhouse kick catches .*? under the left armpit and continues through.
ucs_kick	left_arm	9	45		0	8	1	0	0	0	0	0	0	0	3			^Jump kick lands heavily against upper left arm, crushing the humerus.
ucs_kick	left_arm	10	50		0	9	1	0	0	0	0	0	0	0	3			^Reverse roundhouse removes left forearm at the elbow.
ucs_kick	left_arm	11	55	prone	0	10	1	0	0	0	0	0	0	0	3			^Flying axe kick brings full weight to bear on .*? left shoulder, ripping it from .*? socket.
ucs_kick	right_arm	1	5		0	0	0	0	0	0	0	0	0	0	1			^Front kick catches .*? right forearm, leaving a bruise.
ucs_kick	right_arm	2	10		0	1	0	0	0	0	0	0	0	0	1			^Butterfly kick looks impressive, but impact to right forearm only pushes .*? back a bit.
ucs_kick	right_arm	3	15		0	2	0	0	0	0	0	0	0	0	1			^Sudden kick to right elbow bends joint the wrong way.
ucs_kick	right_arm	4	20		0	3	0	0	0	0	0	0	0	0	2			^Leaping kick smashes into right shoulder.
ucs_kick	right_arm	6	30	prone	0	5	0	0	0	0	0	0	0	0	2			^Tumbling scissor kick traps right arm and yanks it down hard.
ucs_kick	right_arm	7	35		0	5	0	0	0	0	1	0	0	0	2			^Fast\-descending axe kick cracks collarbone and numbs right arm.
ucs_kick	right_arm	8	40	prone	0	6	0	0	0	0	0	0	0	0	3			^Powerful roundhouse kick catches .*? under the right armpit and continues through.
ucs_kick	right_arm	9	45		0	8	0	0	0	0	0	0	0	0	3			^Jump kick lands heavily against upper right arm, crushing the humerus.
ucs_kick	right_arm	10	50		0	9	0	0	0	0	0	0	0	0	3			^Reverse roundhouse removes right forearm at the elbow.
ucs_kick	right_arm	11	55	prone	0	10	0	0	0	0	0	0	0	0	3			^Flying axe kick brings full weight to bear on .*? right shoulder, ripping it from .*? socket.
ucs_kick	left_hand	0	0		0	0	0	0	0	0	0	0	0	0	0			^Clumsy kick connects with .*? left fist, not even bruising the knuckles.
ucs_kick	left_hand	1	4		0	0	0	0	0	0	0	0	0	0	1			^Front kick connects with left wrist, knocking the hand back.
ucs_kick	left_hand	2	8		0	1	0	0	0	0	0	0	0	0	1			^Butterfly kick takes .*? by surprise, landing suddenly on the left hand.
ucs_kick	left_hand	3	12		0	2	0	0	0	0	0	0	0	0	1			^Diversion to the right suddenly turns into a kick to the left, crushing fingers on the hand.
ucs_kick	left_hand	4	16		0	3	0	0	0	0	1	0	0	0	1			^Snap kick to chest suddenly shifts to left hand, driving it far sideways.
ucs_kick	left_hand	5	20		0	4	0	0	0	0	0	0	0	0	2			^Heel of (?:right|left) foot meets heel of left hand.
ucs_kick	left_hand	6	24	kneeling	0	5	0	0	0	0	0	0	0	0	2			^Flying scissor kick traps left hand and drags it down hard.
ucs_kick	left_hand	7	28		0	6	0	0	0	0	1	0	0	0	2			^Axe kick drops rapidly, handily smashing the left wrist.
ucs_kick	left_hand	8	32		0	7	1	0	0	0	0	0	0	0	3			^Quick flying kick utterly shatters the left wrist.
ucs_kick	left_hand	9	36		0	8	1	0	0	0	0	0	0	0	3			^Wrist snaps and leaves left hand dangling like a limp noodle
ucs_kick	left_hand	10	40	prone	0	9	1	0	0	0	0	0	0	0	3			^Awesome reverse roundhouse takes off .*? left hand and sends .*? sprawling.
ucs_kick	left_hand	11	44	prone	0	10	1	0	0	0	0	0	0	0	3			^Left hand caught between descending heel and the ground.
ucs_kick	right_hand	0	0		0	0	0	0	0	0	0	0	0	0	0			^Clumsy kick connects with .*? right fist, not even bruising the knuckles.
ucs_kick	right_hand	1	4		0	0	0	0	0	0	0	0	0	0	1			^Front kick connects with right wrist, knocking the hand back.
ucs_kick	right_hand	2	8		0	1	0	0	0	0	0	0	0	0	1			^Butterfly kick takes .*? by surprise, landing suddenly on the right hand.
ucs_kick	right_hand	3	12		0	2	0	0	0	0	0	0	0	0	1			^Diversion to the left suddenly turns into a kick to the right, crushing fingers on the hand.
ucs_kick	right_hand	4	16		0	3	0	0	0	0	1	0	0	0	1			^Snap kick to chest suddenly shifts to right hand, driving it far sideways.
ucs_kick	right_hand	5	20		0	4	0	0	0	0	0	0	0	0	2			^Heel of (?:right|left) foot meets heel of right hand.
ucs_kick	right_hand	6	24	kneeling	0	5	0	0	0	0	0	0	0	0	2			^Flying scissor kick traps right hand and drags it down hard.
ucs_kick	right_hand	7	28		0	6	0	0	0	0	1	0	0	0	2			^Axe kick drops rapidly, handily smashing the right wrist.
ucs_kick	right_hand	8	32		0	7	1	0	0	0	0	0	0	0	3			^Quick flying kick utterly shatters the right wrist.
ucs_kick	right_hand	9	36		0	8	1	0	0	0	0	0	0	0	3			^Wrist snaps and leaves right hand dangling like a limp noodle.
ucs_kick	right_hand	10	40	prone	0	9	1	0	0	0	0	0	0	0	3			^Awesome reverse roundhouse takes off .*? right hand and sends .*? sprawling.
ucs_kick	right_hand	11	44	prone	0	10	1	0	0	0	0	0	0	0	3			^Right hand caught between descending heel and the ground.
ucs_kick	left_leg	0	0		0	0	0	0	0	0	0	0	0	0	0			^Sudden low kick is off\-target, scraping .*? shin.
ucs_kick	left_leg	1	5		0	0	0	0	0	0	0	0	0	0	1			^Sharp downward kick leaves a bruise on .*? left leg.
ucs_kick	left_leg	2	10		0	1	0	0	0	0	0	0	0	0	1			^Snap kick to left knee catches .*? by surprise.
ucs_kick	left_leg	3	15	kneeling	0	2	0	0	0	0	0	0	0	0	1			^Front kick catches the left shin, splintering bone.
ucs_kick	left_leg	4	20	kneeling	0	3	0	0	0	0	1	0	0	0	2			^Well\-aimed side kick gives .*? a limp.
ucs_kick	left_leg	5	25	prone	0	4	0	0	0	0	1	0	0	0	2			^Hook kick connects with left thigh, fracturing the hip.
ucs_kick	left_leg	6	30	prone	0	5	0	0	0	0	0	0	0	0	2			^Wheel kick connects with the left leg, tearing into tendons and muscle.
ucs_kick	left_leg	7	35	prone	0	6	0	0	0	0	1	0	0	0	2			^Low axe kick drives into side of left knee, shattering the joint.
ucs_kick	left_leg	8	40	prone	0	7	1	0	0	0	0	0	0	0	3			^Rapid twisting kick deals nasty double strike to lower left leg.
ucs_kick	left_leg	9	45	prone	0	8	1	0	0	0	0	0	0	0	3			^Flying kick connects with left knee and continues through to the other side.
ucs_kick	left_leg	10	50	prone	0	9	1	0	0	0	0	0	0	0	3			^Low reverse roundhouse sends left leg flying faster than the rest of .*?.
ucs_kick	left_leg	11	55	prone	0	10	1	0	0	0	0	0	0	0	3			^Sweeping side kick tears left leg out at hip, sending it flying.
ucs_kick	right_leg	1	5		0	0	0	0	0	0	0	0	0	0	1			^Sharp downward kick leaves a bruise on .*? right leg.
ucs_kick	right_leg	2	10		0	1	0	0	0	0	0	0	0	0	1			^Snap kick to right knee catches .*? by surprise.
ucs_kick	right_leg	3	15	kneeling	0	2	0	0	0	0	0	0	0	0	1			^Front kick catches the right shin, splintering bone.
ucs_kick	right_leg	4	20	kneeling	0	3	0	0	0	0	1	0	0	0	2			^Well\-aimed side kick gives .*? a limp.
ucs_kick	right_leg	5	25	prone	0	4	0	0	0	0	1	0	0	0	2			^Hook kick connects with right thigh, fracturing the hip.
ucs_kick	right_leg	6	30	prone	0	5	0	0	0	0	0	0	0	0	2			^Wheel kick connects with the right leg, tearing into tendons and muscle.
ucs_kick	right_leg	7	35	prone	0	6	0	0	0	0	1	0	0	0	2			^Low axe kick drives into side of right knee, shattering the joint.
ucs_kick	right_leg	8	40	prone	0	7	1	0	0	0	0	0	0	0	3			^Rapid twisting kick deals nasty double strike to lower right leg.
ucs_kick	right_leg	9	45	prone	0	8	1	0	0	0	0	0	0	0	3			^Flying kick connects with right knee and continues through to the other side.
ucs_kick	right_leg	10	50	prone	0	9	1	0	0	0	0	0	0	0	3			^Low reverse roundhouse sends right leg flying faster than the rest of .*?.
ucs_kick	right_leg	11	55	prone	0	10	1	0	0	0	0	0	0	0	3			^Sweeping side kick tears right leg out at hip, sending it flying.
ucs_punch	head	0	0		0	0	0	0	0	0	0	0	0	0	0			^Strike comes up short, barely brushing the cheek.
ucs_punch	head	1	4		0	0	0	0	0	0	0	0	0	0	1			^Glancing blow to the ear.
ucs_punch	head	2	8		0	1	0	0	0	0	0	0	0	0	1			^Hard punch to the jaw momentarily dazes .*?.
ucs_punch	head	3	12		0	2	0	0	0	0	0	0	0	0	1			^Straight strike to face.
ucs_punch	head	4	16		0	4	0	0	0	0	0	0	1	0	2			^Sucker punch to the chin.
ucs_punch	head	5	20		0	5	0	0	0	0	0	0	0	0	2			^Spinning backfist snaps .*? head to the side.
ucs_punch	head	6	25		0	6	0	0	0	0	0	0	1	0	2			^Solid blow to the jaw leaves .*? spitting blood... and teeth.
ucs_punch	head	7	30	kneeling	0	8	0	0	0	1	0	0	0	0	1			^Strong downward swing staggers .*? and dents skull.
ucs_punch	head	8	35		1	0	0	0	0	0	0	0	0	0	3			^Palm strike to face drives nose straight into brain.
ucs_punch	head	9	40		1	0	0	0	0	0	0	0	0	0	3			^Awesome punch to forehead snaps head straight back with a sickening CRUNCH.
ucs_punch	head	10	45		1	0	0	0	0	0	0	0	0	0	3			^Teeth knocked out... through the back of .*? head.
ucs_punch	head	11	50		1	0	0	0	0	0	0	0	0	0	3	both_eyes	2	^Explosive punch to the face leaves little else than a pulpy mass of blood, bone, and brain matter.
ucs_punch	neck	0	0		0	0	0	0	0	0	0	0	0	0	0			^.*? twists around and the blow only grazes the neck.
ucs_punch	neck	1	4		0	0	0	0	0	0	0	0	0	0	1			^Fast but ineffective punch to the side of .*? neck.
ucs_punch	neck	2	8		0	2	0	0	0	0	0	0	0	0	1			^Sudden swing snaps .*? head around, but results in little more than a case of whiplash.
ucs_punch	neck	3	12		0	3	0	0	0	0	0	0	0	0	1			^Shallow cut across side of neck distracts .*? but draws little blood.
ucs_punch	neck	4	16		0	4	0	0	0	0	0	0	0	0	1			^Wild swing connects with .*? neck and leaves a nasty bruise.
ucs_punch	neck	5	20		0	4	0	0	0	0	0	0	1	0	2			^Fast backfist connects with trachea, making .*? gasp for breath.
ucs_punch	neck	6	24		0	6	0	0	0	0	0	0	0	0	2			^Swift strike to the throat.
ucs_punch	neck	7	28		0	6	0	0	0	1	0	0	0	0	3			^Larynx crushed.
ucs_punch	neck	8	32		0	8	0	0	0	1	0	0	1	0	3			^Uppercut compresses the diaphragm.
ucs_punch	neck	9	36		1	0	0	0	0	0	0	0	0	0	3			^Jugular severed by quick crossover punch.
ucs_punch	neck	10	40		1	0	0	0	0	0	0	0	0	0	3			^Carotid artery crushed by strong blow to neck.
ucs_punch	neck	11	45		1	0	0	0	0	0	0	0	0	0	3	back	2	^Spine severed by brutal strike to the back of the neck.
ucs_punch	left_eye	0	0		0	0	0	0	0	0	0	0	0	0	0			^Quick tap to the eye doesn't even leave a mark.
ucs_punch	left_eye	1	4		0	0	0	0	0	0	0	0	0	0	1			^Fist barely grazes the eye.
ucs_punch	left_eye	2	8		0	2	0	0	0	0	0	0	0	0	1			^What starts off as a good strike to the left eye lands badly, leaving only an ugly bruise.
ucs_punch	left_eye	3	12		0	3	0	0	0	0	0	0	0	0	1			^Heel of hand impacts left eye, causing immediate swelling.
ucs_punch	left_eye	4	16		0	4	0	0	0	0	0	0	0	0	2			^Left eyebrow cut open by a solid strike.
ucs_punch	left_eye	5	20		0	5	0	0	0	0	0	0	0	1	2			^Backfist slams into the left eye, immediately blurring .*? vision.
ucs_punch	left_eye	6	25		0	6	0	0	0	0	0	0	0	0	2			^Wild swing lands solidly on .*? left eye.
ucs_punch	left_eye	7	30		0	8	0	0	0	0	0	0	0	0	3			^Powerful uppercut crushes left eye like jelly.
ucs_punch	left_eye	8	35		1	0	0	0	0	0	0	0	0	0	3	head	2	^Stiffened fingers punch right through left eye and into the head.
ucs_punch	left_eye	9	40		1	0	0	0	0	0	0	0	0	0	3			^Stiff crossover punch drives through left eye like it isn't even there.
ucs_punch	left_eye	10	45		1	0	0	0	0	0	0	0	0	0	3	head	3	^Lightning\-fast punch pushes left eye deep into skull.
ucs_punch	left_eye	11	50		1	0	0	0	0	0	0	0	0	0	3	head	3	^Powerful descending side\-hand strike drives both eyes deep into brain.
ucs_punch	right_eye	2	8		0	2	0	0	0	0	0	0	0	0	1			^What starts off as a good strike to the right eye lands badly, leaving only an ugly bruise.
ucs_punch	right_eye	3	12		0	3	0	0	0	0	0	0	0	0	1			^Heel of hand impacts right eye, causing immediate swelling.
ucs_punch	right_eye	4	16		0	4	0	0	0	0	0	0	0	0	2			^Right eyebrow cut open by a solid strike.
ucs_punch	right_eye	5	20		0	5	0	0	0	0	0	0	0	1	2			^Backfist slams into the right eye, immediately blurring .*? vision.
ucs_punch	right_eye	6	25		0	6	0	0	0	0	0	0	0	0	2			^Wild swing lands solidly on .*? right eye.
ucs_punch	right_eye	7	30		0	8	0	0	0	0	0	0	0	0	3			^Powerful uppercut crushes right eye like jelly.
ucs_punch	right_eye	8	35		1	0	0	0	0	0	0	0	0	0	3	head	2	^Stiffened fingers punch right through right eye and into the head.
ucs_punch	right_eye	9	40		1	0	0	0	0	0	0	0	0	0	3			^Stiff crossover punch drives through right eye like it isn't even there.
ucs_punch	right_eye	10	45		1	0	0	0	0	0	0	0	0	0	3	head	3	^Lightning\-fast punch pushes right eye deep into skull.
ucs_punch	chest	0	0		0	0	0	0	0	0	0	0	0	0	0			^Pathetic strike to chest.
ucs_punch	chest	1	5		0	0	0	0	0	0	0	0	0	0	1			^Weak strike to chest makes .*? grunt, but nothing else.
ucs_punch	chest	2	10		0	0	0	0	0	0	0	0	0	0	1			^Strike to chest leaves a bruise.
ucs_punch	chest	3	15		0	1	0	0	0	0	0	0	0	0	1			^Rib shot.
ucs_punch	chest	4	20		0	2	0	0	0	0	0	0	0	0	1			^Uppercut to solar plexus.
ucs_punch	chest	5	25		0	3	0	0	0	0	0	5	0	0	2			^Quick strike to sternum makes .*? gasp for air.
ucs_punch	chest	6	30		0	4	0	0	0	0	0	0	0	0	2			^.*? gasps as a rib breaks.
ucs_punch	chest	7	35		0	5	0	0	0	0	0	0	0	0	2			^Swift descending strike drives a rib into a lung.
ucs_punch	chest	8	40		0	6	0	0	0	0	0	10	0	0	3			^Sudden impact to chest.
ucs_punch	chest	9	45		0	8	0	0	0	0	0	0	0	0	3			^Fist drives through ribs and into chest.
ucs_punch	chest	10	50		1	0	0	0	0	0	0	0	0	0	3			^Massive descending punch shatters rib cage, causing corresponding massive internal damage.
ucs_punch	chest	11	55		1	0	0	0	0	0	0	0	0	0	3			^Awesome spear hand strike penetrates solar plexus and ruptures the heart.
ucs_punch	abdomen	0	0		0	0	0	0	0	0	0	0	0	0	0			^Light punch to stomach tickles slightly, but .*? doesn't look amused.
ucs_punch	abdomen	1	5		0	0	0	0	0	0	0	0	0	0	1			^Slap across the belly (?:doesn't|barely) leaves? a mark.
ucs_punch	abdomen	2	10		0	0	0	0	0	0	0	2	0	0	1			^Swift blow to gut causes .*? to gasp, and leaves behind a light bruise.
ucs_punch	abdomen	3	15		0	2	0	0	0	0	0	0	0	0	1			^Hard, swift strike to the side of the abdomen, but no major damage.
ucs_punch	abdomen	4	20		0	3	0	0	0	0	0	0	0	0	1			^Sinking strike to the gut.
ucs_punch	abdomen	5	25		0	4	0	0	0	0	0	0	0	0	2			^Spinning backfist bruises internal organs.
ucs_punch	abdomen	6	30		0	4	0	0	0	0	0	10	0	0	2			^Cross punch to abdomen drives breath out with a WHOOF.
ucs_punch	abdomen	7	35		0	5	0	0	0	0	0	0	0	0	2			^Punishing strike to the stomach.
ucs_punch	abdomen	8	40		0	6	0	0	0	0	0	0	0	0	3			^Fast hooking punch tears a ragged gash across the abdomen.
ucs_punch	abdomen	9	45		1	0	0	0	0	0	0	0	0	0	3			^Hard strike to abdomen nearly reaches the spine.
ucs_punch	abdomen	10	50		1	0	0	0	0	0	0	0	0	0	3	back	2	^Overhand descending smash punches stomach and intestines out of .*? body.
ucs_punch	abdomen	11	55		1	0	0	0	0	0	0	0	0	0	3	back	3	^Amazing full\-arm haymaker smashes stomach out through the back.
ucs_punch	back	0	0		0	0	0	0	0	0	0	0	0	0	0			^Ineffectual strike to back.
ucs_punch	back	1	5		0	0	0	0	0	0	0	0	0	0	1			^Quick punch to back barely rocks .*? back.
ucs_punch	back	2	10		0	0	0	0	0	0	0	0	0	0	1			^Attempted rabbit punch falls short, leaving only a small bruise.
ucs_punch	back	3	15		0	0	0	0	0	0	0	0	0	0	1			^Crossover punch lands a solid hit at the small of the back.
ucs_punch	back	4	20		0	2	0	0	0	0	0	5	0	0	1			^Strike to shoulder blade briefly staggers .*?.
ucs_punch	back	5	25		0	3	0	0	0	0	0	0	0	0	2			^Blow to kidney.
ucs_punch	back	6	30		0	4	0	0	0	0	0	0	0	0	2			^Fast, painful strike to lower back.
ucs_punch	back	7	35		0	5	0	0	0	0	0	0	0	0	2			^Swift, repeated blows fracture several vertebrae over .*? back.
ucs_punch	back	8	40		0	6	0	0	0	0	0	0	0	0	3			^Nasty punch sinks into the lower back.
ucs_punch	back	9	45	kneeling	0	8	0	0	0	0	0	10	0	0	3			^Powerful blow damages spine, making it difficult for .*? to straighten up.
ucs_punch	back	10	50	sitting	0	10	0	0	0	0	0	20	0	0	3			^Crippling blow to spinal column.
ucs_punch	back	11	55		1	0	0	0	0	0	0	0	0	0	3	abdomen	2	^Amazing punch to lower spine pushes it out through the abdomen.
ucs_punch	left_arm	0	0		0	0	0	0	0	0	0	0	0	0	0			^Lackluster strike to left arm fails to impress.
ucs_punch	left_arm	1	4		0	0	0	0	0	0	0	0	0	0	1			^Quick punch to left arm doesn't do any real damage.
ucs_punch	left_arm	2	8		0	0	0	0	0	0	0	0	0	0	1			^Short punch to left forearm leaves a bruise.
ucs_punch	left_arm	3	12		0	0	0	0	0	0	1	0	0	0	1			^Lucky hit to funny bone momentarily numbs .*? left arm.
ucs_punch	left_arm	4	16		0	1	0	0	0	0	1	0	0	0	1			^Strong hook from the side pins left elbow against the torso.
ucs_punch	left_arm	5	20		0	2	0	0	0	0	0	0	0	0	2			^Wild swing heavily impacts left forearm, fracturing the bone.
ucs_punch	left_arm	6	24		0	3	0	0	0	0	0	0	0	0	2			^Descending hand impacts left shoulder, fracturing the clavicle.
ucs_punch	left_arm	7	28		0	4	0	0	0	0	0	0	0	0	2			^Furious punch to the left arm cracks bones.
ucs_punch	left_arm	8	32		0	5	0	0	0	0	0	0	0	0	2			^Fully extended punch crushes the bones in .*? left arm.
ucs_punch	left_arm	9	36		0	6	1	0	0	0	0	0	0	0	3			^Descending fist shatters left arm at the elbow.
ucs_punch	left_arm	10	40		0	8	1	0	0	0	0	0	0	0	3			^Spinning haymaker catches left arm, ripping it off above the elbow.
ucs_punch	left_arm	11	44	prone	0	10	1	0	0	0	0	0	0	0	3			^Magnificent crossover punch removes everything below the left shoulder.
ucs_punch	right_arm	0	0		0	0	0	0	0	0	0	0	0	0	0			^Lackluster strike to right arm fails to impress.
ucs_punch	right_arm	1	4		0	0	0	0	0	0	0	0	0	0	1			^Quick punch to right arm doesn't do any real damage.
ucs_punch	right_arm	2	8		0	0	0	0	0	0	0	0	0	0	1			^Short punch to right forearm leaves a bruise.
ucs_punch	right_arm	3	12		0	0	0	0	0	0	1	0	0	0	1			^Lucky hit to funny bone momentarily numbs .*? right arm.
ucs_punch	right_arm	4	16		0	1	0	0	0	0	1	0	0	0	1			^Strong hook from the side pins right elbow against the torso.
ucs_punch	right_arm	5	20		0	2	0	0	0	0	0	0	0	0	2			^Wild swing heavily impacts right forearm, fracturing the bone.
ucs_punch	right_arm	6	24		0	3	0	0	0	0	0	0	0	0	2			^Descending hand impacts right shoulder, fracturing the clavicle.
ucs_punch	right_arm	7	28		0	4	0	0	0	0	0	0	0	0	2			^Furious punch to the right arm cracks bones.
ucs_punch	right_arm	8	32		0	5	0	0	0	0	0	0	0	0	2			^Fully extended punch crushes the bones in .*? right arm.
ucs_punch	right_arm	9	36		0	6	1	0	0	0	0	0	0	0	3			^Descending fist shatters right arm at the elbow.
ucs_punch	right_arm	10	40		0	8	1	0	0	0	0	0	0	0	3			^Spinning haymaker catches right arm, ripping it off above the elbow.
ucs_punch	right_arm	11	44	prone	0	10	1	0	0	0	0	0	0	0	3			^Magnificent crossover punch removes everything below the right shoulder.
ucs_punch	left_hand	0	0		0	0	0	0	0	0	0	0	0	0	0			^Ineffective hit only leads to bumped knuckles.
ucs_punch	left_hand	1	3		0	0	0	0	0	0	0	0	0	0	1			^Flailing strike barely slaps the wrist.
ucs_punch	left_hand	2	6		0	0	0	0	0	0	0	0	0	0	1			^Rap to the left hand, bloodying the knuckles.
ucs_punch	left_hand	3	9		0	0	0	0	0	0	0	0	0	0	1			^Hard punch to the center of left palm, leaving behind a large bruise.
ucs_punch	left_hand	4	12		0	0	0	0	0	0	1	0	0	0	1			^Wild side punch smashes into left hand, pinning it against .*? body.
ucs_punch	left_hand	5	15		0	2	0	0	0	0	0	0	0	0	2			^Swift attack bends fingers on left hand over on themselves with a sharp .SNAP..
ucs_punch	left_hand	6	18		0	3	0	0	0	0	0	0	0	0	2			^Backfist impacts the left wrist, hard.
ucs_punch	left_hand	7	21		0	4	0	0	0	0	1	0	0	0	2			^Quick chop crushes several fingers into uselessness.
ucs_punch	left_hand	8	24		0	5	0	0	0	0	0	0	0	0	2			^Stiffened straight spear hand attack drives straight through left palm.
ucs_punch	left_hand	9	27		0	6	1	0	0	0	0	0	0	0	3			^Swift chop above the hand shatters every bone in left wrist.
ucs_punch	left_hand	10	30		0	7	1	0	0	0	0	0	0	0	3			^Crushing strike to left hand renders it useless.
ucs_punch	left_hand	11	33		0	8	1	0	0	0	0	0	0	0	3			^Amazing strike to left hand means that .*? won't be making any .*? moves for a while.
ucs_punch	right_hand	2	6		0	0	0	0	0	0	0	0	0	0	1			^Rap to the right hand, bloodying the knuckles.
ucs_punch	right_hand	3	9		0	0	0	0	0	0	0	0	0	0	1			^Hard punch to the center of right palm, leaving behind a large bruise.
ucs_punch	right_hand	4	12		0	0	0	0	0	0	1	0	0	0	1			^Wild side punch smashes into right hand, pinning it against .*? body.
ucs_punch	right_hand	5	15		0	2	0	0	0	0	0	0	0	0	2			^Swift attack bends fingers on right hand over on themselves with a sharp .SNAP..
ucs_punch	right_hand	6	18		0	3	0	0	0	0	0	0	0	0	2			^Backfist impacts the right wrist, hard.
ucs_punch	right_hand	8	24		0	5	0	0	0	0	0	0	0	0	2			^Stiffened straight spear hand attack drives straight through right palm.
ucs_punch	right_hand	9	27		0	6	1	0	0	0	0	0	0	0	3			^Swift chop above the hand shatters every bone in right wrist.
ucs_punch	right_hand	10	30		0	7	1	0	0	0	0	0	0	0	3			^Crushing strike to right hand renders it useless.
ucs_punch	right_hand	11	33		0	8	1	0	0	0	0	0	0	0	3			^Amazing strike to right hand means that .*? won't be making any .*? moves for a while.
ucs_punch	left_leg	0	0		0	0	0	0	0	0	0	0	0	0	0			^Awkward punch gently brushes the left thigh.
ucs_punch	left_leg	1	4		0	0	0	0	0	0	0	0	0	0	1			^Downward strike clips left ankle, but barely leaves a mark.
ucs_punch	left_leg	2	8		0	0	0	0	0	0	0	0	0	0	1			^Punch lands low, bruising .*? left leg.
ucs_punch	left_leg	3	12		0	0	0	0	0	0	1	0	0	0	1			^Low punch bruises the inside of .*? left knee, but barely causes a limp.
ucs_punch	left_leg	4	16		0	0	0	0	0	0	1	0	0	0	1			^Descending fist ends its arc against left knee, sending .*? stumbling back.
ucs_punch	left_leg	5	20	prone	0	2	0	0	0	0	0	0	0	0	2			^Wide swing connects with left shin, sweeping it hard to the side.
ucs_punch	left_leg	6	24	prone	0	3	0	0	0	0	0	0	0	0	2			^Strong strike leaves a bloody gash on .*? left calf.
ucs_punch	left_leg	7	28	prone	0	4	0	0	0	0	0	0	0	0	2			^Well executed strike to .*? left leg fractures the fibula.
ucs_punch	left_leg	8	32	prone	0	4	0	0	0	0	1	0	0	0	2			^Rotating backhand cleanly snaps tibia.
ucs_punch	left_leg	9	36	prone	0	6	1	0	0	0	0	0	0	0	3			^Furious fast fist forces fibula fracture.
ucs_punch	left_leg	10	40	prone	0	7	1	0	0	0	0	0	0	0	3			^Blindingly fast hook smashes left knee beyond any hope of repair.
ucs_punch	left_leg	11	44	prone	0	8	1	0	0	0	0	0	0	0	3			^Awesome crossover punch shatters femur into a hundred pieces, shredding upper left leg.
ucs_punch	right_leg	0	0		0	0	0	0	0	0	0	0	0	0	0			^Awkward punch gently brushes the right thigh.
ucs_punch	right_leg	1	4		0	0	0	0	0	0	0	0	0	0	1			^Downward strike clips right ankle, but barely leaves a mark.
ucs_punch	right_leg	2	8		0	0	0	0	0	0	0	0	0	0	1			^Punch lands low, bruising .*? right leg.
ucs_punch	right_leg	3	12		0	0	0	0	0	0	1	0	0	0	1			^Low punch bruises the inside of .*? right knee, but barely causes a limp.
ucs_punch	right_leg	4	16		0	0	0	0	0	0	1	0	0	0	1			^Descending fist ends its arc against right knee, sending .*? stumbling back.
ucs_punch	right_leg	5	20	prone	0	2	0	0	0	0	0	0	0	0	2			^Wide swing connects with right shin, sweeping it hard to the side.
ucs_punch	right_leg	6	24	prone	0	3	0	0	0	0	0	0	0	0	2			^Strong strike leaves a bloody gash on .*? right calf.
ucs_punch	right_leg	7	28	prone	0	4	0	0	0	0	0	0	0	0	2			^Well executed strike to .*? right leg fractures the fibula.
ucs_punch	right_leg	10	40	prone	0	7	1	0	0	0	0	0	0	0	3			^Blindingly fast hook smashes right knee beyond any hope of repair.
ucs_punch	right_leg	11	44	prone	0	8	1	0	0	0	0	0	0	0	3			^Awesome crossover punch shatters femur into a hundred pieces, shredding upper right leg.
unbalance	head	0	0		0	0	0	0	0	0	0	0	0	0	0			^Slight push to .*? face.
unbalance	head	1	3		0	1	0	0	0	0	0	0	0	0	1			^Strike to head dizzies .*?.
unbalance	head	2	5	prone	0	1	0	0	0	0	0	0	0	0	1			^Strike to forehead causes .*? momentary dizziness.
unbalance	head	3	8		0	3	0	0	0	0	0	0	0	0	1			^Just like a brick to the head, without the imprint.
unbalance	head	4	11	prone	0	6	0	0	0	0	0	0	0	0	2			^Blow to the side of .*? head.
unbalance	head	5	13	prone	0	10	0	0	0	0	0	0	0	0	2			^Head strike stuns .*?.
unbalance	head	7	20	prone	0	15	0	0	0	0	0	0	0	0	2			^.*? falls to the ground stunned.
unbalance	head	8	30	prone	0	16	0	0	0	0	0	0	0	0	3			^Blow to the head shorts brain.
unbalance	head	9	40		1	0	0	0	0	0	0	0	0	0	3			^Awesome strike to the head.
unbalance	neck	0	0		0	0	0	0	0	0	0	0	0	0	0			^Slight push to .*? neck.
unbalance	neck	1	1		0	0	0	0	0	0	0	0	0	0	1			^Throat strike causes .*? to cough.
unbalance	neck	2	3	prone	0	1	0	0	0	0	0	0	0	0	1			^.*? is speechless.
unbalance	neck	3	5		0	2	0	0	0	0	0	0	0	0	1			^Whiplash.
unbalance	neck	4	8	prone	0	4	0	0	0	0	0	0	0	0	2			^Air supply cut off by sharp strike, .*? eyes bulge.
unbalance	neck	5	10	prone	0	8	0	0	0	0	0	0	0	0	2			^Neck shot.
unbalance	neck	7	14	prone	0	12	0	0	0	0	0	0	0	0	2			^Strike to neck throws .*? to the ground violently.
unbalance	neck	8	16	prone	0	13	0	0	0	0	0	0	0	0	3			^Blow to neck throws .*? to the ground violently.
unbalance	neck	9	20		1	0	0	0	0	0	0	0	0	0	3			^Neck strike throws .*?, snapping .*? neck in the process.
unbalance	left_eye	0	0		0	0	0	0	0	0	0	0	0	0	0			^Weak strike makes .*? eye bloodshot.
unbalance	left_eye	1	3		0	0	0	0	0	0	0	0	0	0	1			^.*? left eye swells suddenly, causing great pain.
unbalance	left_eye	2	5	prone	0	1	0	0	0	0	0	0	0	0	1			^Eye swells shut momentarily.
unbalance	left_eye	3	8	prone	0	4	0	0	0	0	0	0	0	0	1			^Nice shiner to left eye.
unbalance	left_eye	4	10	prone	0	6	0	0	0	0	0	0	0	0	2			^.*? spins in circles.
unbalance	left_eye	5	12	prone	0	10	0	0	0	0	0	0	0	0	2			^.*? staggers around blindly.
unbalance	left_eye	6	15	prone	0	12	0	0	0	0	0	0	0	0	2			^Blow to the eye dazes .*?.
unbalance	left_eye	7	18	prone	0	14	0	0	0	0	0	0	0	0	2			^.*? struggles on the ground to recover.
unbalance	left_eye	8	25	prone	0	16	0	0	0	0	0	0	0	0	3			^.*? struggles to recover balance but fails.
unbalance	left_eye	9	35		1	0	0	0	0	0	0	0	0	0	3	head	3	^Eye spins backward into skull.
unbalance	right_eye	1	3		0	0	0	0	0	0	0	0	0	0	1			^.*? right eye swells suddenly, causing great pain.
unbalance	right_eye	3	8	prone	0	3	0	0	0	0	0	0	0	0	1			^Nice shiner to right eye.
unbalance	chest	0	0		0	0	0	0	0	0	0	0	0	0	0			^Minor bruise to chest.
unbalance	chest	1	3		0	0	0	0	0	0	0	0	0	0	1			^Chest hit causes .*? to spin around like a halfling after a fresh tart.
unbalance	chest	2	5	prone	0	0	0	0	0	0	0	0	0	0	1			^Side strike shoves .*? several feet sideways.
unbalance	chest	3	8	prone	0	1	0	0	0	0	0	0	0	0	1			^Sudden impact knocks the wind out of .*?.
unbalance	chest	4	10		0	3	0	0	0	0	0	0	0	0	1			^.*? hits self trying to recover balance.
unbalance	chest	5	12	prone	0	5	0	0	0	0	0	0	0	0	2			^Chest strike sprawls .*? flat on back.
unbalance	chest	6	15	prone	0	6	0	0	0	0	0	0	0	0	2			^.*? [Kk]nocked back and stunned.
unbalance	chest	8	25	prone	0	10	0	0	0	0	0	0	0	0	2			^.*? knocked down stunned.
unbalance	chest	9	35	prone	0	15	0	0	0	0	0	0	0	0	3			^.*? drops to the ground like a sack of potatoes.
unbalance	abdomen	0	0		0	0	0	0	0	0	0	0	0	0	0			^Feeble stomach strike.
unbalance	abdomen	1	3		0	0	0	0	0	0	0	0	0	0	1			^Stomach strike knocks .*? backwards several feet.
unbalance	abdomen	2	5	prone	0	0	0	0	0	0	0	0	0	0	1			^Invisible force gives .*? a rabbit punch.
unbalance	abdomen	3	8	prone	0	1	0	0	0	0	0	0	0	0	2			^Upward thrust lifts .*? several inches off the ground.
unbalance	abdomen	4	10		0	3	0	0	0	0	0	0	0	0	1			^.*? clutches stomach.
unbalance	abdomen	5	12	prone	0	5	0	0	0	0	0	0	0	0	2			^Waves of nausea spread from stomach, incapacitating .*?.
unbalance	abdomen	7	18	prone	0	8	0	0	0	0	0	0	0	0	2			^Strike to solar plexus stuns .*?.
unbalance	abdomen	8	25	prone	0	10	0	0	0	0	0	0	0	0	2			^Strike to solar plexus drops .*? to the ground, stunned.
unbalance	abdomen	9	35	prone	0	15	0	0	0	0	0	0	0	0	3			^Strike to stomach sends .*? doubling over to the ground.
unbalance	back	0	0		0	0	0	0	0	0	0	0	0	0	0			^Tickled .*? back muscles
unbalance	back	1	3		0	0	0	0	0	0	0	0	0	0	1			^Strike to back throws .*? off balance momentarily.
unbalance	back	2	5	prone	0	0	0	0	0	0	0	0	0	0	1			^Severe low back pain.
unbalance	back	3	8	prone	0	1	0	0	0	0	0	0	0	0	1			^.*? stumbles forward, off balance.
unbalance	back	4	10		0	3	0	0	0	0	0	0	0	0	1			^.*? wrenches back trying to stay upright.
unbalance	back	5	12	prone	0	5	0	0	0	0	0	0	0	0	2			^Back strike.
unbalance	back	7	18	prone	0	8	0	0	0	0	0	0	0	0	2			^Strike to lower back stuns .*?.
unbalance	back	8	25	prone	0	10	0	0	0	0	0	0	0	0	2			^Strike to lower back drops .*? to the ground, stunned.
unbalance	back	9	35	prone	0	15	0	0	0	0	0	0	0	0	3			^.*? is thrown to the ground face first.
unbalance	left_arm	0	0		0	0	0	0	0	0	0	0	0	0	0			^Slight twitching in .*? shield arm.
unbalance	left_arm	1	1		0	0	0	0	0	0	0	0	0	0	1			^.*? (?:shield )?arm twists oddly but snaps right back.
unbalance	left_arm	2	3		0	0	0	0	0	0	0	0	0	0	1			^Jarring blow to .*? shield arm.
unbalance	left_arm	3	5		0	1	0	0	0	0	0	0	0	0	1			^Elbow wrenched.
unbalance	left_arm	4	8		0	2	0	0	0	0	0	0	0	0	1			^Arm jerked painfully upward.
unbalance	left_arm	5	10	prone	0	3	0	0	0	0	0	0	0	0	1			^.*? arm snaps trying to prevent fall.|.*? arm snaps trying to prevent fall.
unbalance	left_arm	7	14	prone	0	6	0	0	0	0	0	0	0	0	2			^Strike to arm spins .*? like a top.
unbalance	left_arm	8	16	prone	0	8	0	0	0	0	0	0	0	0	2			^Shattered the arm below the elbow, leaving only bloody strips of flesh.
unbalance	left_arm	9	20	prone	0	10	0	0	0	0	0	0	0	0	2			^Spun counterclockwise, .*? falls in a heap.
unbalance	right_arm	0	0		0	0	0	0	0	0	0	0	0	0	0			^Slight twitching in .*? weapon arm.
unbalance	right_arm	1	1		0	0	0	0	0	0	0	0	0	0	1			^.*? weapon arm twists oddly but snaps right back.
unbalance	right_arm	2	3		0	0	0	0	0	0	0	0	0	0	1			^Jarring blow to .*? weapon arm.
unbalance	right_arm	9	20		0	10	0	0	0	0	0	0	0	0	2			^Spun clockwise, .*? falls in a heap.
unbalance	left_hand	0	0		0	0	0	0	0	0	0	0	0	0	0			^Broken fingernail.
unbalance	left_hand	1	0		0	0	0	0	0	0	0	0	0	0	1			^.*? wrist twisted slightly.
unbalance	left_hand	2	1		0	0	0	0	0	0	0	0	0	0	1			^Finger jams and swells.
unbalance	left_hand	3	2		0	0	0	0	0	0	0	0	0	0	1			^Shot to hand spins .*? in circles.
unbalance	left_hand	4	3		0	1	0	0	0	0	0	0	0	0	1			^Left hand slammed.
unbalance	left_hand	5	4	prone	0	2	0	0	0	0	0	0	0	0	1			^.*? hand injured grasping for support.
unbalance	left_hand	8	20	prone	0	5	0	0	0	0	0	0	0	0	2			^.*? stunned by strike to hand.
unbalance	left_hand	9	12	prone	0	7	0	0	0	0	0	0	0	0	2			^Hand struck hard.
unbalance	right_hand	4	3		0	1	0	0	0	0	0	0	0	0	1			^Right hand slammed.
unbalance	left_leg	0	0		0	0	0	0	0	0	0	0	0	0	0			^Charlie horse to the left leg.
unbalance	left_leg	1	2		0	0	0	0	0	0	0	0	0	0	1			^.*? left leg jerks momentarily.
unbalance	left_leg	2	4	prone	0	0	0	0	0	0	0	0	0	0	1			^Kneecap wrenched.
unbalance	left_leg	3	6		0	1	0	0	0	0	0	0	0	0	1			^Sprained ankle.
unbalance	left_leg	4	9	prone	0	3	0	0	0	0	0	0	0	0	1			^.*? hops around dizzily on the other foot and falls.
unbalance	left_leg	5	11	prone	0	5	0	0	0	0	0	0	0	0	1			^Leg strike sends waves of pain through .*?.
unbalance	left_leg	6	14	prone	0	6	0	0	0	0	0	0	0	0	2			^Leg jerked violently.
unbalance	left_leg	7	17	prone	0	8	0	0	0	0	0	0	0	0	2			^.*? kneecap shatters sending bone fragments flying.
unbalance	left_leg	8	20	prone	0	10	0	0	0	0	0	0	0	0	2			^You shatter .*? left leg from the knee down.
unbalance	left_leg	9	25	prone	0	12	0	0	0	0	0	0	0	0	2			^.*? tries desperately to keep footing, but falls on rear instead.
unbalance	right_leg	0	0		0	0	0	0	0	0	0	0	0	0	0			^Charlie horse to the right leg.
unbalance	right_leg	1	2		0	0	0	0	0	0	0	0	0	0	1			^.*? right leg jerks momentarily.
unbalance	right_leg	8	20	prone	0	10	0	0	0	0	0	0	0	0	2			^You shatter .*? right leg from the knee down.
vacuum	head	0	0		0	0	0	0	0	0	0	0	0	0	0			^Ears pop, neat effect.
vacuum	head	1	5		0	0	0	0	0	0	0	0	0	0	1			^Ears pop loudly.
vacuum	head	2	10		0	1	0	0	0	0	0	0	0	0	1			^Blood trickles from nose.
vacuum	head	3	15		0	3	0	0	0	0	0	0	0	0	2			^Eyes bulge and blood trickles from ears and nose.
vacuum	head	4	20		0	6	0	0	0	0	0	0	0	0	2			^Blood gushes from ears and nose.
vacuum	head	5	25		0	10	0	0	0	0	0	0	0	0	3			^Decompression causes skull to crack, blood comes from ears and nose in a spurt.
vacuum	head	6	30		1	0	0	0	0	0	0	0	0	0	3			^Massive decompression causes head to erupt in an explosion of brain and bone.
vacuum	head	7	35		1	0	0	0	0	0	0	0	0	0	3			^Decompression liquifies what little brain .*? had.
vacuum	head	8	40		1	0	0	0	0	0	0	0	0	0	3			^Head decompresses and blood erupts from all orifices.
vacuum	head	9	50		1	0	0	0	0	0	0	0	0	0	3			^Head is vaporized by decompression.
vacuum	neck	0	0		0	0	0	0	0	0	0	0	0	0	0			^Swallows hard, sore but nothing else.
vacuum	neck	1	2		0	0	0	0	0	0	0	0	0	0	1			^Veins in neck stand out briefly.
vacuum	neck	2	5		0	1	0	0	0	0	0	0	0	0	1			^Throat swells to near bursting.
vacuum	neck	3	10		0	2	0	0	0	0	0	0	0	0	2			^Veins in neck swell.
vacuum	neck	4	12		0	4	0	0	0	0	0	0	0	0	2			^Veins in neck burst and throat swells.
vacuum	neck	5	15		0	8	0	0	0	0	0	0	0	0	3			^Neck erupts in a gory spurt of blood.
vacuum	neck	6	30		1	0	0	0	0	0	0	0	0	0	3			^In a massive display of gore, .*? neck explodes violently.
vacuum	neck	7	25		1	0	0	0	0	0	0	0	0	0	3			^Neck explodes outward and severs spine, gruesome.
vacuum	neck	8	30		1	0	0	0	0	0	0	0	0	0	3			^Jugular veins erupt in twin fountains.
vacuum	neck	9	40		1	0	0	0	0	0	0	0	0	0	3			^Neck is vaporized by decompression.
vacuum	left_eye	0	0		0	0	0	0	0	0	0	0	0	0	0			^Eye gets a little bloodshot.
vacuum	left_eye	1	1		0	0	0	0	0	0	0	0	0	0	1			^Eye swells under sudden pressure loss.
vacuum	left_eye	2	3		0	1	0	0	0	0	0	0	0	0	1			^Blood vessels in eyes burst.
vacuum	left_eye	3	5		0	3	0	0	0	0	0	0	0	0	2			^Eye swells and bulges as blood vessels burst.
vacuum	left_eye	4	10		0	5	0	0	0	0	0	0	0	0	2			^Eye bursts, .*? howls in pain.
vacuum	left_eye	5	20		0	10	0	0	0	0	0	0	0	0	3			^Decompression ruptures eye.
vacuum	left_eye	6	30		0	12	0	0	0	0	0	0	0	0	3			^Eyes burst followed by a stream of blood and brain, what a mess.
vacuum	left_eye	7	40		1	0	0	0	0	0	0	0	0	0	3	head	3	^Eye erupts, followed by a spurt of blood from the nose.
vacuum	left_eye	8	45		1	0	0	0	0	0	0	0	0	0	3	head	3	^Decompression causes eyes to explode, unfortunately (?:it|they) takes? most of .*? face with it.
vacuum	left_eye	9	50		1	0	0	0	0	0	0	0	0	0	3	head	3	^Eye bursts and decompression takes most of .*? head with it.
vacuum	chest	0	0		0	0	0	0	0	0	0	0	0	0	0			^Attention getter.
vacuum	chest	1	5		0	0	0	0	0	0	0	0	0	0	1			^Chest heaves as air rushes away from it.
vacuum	chest	2	10		0	0	0	0	0	0	0	0	0	0	1			^Ribs crack as chest swells.
vacuum	chest	3	15		0	1	0	0	0	0	0	0	0	0	1			^Chest swells, breaking ribs.
vacuum	chest	4	20		0	3	0	0	0	0	0	0	0	0	2			^Sternum snaps followed by many ribs.
vacuum	chest	5	25		0	5	0	0	0	0	0	0	0	0	2			^Ribs shatter and blood fills lungs.
vacuum	chest	6	30		0	6	0	0	0	0	0	0	0	0	3			^Chest expands and ribs snap, piercing lungs.
vacuum	chest	7	50		0	8	0	0	0	0	0	0	0	0	3			^Ribs shatter outward spraying bone everywhere, exposing a still beating heart.
vacuum	chest	8	60		1	0	0	0	0	0	0	0	0	0	3			^Chest heaves, lungs rupture ruining an otherwise good day.
vacuum	chest	9	70		1	0	0	0	0	0	0	0	0	0	3			^Chest decompresses violently and explodes in a shower of bone and lung.
vacuum	abdomen	1	5		0	0	0	0	0	0	0	0	0	0	1			^Abdomen swells as the air rushes away from it.
vacuum	abdomen	2	10		0	0	0	0	0	0	0	0	0	0	1			^Stomach distends and .*? coughs up blood.
vacuum	abdomen	3	15		0	1	0	0	0	0	0	0	0	0	2			^Abdomen swells, internal organs rupture.
vacuum	abdomen	4	20		0	3	0	0	0	0	0	0	0	0	2			^Abdomen bulges greatly and organs rupture.
vacuum	abdomen	5	25		0	5	0	0	0	0	0	0	0	0	2			^Internal organs strain and burst under decompression.
vacuum	abdomen	6	30		0	6	0	0	0	0	0	0	0	0	3			^Vital organs swell and tear, .*? howls in pain.
vacuum	abdomen	7	50		0	8	0	0	0	0	0	0	0	0	3			^Internal organs rearranged.
vacuum	abdomen	8	60		1	0	0	0	0	0	0	0	0	0	3			^Internal organs erupt outward spraying violently and dies horribly.
vacuum	abdomen	9	70		1	0	0	0	0	0	0	0	0	0	3			^Abdomen erupts, blood and bile splatter everything.
vacuum	back	1	5		0	0	0	0	0	0	0	0	0	0	1			^Back pops as muscles resist the vacuum.
vacuum	back	2	10		0	0	0	0	0	0	0	0	0	0	1			^Back swells and bones crack.
vacuum	back	3	15		0	1	0	0	0	0	0	0	0	0	1			^Back strains under sudden decompression.
vacuum	back	4	20		0	3	0	0	0	0	0	0	0	0	2			^Spine cracks.
vacuum	back	5	25		0	5	0	0	0	0	0	0	0	0	2			^Back snaps as ribs and vertebrae separate.
vacuum	back	6	30		0	6	0	0	0	0	0	0	0	0	3			^Back bones shatter in sudden pressure drop.
vacuum	back	7	50	prone	0	8	0	0	0	0	0	0	0	0	3			^Spine and shoulders snap as they expand outward.
vacuum	back	8	60		1	0	0	0	0	0	0	0	0	0	3	nerves	3	^Spine leaps out and shatters into many small pieces.
vacuum	back	9	70		1	0	0	0	0	0	0	0	0	0	3	nerves	3	^Back erupts in a bloody display of bone and gore.
vacuum	left_arm	0	0		0	0	0	0	0	0	0	0	0	0	1			^Slight tug on the arm.
vacuum	left_arm	1	3		0	0	0	0	0	0	0	0	0	0	1			^Veins in arm stand out briefly.
vacuum	left_arm	2	7		0	0	0	0	0	0	0	0	0	0	1			^Blood vessels in arm burst.
vacuum	left_arm	3	8		0	1	0	0	0	0	0	0	0	0	1			^Decompression causes muscles in arm to crack.
vacuum	left_arm	4	10		0	2	0	0	0	0	0	0	0	0	2			^Elbow shatters under sudden decompression.
vacuum	left_arm	5	20		0	3	0	0	0	0	0	0	0	0	2			^Bones in arm crack and blood vessels burst.
vacuum	left_arm	6	20		0	5	0	0	0	0	0	0	0	0	2			^Upper and lower arm shatter as they decompress.
vacuum	left_arm	7	25		0	6	1	0	0	0	0	0	0	0	3			^Bones in left arm shatter violently leaving behind a bloody stump.
vacuum	left_arm	8	35		0	8	1	0	0	0	0	0	0	0	3			^(?:Left|Shield) arm explodes at the shoulder.
vacuum	left_arm	9	40		0	10	1	0	0	0	0	0	0	0	3			^(?:Left|Shield) arm explodes into thousands of pieces.
vacuum	right_arm	7	25		0	6	1	0	0	0	0	0	0	0	3			^Bones in right arm shatter violently leaving behind a bloody stump.
vacuum	right_arm	8	35		0	8	1	0	0	0	0	0	0	0	3			^(?:Right|Weapon) arm explodes at the shoulder.
vacuum	right_arm	9	40		0	10	1	0	0	0	0	0	0	0	3			^(?:Right|Weapon) arm explodes into thousands of pieces.
vacuum	left_hand	0	0		0	0	0	0	0	0	0	0	0	0	0			^Fingernail cracks.
vacuum	left_hand	1	1		0	0	0	0	0	0	0	0	0	0	1			^Fingernail explodes.
vacuum	left_hand	2	3		0	0	0	0	0	0	0	0	0	0	1			^Knuckles pop and bleed.
vacuum	left_hand	3	5		0	1	0	0	0	0	0	0	0	0	1			^Veins in hand burst.
vacuum	left_hand	4	7		0	1	0	0	0	0	0	0	0	0	2			^Fingernails burst and blood sprays out.
vacuum	left_hand	5	8		0	2	0	0	0	0	0	0	0	0	2			^Knuckles in hand erupt, blood flows freely.
vacuum	left_hand	6	10		0	3	0	0	0	0	0	0	0	0	2			^Fingers and hand erupt bloodily.
vacuum	left_hand	7	15		0	4	1	0	0	0	0	0	0	0	3			^Bones in left hand shatter violently leaving behind a bloody stump.
vacuum	left_hand	8	25		0	5	1	0	0	0	0	0	0	0	3			^Left hand explodes at the wrist.
vacuum	left_hand	9	40		0	7	1	0	0	0	0	0	0	0	3			^Left hand explodes into thousands of pieces.
vacuum	right_hand	7	15		0	4	1	0	0	0	0	0	0	0	3			^Bones in right hand shatter violently leaving behind a bloody stump.
vacuum	right_hand	8	25		0	5	1	0	0	0	0	0	0	0	3			^Right hand explodes at the wrist.
vacuum	right_hand	9	40		0	7	1	0	0	0	0	0	0	0	3			^Right hand explodes into thousands of pieces.
vacuum	left_leg	0	0		0	0	0	0	0	0	0	0	0	0	0			^Slight tug on the leg.
vacuum	left_leg	1	5		0	0	0	0	0	0	0	0	0	0	1			^Legs wobble slightly.
vacuum	left_leg	2	10		0	0	0	0	0	0	0	0	0	0	1			^Blood vessels in leg burst.
vacuum	left_leg	3	15		0	1	0	0	0	0	0	0	0	0	1			^Decompression causes muscles in leg to snap.
vacuum	left_leg	4	17	prone	0	3	0	0	0	0	0	0	0	0	2			^Knee shatters under sudden decompression.
vacuum	left_leg	5	20	prone	0	5	0	0	0	0	0	0	0	0	2			^Bones in leg crack and blood vessels burst.
vacuum	left_leg	6	25	prone	0	6	0	0	0	0	0	0	0	0	2			^Upper and lower leg shatter as they decompress.
vacuum	left_leg	7	30	prone	0	8	1	0	0	0	0	0	0	0	3			^Bones in left leg shatter violently leaving behind a bloody stump.
vacuum	left_leg	8	40	prone	0	10	1	0	0	0	0	0	0	0	3			^Left leg explodes at the hip.
vacuum	left_leg	9	45	prone	0	12	1	0	0	0	0	0	0	0	3			^Left leg explodes into thousands of pieces.
vacuum	right_leg	7	30	prone	0	8	1	0	0	0	0	0	0	0	3			^Bones in right leg shatter violently leaving behind a bloody stump.
vacuum	right_leg	8	40	prone	0	10	1	0	0	0	0	0	0	0	3			^Right leg explodes at the hip.
vacuum	right_leg	9	45	prone	0	12	1	0	0	0	0	0	0	0	3			^Right leg explodes into thousands of pieces.
